sl_no,project_name,agency,project_code,state,ministry,sector,approval_mm_yyyy,doc_original,doc_revised,cost_original_cr,cost_revised_cr,expenditure_cr,physical_progress_pct,report_period,cost_overrun_pct,time_overrun_months,planned_duration_months
1,"Construction of New Domestic Terminal Building Building and miscellaneous works including maintenance, operations and AICMC at Kadapa Airport",Airport Authority of India [AAI],612786,Andhra Pradesh,Ministry of Civil Aviation,Aviation & Aviation Infrastructure,03/2023,01/2026,07/2026,265.91,265.91,153.62,75.0,2026-06,0.0,6.0,34
2,Construction of New Integrated Terminal Building and associated works including apron to park 3 code E type of aircraft or 6 code C type of aircraft at Vijayawada Airport.,Airport Authority of India [AAI],701107,Andhra Pradesh,Ministry of Civil Aviation,Aviation & Aviation Infrastructure,06/2020,09/2022,10/2026,611.8,611.8,527.74,88.25,2026-06,0.0,49.0,27
3,Construction of New Domestic Terminal Building at Rajahmundry Airport.,Airport Authority of India [AAI],701121,Andhra Pradesh,Ministry of Civil Aviation,Aviation & Aviation Infrastructure,12/2022,08/2025,06/2026,347.15,347.15,189.48,94.5,2026-06,0.0,10.0,32
4,Guwahati Airport New Integrated Terminal Building Construction Project,Adani Airport Holdings Limited,706724,Assam,Ministry of Civil Aviation,Aviation & Aviation Infrastructure,12/2016,03/2025,06/2026,1712.0,2520.0,2660.15,99.3,2026-06,47.1963,15.0,99
5,Development of New Civil Enclave at Bihta,Airport Authority of India [AAI],612183,Bihar,Ministry of Civil Aviation,Aviation & Aviation Infrastructure,08/2024,03/2027,-,1413.0,1413.0,9.56,2.86,2026-06,0.0,,31
6,Development of New Civil Enclave and associated works at Darbhanga Airport,Airport Authority of India [AAI],612194,Bihar,Ministry of Civil Aviation,Aviation & Aviation Infrastructure,07/2024,07/2026,11/2026,911.66,911.66,400.62,69.8,2026-06,0.0,4.0,24
7,"Construction of New Domestic Terminal Building [Phase-I and II] and other allied structures at JPNI Airport, Patna",Airport Authority of India [AAI],701101,Bihar,Ministry of Civil Aviation,Aviation & Aviation Infrastructure,10/2018,05/2026,08/2026,1216.9,1216.9,1202.07,99.19,2026-06,0.0,3.0,91
8,Development of Keshod Airport.,Airport Authority of India [AAI],619054,Gujarat,Ministry of Civil Aviation,Aviation & Aviation Infrastructure,01/2024,01/2027,-,363.1,363.1,102.3,41.5,2026-06,0.0,,36
9,"Development of Dholera International Greenfield Airport , Gujarat",Airport Authority of India [AAI],701126,Gujarat,Ministry of Civil Aviation,Aviation & Aviation Infrastructure,06/2022,06/2026,06/2026,1305.0,1551.0,949.24,87.0,2026-06,18.8506,0.0,48
10,"Construction of NTB complex including apron, taxi track and other associated civil works and electrical & mechanical installations towards Tawi River side at CA Jammu. (Airport Authority of India [AAI]) (611047) (-) (-) Jammu and Kashmir 10/2023 (12/2023) 06/2026 (11/2026) 861.37 (861.37) 353.54 55.35 11 Construction of New Domestic Terminal Building and Miscellaneous works at Hubli Airport",Airport Authority of India [AAI],612787,Karnataka,Ministry of Civil Aviation,Aviation & Aviation Infrastructure,06/2023,01/2026,06/2026,320.47,320.47,160.21,85.0,2026-06,0.0,5.0,31
12,Construction of New Domestic Terminal Building and Miscellaneous Works at Belagavi Airport.,Airport Authority of India [AAI],612788,Karnataka,Ministry of Civil Aviation,Aviation & Aviation Infrastructure,06/2023,02/2026,06/2026,322.45,322.45,220.72,95.0,2026-06,0.0,4.0,32
13,"Development of additional RESA on either end on Runway 10-28 at Calicut Airport. Construction of embankment with slope protection, drainage system and associated works for additional RESA on either end on Runway 10-28",Airport Authority of India [AAI],612789,Kerala,Ministry of Civil Aviation,Aviation & Aviation Infrastructure,06/2023,09/2025,12/2026,484.57,484.57,227.5,64.5,2026-06,0.0,15.0,27
14,"Construction of Terminal Building & Associated works at Leh Airport, Ladakh",Airport Authority of India [AAI],400010,Ladakh,Ministry of Civil Aviation,Aviation & Aviation Infrastructure,07/2018,09/2021,07/2026,480.0,640.0,509.41,83.4,2026-06,33.3333,58.0,38
15,C/o NITB Imphal Airport,Airport Authority of India [AAI],706718,Manipur,Ministry of Civil Aviation,Aviation & Aviation Infrastructure,11/2021,07/2024,12/2026,499.0,499.0,206.83,52.64,2026-06,0.0,29.0,32
16,"SITC of ATM Automation System and ASMGCS [Including SMR & MLAT] for Mumbai, Navi Mumbai, Jewar [earlier MOPA, without ASMGCS], HIAL & BIAL (Airport Authority of India [AAI]) (611570) (-) (-) Multi-States (Karnataka, Maharashtra, Telangana, Uttar Pradesh) 12/2020 (10/2022) 09/2025 (08/2026) 500.48 (500.48) 398.75 80 17 Development of New Greenfield Airport at Bundi, Kota Rajasthan.",Airport Authority of India [AAI],618977,Rajasthan,Ministry of Civil Aviation,Aviation & Aviation Infrastructure,08/2025,10/2027,11/2027,1507.0,1507.0,71.13,13.3,2026-06,0.0,1.0,26
18,Construction of New Passenger Terminal Building for Domestic Operations at Jodhpur Airport.,Airport Authority of India [AAI],701127,Rajasthan,Ministry of Civil Aviation,Aviation & Aviation Infrastructure,06/2022,03/2026,06/2026,480.0,480.0,348.01,100.0,2026-06,0.0,3.0,45
19,Construction of New Integrated Passenger Terminal Building at Udaipur Airport,Airport Authority of India [AAI],701128,Rajasthan,Ministry of Civil Aviation,Aviation & Aviation Infrastructure,06/2023,03/2026,09/2026,887.0,887.0,565.41,74.71,2026-06,0.0,6.0,33
20,"Widening of basic strip at Western Side of Runway Chainage 80m to 920m i/c slope stabilization Measures [Balance work] of uphill and Improvement of Storm Water Drainage System at Pakyong Airport, Sikkim on design & build basis [EPC] with integrated 10 years maintenance.",Airport Authority of India [AAI],612793,Sikkim,Ministry of Civil Aviation,Aviation & Aviation Infrastructure,11/2023,06/2026,06/2027,323.26,323.26,87.6,36.12,2026-06,0.0,12.0,31
21,"Modernization of Chennai Airport, Phase II, Part 2",Airport Authority of India [AAI],611602,Tamil Nadu,Ministry of Civil Aviation,Aviation & Aviation Infrastructure,05/2018,07/2025,12/2026,1207.0,1207.0,314.15,43.5,2026-06,0.0,17.0,86
22,"Development of Lal Bahadur Shastri International airport, Varanasi including C/o New Terminal Building, Apron Extension, Runway Extension, PTT and allied works.",Airport Authority of India [AAI],701113,Uttar Pradesh,Ministry of Civil Aviation,Aviation & Aviation Infrastructure,07/2024,07/2027,07/2027,2869.65,2869.65,677.21,31.0,2026-06,0.0,0.0,36
23,Development of New Integrated Civil Enclave at Agra Airport,Airport Authority of India [AAI],701122,Uttar Pradesh,Ministry of Civil Aviation,Aviation & Aviation Infrastructure,06/2024,07/2026,11/2026,579.0,579.0,217.42,43.22,2026-06,0.0,4.0,25
24,Development of New Civil Enclave at Bagdogra Airport,Airport Authority of India [AAI],611495,West Bengal,Ministry of Civil Aviation,Aviation & Aviation Infrastructure,08/2024,03/2027,03/2027,1549.0,1549.0,507.8,39.68,2026-06,0.0,0.0,31
25,"Re-Construction of Rigid portions of Secondary Runway, K and A Taxiway and Strengthening of C Taxiway at NSCBI Airport Kolkata.",Airport Authority of India [AAI],612791,West Bengal,Ministry of Civil Aviation,Aviation & Aviation Infrastructure,03/2023,10/2025,08/2026,328.3,328.3,148.75,71.4,2026-06,0.0,10.0,31
26,TIKAK EXTENSION OCP,INVALID CO.,615820,Assam,Ministry of Coal,Coal,07/2022,07/2031,-,159.77,159.77,112.8,89.73,2026-06,0.0,,108
27,TIRAP OCP,INVALID CO.,615821,Assam,Ministry of Coal,Coal,11/2022,11/2030,-,289.46,289.46,105.66,5.26,2026-06,0.0,,96
28,PORDA CHIMTAPANI OCP [10 MTY],South Eastern Coalfields Limited [SECL],400144,Chhattisgarh,Ministry of Coal,Coal,12/2020,03/2029,-,2310.12,2310.12,117.37,11.81,2026-06,0.0,,99
29,BAROUD OC EXPANSION [3.0-10.0M,South Eastern Coalfields Limited [SECL],400149,Chhattisgarh,Ministry of Coal,Coal,08/2020,03/2029,-,2309.8,2309.8,1007.09,55.95,2026-06,0.0,,103
30,DIPKA EXPANSION OCP [40 MTY],South Eastern Coalfields Limited [SECL],400354,Chhattisgarh,Ministry of Coal,Coal,12/2020,03/2029,-,5241.4,5241.4,2939.33,39.34,2026-06,0.0,,99
31,GEVRA OC [70 MTY],SECL - CIL,400424,Chhattisgarh,Ministry of Coal,Coal,03/2016,03/2023,03/2027,11816.4,11816.4,6960.23,78.48,2026-06,0.0,48.0,84
32,AMERA OC RCE [1.0 MTY],SECL - CIL,613798,Chhattisgarh,Ministry of Coal,Coal,02/2015,03/2026,-,335.97,335.97,91.76,42.47,2026-06,0.0,,133
33,AMGAON OC RCE [1.0 MTY],SECL - CIL,613799,Chhattisgarh,Ministry of Coal,Coal,07/2015,03/2026,-,316.11,316.11,192.9,78.86,2026-06,0.0,,128
34,JAGANNATHPUR OC RCE PROJECT,SECL - CIL,613800,Chhattisgarh,Ministry of Coal,Coal,07/2016,03/2025,03/2027,459.49,459.49,278.71,96.15,2026-06,0.0,24.0,104
35,MAHAMAYA OCP [1.50 MTY],SECL - CIL,613801,Chhattisgarh,Ministry of Coal,Coal,05/2018,03/2026,03/2028,410.26,410.26,188.6,54.6,2026-06,0.0,24.0,94
36,KATKONA RO UG MINE,SECL - CIL,615191,Chhattisgarh,Ministry of Coal,Coal,01/2023,03/2029,-,329.21,329.21,62.01,2.01,2026-06,0.0,,74
37,PELMA OC MDO,SECL - CIL,616234,Chhattisgarh,Ministry of Coal,Coal,10/2022,03/2033,-,1725.04,1725.04,16.71,40.34,2026-06,0.0,,125
38,KUSMUNDA OC EXPANSION PROJECT,SECL - CIL,617287,Chhattisgarh,Ministry of Coal,Coal,11/2024,03/2030,-,4516.88,4516.88,837.14,23.75,2026-06,0.0,,64
39,MANIKPUR OC EXPANSION PROJECT,SECL - CIL,617288,Chhattisgarh,Ministry of Coal,Coal,01/2025,03/2029,-,382.61,382.61,138.83,21.29,2026-06,0.0,,50
40,RPR FOR DURGAPUR OCP 10 MTY,SECL - CIL,619171,Chhattisgarh,Ministry of Coal,Coal,09/2025,03/2032,-,2415.91,2415.91,2.35,0.01,2026-06,0.0,,78
41,MADANNAGAR OCP 12 MTY - MDO,SECL - CIL,619172,Chhattisgarh,Ministry of Coal,Coal,12/2024,03/2033,-,1859.19,1859.19,0.45,0.0,2026-06,0.0,,99
42,HURA C OCP,ECL - CIL,400018,Jharkhand,Ministry of Coal,Coal,08/2022,03/2029,-,859.41,859.41,455.95,63.3,2026-06,0.0,,79
43,KONAR EXPANSION OCP,CCL - CIL,400073,Jharkhand,Ministry of Coal,Coal,01/2022,03/2032,-,674.65,674.65,172.3,50.78,2026-06,0.0,,122
44,KARO EXPANSION OCP,CCL - CIL,400074,Jharkhand,Ministry of Coal,Coal,01/2022,03/2029,-,849.31,849.31,208.28,23.28,2026-06,0.0,,86
45,SANGHMITRA OC,CCL - CIL,400136,Jharkhand,Ministry of Coal,Coal,03/2024,03/2032,-,2660.0,2660.0,17.4,16.77,2026-06,0.0,,96
46,CHANDRAGUPT OCP,CCL - CIL,400138,Jharkhand,Ministry of Coal,Coal,08/2020,03/2032,-,973.5,973.5,772.12,25.11,2026-06,0.0,,139
47,KOTRE BASANTPUR PACHMO OCP,Ministry of Coal,400139,Jharkhand,Ministry of Coal,Coal,08/2020,03/2032,-,861.06,625.4,456.48,45.78,2026-06,-27.3686,,139
48,Pachwara South Coal Block,NLC India Limited,400142,Jharkhand,Ministry of Coal,Coal,03/2016,09/2028,-,2242.9,2242.9,1422.51,87.0,2026-06,0.0,,150
49,RPR MAGADH EXP OCP,Ministry of Coal,400150,Jharkhand,Ministry of Coal,Coal,08/2020,03/2028,-,6964.33,6964.33,2298.45,39.42,2026-06,0.0,,91
50,NORTH URIMARI EXPANSION OCP,Ministry of Coal,400151,Jharkhand,Ministry of Coal,Coal,07/2021,03/2029,-,634.3,634.3,598.32,68.9,2026-06,0.0,,92
51,EPR ROHINI - KARKETTA OCP,Ministry of Coal,400153,Jharkhand,Ministry of Coal,Coal,01/2021,03/2028,-,995.57,995.57,85.34,24.02,2026-06,0.0,,86
52,EPR PUNDI OCP,Ministry of Coal,400154,Jharkhand,Ministry of Coal,Coal,11/2020,03/2027,-,639.6,639.6,236.58,11.24,2026-06,0.0,,76
53,EPR ASHOK OC,Ministry of Coal,400155,Jharkhand,Ministry of Coal,Coal,05/2021,03/2031,-,2821.07,2821.07,186.02,27.74,2026-06,0.0,,118
54,EPR AMRAPALI OCP,CCL - CIL,400156,Jharkhand,Ministry of Coal,Coal,02/2020,03/2028,-,4983.57,4983.57,1811.77,43.69,2026-06,0.0,,97
55,RAJRAPPA RCE OCP,CCL - CIL,400160,Jharkhand,Ministry of Coal,Coal,12/2009,03/2016,03/2027,510.85,510.85,489.2,75.61,2026-06,0.0,132.0,75
56,CHITRA EAST OC,ECL - CIL,400172,Jharkhand,Ministry of Coal,Coal,08/2018,03/2026,03/2028,513.99,513.99,274.28,53.03,2026-06,0.0,24.0,91
57,JHARKHAND-LAIYO OCP,Ministry of Coal,400352,Jharkhand,Ministry of Coal,Coal,08/2020,03/2031,-,654.87,654.87,0.43,32.45,2026-06,0.0,,127
58,MOONIDIH XV SEAM UG,BCCL - CIL,400425,Jharkhand,Ministry of Coal,Coal,08/2011,03/2019,09/2026,1230.27,1230.27,796.31,84.02,2026-06,0.0,90.0,91
59,AMALAGAMATED NTST KUJAMA OCP 8.5MTY (Bharat Coking Coal Limited (BCCL)) (611864) (-) (-) Jharkhand 01/2023 (01/2023) 03/2030 (-) 4011.85 (4011.85) 414.97 30.92 60 MURAIDIH UG PROJECT,BCCL - CIL,613808,Jharkhand,Ministry of Coal,Coal,02/2011,04/2014,12/2026,339.87,339.87,191.14,70.47,2026-06,0.0,152.0,38
61,TAPIN SOUTH EXPN,CCL - CIL,615349,Jharkhand,Ministry of Coal,Coal,11/2020,03/2028,-,230.41,230.41,40.02,23.67,2026-06,0.0,,88
62,SIRKA OC,CCL - CIL,615822,Jharkhand,Ministry of Coal,Coal,05/2020,03/2028,-,222.82,222.82,280.03,56.47,2026-06,0.0,,94
63,TETARIAKHAR OC,CCL - CIL,615843,Jharkhand,Ministry of Coal,Coal,11/2019,03/2025,03/2027,243.52,243.52,50.82,30.06,2026-06,0.0,24.0,64
64,CHUPERBHITA SIMLONG OCP MDO 6,ECL - CIL,616225,Jharkhand,Ministry of Coal,Coal,12/2023,03/2037,-,979.08,979.08,0.0,0.05,2026-06,0.0,,159
65,JARANGDIH EXPN. OCP 1.5 MTY,CCL - CIL,616236,Jharkhand,Ministry of Coal,Coal,02/2020,03/2029,-,414.37,414.37,85.6,32.83,2026-06,0.0,,109
66,BLOCK E OCP,BCCL - CIL,616253,Jharkhand,Ministry of Coal,Coal,03/2024,03/2029,-,5850.83,5850.83,20.32,4.18,2026-06,0.0,,60
67,"Revised Jharia Master Plan for Dealing with Fire, Subsidence & Rehabilitation of affected families in Jharia Coalfield- Reg.",Bharat Coking Coal Limited [BCCL],617416,Jharkhand,Ministry of Coal,Coal,06/2025,12/2028,-,5940.47,5940.47,327.78,31.0,2026-06,0.0,,42
68,North Dhadu Western Part OCP,NLC India Limited [NLCIL],617764,Jharkhand,Ministry of Coal,Coal,10/2023,03/2029,-,1354.2,1354.2,228.36,40.0,2026-06,0.0,,65
69,AMADAND OCP[4.0MTY],SECL - CIL,400148,Madhya Pradesh,Ministry of Coal,Coal,03/2016,03/2021,03/2027,869.44,869.44,324.92,75.15,2026-06,0.0,72.0,60
70,BLOCK B EXPANSION [3.5 TO 8.0,NCL - CIL,400162,Madhya Pradesh,Ministry of Coal,Coal,07/2019,03/2023,03/2027,998.71,998.71,684.46,51.08,2026-06,0.0,48.0,44
71,NIGAHI EXPANSION [15 TO 25 MTP,NCL - CIL,400321,Madhya Pradesh,Ministry of Coal,Coal,11/2020,03/2025,03/2028,1729.68,1729.68,968.37,53.73,2026-06,0.0,36.0,52
72,KANCHAN OC EXP,SECL - CIL,613802,Madhya Pradesh,Ministry of Coal,Coal,12/2014,03/2026,03/2028,371.04,371.04,150.83,58.2,2026-06,0.0,24.0,135
73,JHIRIA WEST OCP [1.5 MTY],SECL - CIL,613803,Madhya Pradesh,Ministry of Coal,Coal,01/2024,03/2029,-,366.94,366.94,36.68,41.29,2026-06,0.0,,62
74,RPR TAWA-III UG 0.84 MTY,WCL - CIL,613804,Madhya Pradesh,Ministry of Coal,Coal,12/2021,03/2027,-,314.09,314.09,17.9,17.78,2026-06,0.0,,63
75,AMALGAMATED DHANKASA & JAMUNIA,WCL - CIL,615185,Madhya Pradesh,Ministry of Coal,Coal,09/2022,03/2027,-,399.2,399.2,117.0,67.13,2026-06,0.0,,54
76,RPR OF VISHNUPURI UG TO OC,WCL - CIL,615187,Madhya Pradesh,Ministry of Coal,Coal,11/2022,03/2029,-,220.62,220.62,0.0,11.2,2026-06,0.0,,76
77,URDHAN EXPANSION OC COST PLUS,WCL - CIL,615194,Madhya Pradesh,Ministry of Coal,Coal,07/2022,03/2031,-,206.88,206.88,50.69,2.02,2026-06,0.0,,104
78,SHARDA UG MINE,WCL - CIL,615195,Madhya Pradesh,Ministry of Coal,Coal,07/2022,03/2028,-,166.25,166.25,5.93,9.39,2026-06,0.0,,68
79,GANDHIGRAM UG MINE,WCL - CIL,615206,Madhya Pradesh,Ministry of Coal,Coal,08/2019,03/2026,03/2027,414.15,414.15,22.16,56.88,2026-06,0.0,12.0,79
80,JAYANT EXPN. [20 TO 38 MTPA],NCL - CIL,619032,Madhya Pradesh,Ministry of Coal,Coal,02/2025,03/2032,-,25560.48,25560.5,256.7,2.02,2026-06,0.0001,,85
81,RPR FOR RAMPUR BATURA OCP,SECL - CIL,619053,Madhya Pradesh,Ministry of Coal,Coal,05/2025,03/2030,-,1604.69,1604.69,75.23,0.3,2026-06,0.0,,58
82,BHATADI EXPANSION OC,WCL - CIL,400033,Maharashtra,Ministry of Coal,Coal,02/2020,03/2028,-,580.61,580.61,112.17,33.91,2026-06,0.0,,97
83,AMALGAMATED YEKONA I & YEKONA,WCL - CIL,400177,Maharashtra,Ministry of Coal,Coal,08/2015,03/2025,03/2027,727.28,727.28,564.25,80.77,2026-06,0.0,24.0,115
84,DINESH[MAKARDHOKRA-III] OC,WCL - CIL,400178,Maharashtra,Ministry of Coal,Coal,02/2020,03/2027,-,822.88,822.88,791.48,40.63,2026-06,0.0,,85
85,DHUPTALA OC [SASTI UG TO OC ],WCL - CIL,400353,Maharashtra,Ministry of Coal,Coal,02/2019,03/2028,-,711.01,711.01,174.66,19.02,2026-06,0.0,,109
86,SAONER UG MINE -1 EXPANSION 1.,WCL - CIL,615184,Maharashtra,Ministry of Coal,Coal,01/2022,03/2028,-,228.64,228.64,157.02,69.33,2026-06,0.0,,74
87,SASTI EXPANSION OPENCAST,WCL - CIL,615186,Maharashtra,Ministry of Coal,Coal,08/2020,03/2026,03/2027,319.04,319.04,153.78,32.21,2026-06,0.0,12.0,67
88,NEW MAJRI UG TO OC 3 MTY COST,WCL - CIL,615188,Maharashtra,Ministry of Coal,Coal,05/2019,03/2027,-,402.27,402.27,67.81,24.17,2026-06,0.0,,94
89,MAKARDHOKRA EXPN OC 4.9 MTY,WCL - CIL,615189,Maharashtra,Ministry of Coal,Coal,06/2022,03/2026,03/2027,361.87,361.87,104.17,12.2,2026-06,0.0,12.0,45
90,SINGHORI DEEP OC MIN 2.0 MTY,WCL - CIL,615190,Maharashtra,Ministry of Coal,Coal,05/2022,03/2029,-,335.75,335.75,53.34,9.64,2026-06,0.0,,82
91,GOKUL EXTENSION OC MINE,WCL - CIL,615192,Maharashtra,Ministry of Coal,Coal,04/2021,03/2026,03/2027,309.58,309.58,62.31,8.44,2026-06,0.0,12.0,59
92,KOLGAON EXPANSION DEEP OC MINE,WCL - CIL,615199,Maharashtra,Ministry of Coal,Coal,01/2023,03/2027,-,198.71,198.71,25.08,2.82,2026-06,0.0,,50
93,BALLARPUR NORTH WEST OC MINE,WCL - CIL,615330,Maharashtra,Ministry of Coal,Coal,12/2022,03/2029,-,360.81,360.81,26.97,5.35,2026-06,0.0,,75
94,GADEGAON OC 3 MTY,WCL - CIL,615331,Maharashtra,Ministry of Coal,Coal,10/2023,03/2030,-,497.41,497.41,86.72,2.19,2026-06,0.0,,77
95,GHONSA EXPANSION DEEP OC MINE,WCL - CIL,615914,Maharashtra,Ministry of Coal,Coal,03/2021,03/2029,-,184.71,184.71,15.72,12.98,2026-06,0.0,,96
96,AMLG GAURI PAUNI EXPANSION OC,WCL - CIL,615916,Maharashtra,Ministry of Coal,Coal,04/2024,03/2030,-,1225.21,1225.21,91.83,4.21,2026-06,0.0,,71
97,GAURIDEEP/GAURI CENTRAL OCP 7.,WCL - CIL,615917,Maharashtra,Ministry of Coal,Coal,08/2023,03/2030,-,973.07,973.07,1.55,2.31,2026-06,0.0,,79
98,RPR OF BHANEGAON OC,WCL - CIL,615918,Maharashtra,Ministry of Coal,Coal,02/2017,03/2028,-,405.2,405.2,43.1,16.06,2026-06,0.0,,133
99,N. EXTN. MUNGOLI NIRGUDA D OCP,WCL - CIL,615919,Maharashtra,Ministry of Coal,Coal,06/2024,03/2029,-,1024.91,1024.91,218.36,27.92,2026-06,0.0,,57
100,NILJAI EXPANSION DEEP OCP,WCL - CIL,615982,Maharashtra,Ministry of Coal,Coal,08/2016,03/2022,03/2027,319.75,319.75,196.82,79.83,2026-06,0.0,60.0,67
101,UKNI DEEP OC MINE -COST PLUS,WCL - CIL,616044,Maharashtra,Ministry of Coal,Coal,11/2018,03/2021,03/2027,237.06,237.06,168.2,94.57,2026-06,0.0,72.0,28
102,AMALGAMATED INDER-KAMPTEE DEEP,WCL - CIL,616050,Maharashtra,Ministry of Coal,Coal,09/2018,03/2024,03/2027,235.9,235.9,128.23,98.97,2026-06,0.0,36.0,66
103,ADASA UG TO OC MINE,WCL - CIL,616223,Maharashtra,Ministry of Coal,Coal,11/2018,03/2024,03/2027,316.0,316.0,209.29,86.49,2026-06,0.0,36.0,64
104,AMAL GONDEGAON GHATROHANA EXPN,WCL - CIL,616229,Maharashtra,Ministry of Coal,Coal,09/2024,03/2029,-,668.54,668.54,2.95,2.55,2026-06,0.0,,54
105,WAGHODA UG MINE [1.02 MTY],WCL - CIL,617233,Maharashtra,Ministry of Coal,Coal,01/2024,03/2030,-,379.3,379.3,0.0,0.11,2026-06,0.0,,74
106,KOLARPIMPRI EXPANSION OC [2.5,WCL - CIL,617278,Maharashtra,Ministry of Coal,Coal,06/2024,03/2030,-,630.37,630.37,0.61,0.4,2026-06,0.0,,69
107,SAONER-III EXPN UG MINE 1.54,WCL - CIL,619055,Maharashtra,Ministry of Coal,Coal,08/2025,03/2032,-,444.42,444.42,0.0,0.0,2026-06,0.0,,79
109,"KHADIA EXPANSION [10 TO 16 MTP (NCL - CIL) (615183) (-) (-) Multi-States (Madhya Pradesh, Uttar Pradesh) 06/2021 (06/2021) 03/2025 (03/2027) 491.67 (491.67) 379.69 57.12 110 SUBHADRA OCP",Mahanadi Coalfields Limited [MCL],400165,Odisha,Ministry of Coal,Coal,05/2021,04/2032,-,1693.81,1693.81,1331.36,46.27,2026-06,0.0,,131
111,SIARMAL OCP,Mahanadi Coalfields Limited [MCL],400166,Odisha,Ministry of Coal,Coal,02/2021,03/2029,-,5194.95,5194.95,3491.08,60.66,2026-06,0.0,,97
112,BALARAM EXPANSION OCP,Mahanadi Coalfields Limited [MCL],400183,Odisha,Ministry of Coal,Coal,08/2020,03/2029,-,3504.21,3504.21,961.2,58.23,2026-06,0.0,,103
113,GOPALJI KANIHA OCP [10 TO 30 M,MCL - CIL,400185,Odisha,Ministry of Coal,Coal,04/2022,03/2030,-,8416.19,6107.87,1776.83,35.69,2026-06,-27.4271,,95
114,INTEGRATED LAKHANPUR-BELPAHAR-,Mahanadi Coalfields Limited [MCL],400187,Odisha,Ministry of Coal,Coal,05/2018,03/2027,-,2434.75,2434.75,2030.9,82.5,2026-06,0.0,,106
115,BHARATPUR RE-ORGANIZATION OCP,Mahanadi Coalfields Limited [MCL],400392,Odisha,Ministry of Coal,Coal,11/2018,03/2029,-,2838.86,2838.86,1713.38,53.04,2026-06,0.0,,124
116,Naini Coal Mine,Singareni Collieries Company Limited [SCCL],615857,Odisha,Ministry of Coal,Coal,03/2020,03/2026,-,494.3,494.3,491.33,80.0,2026-06,0.0,,72
117,INTEGRATED KULDA GARJANBAHAL O,MCL - CIL,616226,Odisha,Ministry of Coal,Coal,04/2023,03/2033,-,3563.5,3563.5,652.7,10.24,2026-06,0.0,,119
118,BHUBANESWARI EXPN OCP 50 MTY,MCL - CIL,616231,Odisha,Ministry of Coal,Coal,03/2024,03/2033,-,5366.27,5366.27,477.43,33.96,2026-06,0.0,,108
119,HINGULA II OC EXPN PH III 15 M,MCL - CIL,616232,Odisha,Ministry of Coal,Coal,11/2022,03/2029,-,1561.85,1561.85,279.32,31.05,2026-06,0.0,,76
120,BALABHADRA OCP,MCL - CIL,616233,Odisha,Ministry of Coal,Coal,04/2023,03/2030,-,978.44,978.44,251.55,18.21,2026-06,0.0,,83
121,Talabira II & III OCP - FMC,NLC India Limited [NLCIL],618982,Odisha,Ministry of Coal,Coal,10/2022,06/2026,12/2026,522.45,522.45,324.74,73.65,2026-06,0.0,6.0,44
122,Jawahar Khani Open Cast Mine,Singareni Collieries Company Limited [SCCL],615818,Telangana,Ministry of Coal,Coal,12/2021,03/2025,03/2027,297.88,297.88,50.39,20.0,2026-06,0.0,24.0,39
123,Kalyanikhani Opencast Project,Singareni Collieries Company Limited [SCCL],615858,Telangana,Ministry of Coal,Coal,03/2016,03/2026,-,384.32,384.32,301.56,76.0,2026-06,0.0,,120
124,Godavarikhani Coal Mine - 5,Singareni Collieries Company Limited [SCCL],615860,Telangana,Ministry of Coal,Coal,07/2019,03/2025,03/2026,607.04,607.04,200.83,71.0,2026-06,0.0,12.0,68
125,Indaram Opencast Project,Singareni Collieries Company Limited [SCCL],615861,Telangana,Ministry of Coal,Coal,08/2017,03/2025,03/2026,424.81,424.81,408.29,81.0,2026-06,0.0,12.0,91
126,Goleti Opencast Mine,Singareni Collieries Company Limited [SCCL],615862,Telangana,Ministry of Coal,Coal,07/2021,03/2026,-,345.6,345.6,111.94,33.0,2026-06,0.0,,56
127,Venkatesh Khani Coal Mine,Singareni Collieries Company Limited [SCCL],615863,Telangana,Ministry of Coal,Coal,10/2020,03/2026,-,484.5,484.5,477.14,97.0,2026-06,0.0,,65
128,Kakatiyakhani OC - 2 Project,Singareni Collieries Company Limited [SCCL],615865,Telangana,Ministry of Coal,Coal,08/2017,03/2025,03/2026,442.42,442.42,253.39,63.0,2026-06,0.0,12.0,91
129,MOHANPUR EXPANSION OC -PHASE I,ECL - CIL,400173,West Bengal,Ministry of Coal,Coal,11/2020,03/2026,03/2030,888.99,888.99,143.29,31.52,2026-06,0.0,48.0,64
130,BONJEMEHARI EXPANSION OCP,Eastern Coal Fields Limited [ECL],400180,West Bengal,Ministry of Coal,Coal,08/2021,03/2026,03/2030,570.11,570.11,88.96,17.13,2026-06,0.0,48.0,55
131,NAKRAKONDA KUMARDIH- B OCP,ECL - CIL,400181,West Bengal,Ministry of Coal,Coal,08/2018,03/2029,-,502.68,502.67,88.9,28.58,2026-06,-0.002,,127
132,TILABONI UG,ECL - CIL,400186,West Bengal,Ministry of Coal,Coal,01/2023,03/2029,-,749.08,749.07,53.97,12.14,2026-06,-0.0013,,74
133,JHANJRA EXPANSION UG,Eastern Coal Fields Limited [ECL],400312,West Bengal,Ministry of Coal,Coal,04/2020,03/2029,-,1210.12,1210.12,633.57,52.04,2026-06,0.0,,107
134,SONEPUR BAZARI EXPANSION OCP [,Eastern Coal Fields Limited [ECL],400315,West Bengal,Ministry of Coal,Coal,07/2021,03/2029,-,5365.88,5365.88,628.22,18.5,2026-06,0.0,,92
135,ITAPARA OCP,ECL - CIL,612816,West Bengal,Ministry of Coal,Coal,12/2023,03/2030,-,929.1,929.1,132.43,8.41,2026-06,0.0,,75
136,SHYAMSUNDARPUR UG INCLUDING SA,ECL - CIL,613793,West Bengal,Ministry of Coal,Coal,04/2020,03/2026,03/2028,483.65,483.65,96.8,16.79,2026-06,0.0,24.0,71
137,PARASEA-BELBAID UG PROJECT,ECL - CIL,613794,West Bengal,Ministry of Coal,Coal,01/2023,03/2028,-,389.1,389.1,132.48,22.26,2026-06,0.0,,62
138,PARASCOLE JAMBAD OCP,ECL - CIL,616230,West Bengal,Ministry of Coal,Coal,11/2024,03/2037,-,1193.55,1193.55,11.81,0.23,2026-06,0.0,,148
139,50 MW Wind Power Project,NLC India Limited,617299,Gujarat,Ministry of Coal,Coal,07/2022,06/2025,12/2026,383.84,383.84,328.54,52.0,2026-06,0.0,18.0,35
140,600 MW Khavda Solar Power Project,NLC India Limited [NLCIL],617730,Gujarat,Ministry of Coal,Coal,08/2023,06/2026,12/2026,3335.85,3335.85,2000.62,60.0,2026-06,0.0,6.0,34
141,200 MW SPP part of 510 MW CPSU scheme,NLC India Limited [NLCIL],618991,Gujarat,Ministry of Coal,Coal,07/2022,12/2026,-,1221.41,1221.41,66.07,0.0,2026-06,0.0,,53
142,100 MW SPP part of SECI 150 MW Hybrid,NLC India Limited [NLCIL],618992,Gujarat,Ministry of Coal,Coal,07/2022,12/2026,-,480.68,480.68,2.66,1.2,2026-06,0.0,,53
143,NLC Talabira Thermal Power Project,NLC India Limited,400231,Odisha,Ministry of Coal,Coal,01/2017,03/2030,-,27212.96,27213.0,3518.17,3.54,2026-06,0.0001,,158
144,810 MW Solar Power Project - Rajasthan,NLC India Limited [NLCIL],618981,Rajasthan,Ministry of Coal,Coal,10/2024,03/2028,-,4147.07,4147.07,249.95,0.0,2026-06,0.0,,41
145,Dharamjaigarh-Korba,Railway,400203,Chhattisgarh,Ministry of Coal,Coal,05/2018,12/2026,08/2026,1686.22,2438.53,792.73,43.7,2026-06,44.6152,-4.0,103
146,Shivpur-Kathautia New Rail [BG] Line [49 km] [Package II of Tori-Shivpur-Kathautia line],Ministry of Coal,400416,Jharkhand,Ministry of Coal,Coal,02/2018,06/2025,06/2027,1799.64,2564.34,1713.19,71.0,2026-06,42.4918,24.0,88
147,Tubed Coal Mine,Damodar Valley Corporation,400192,Jharkhand,Ministry of Power,Coal,07/2016,05/2026,05/2026,1581.0,1581.0,616.91,36.5,2026-06,0.0,0.0,118
148,Badam Coal Mining project of NTPC,National Thermal Power Corporation [NTPC],603293,Jharkhand,Ministry of Power,Coal,02/2019,12/2056,04/2027,502.0,784.0,436.5,67.86,2026-06,56.1753,-356.0,454
2083,1053.41 Electricity Generation 149 Dibang Multipurpose Project,National Hydroelectric Power Corporation Limited [NHPC],602182,Arunachal Pradesh,Ministry of Power,Coal,02/2023,02/2032,02/2032,31876.39,31876.4,4749.66,17.78,2026-06,0.0,0.0,108
150,240MW Heo HE Project,North Eastern Electric Power Corporation Limited,611698,Arunachal Pradesh,Ministry of Power,Coal,12/2024,07/2029,-,1938.85,1938.85,105.5,6.33,2026-06,0.0,,55
151,186 MW Tato-I H E Project,North Eastern Electric Power Corporation Limited,611699,Arunachal Pradesh,Ministry of Power,Coal,12/2024,07/2029,-,1750.07,1750.07,78.38,5.1,2026-06,0.0,,55
152,700 MW Tato-II HE Project,North Eastern Electric Power Corporation Limited,611716,Arunachal Pradesh,Ministry of Power,Coal,09/2025,09/2031,-,8146.21,8146.21,253.97,6.54,2026-06,0.0,,72
153,Kalai-II Hydro Electric Project [1200 MW],THDC India Limited,619311,Arunachal Pradesh,Ministry of Power,Coal,04/2026,10/2032,-,14105.83,14105.8,188.62,0.0,2026-06,-0.0002,,78
154,Buxar Thermal Power Project [1320 MW],Satluj Jal Vidyut Nigam [SJVN] Thermal Limited,602579,Bihar,Ministry of Power,Coal,03/2019,01/2024,05/2026,10439.09,13756.6,13606.72,94.94,2026-06,31.7797,28.0,58
155,"Nabinagar Super Thermal Power Project, Stage-II [3x800 MW]",National Thermal Power Corporation [NTPC],619051,Bihar,Ministry of Power,Coal,11/2024,07/2030,09/2030,29948.0,29948.0,3099.94,13.65,2026-06,0.0,2.0,68
156,Lara Super Thermal Power Project Stage-II [2 x 800 MW],National Thermal Power Corporation [NTPC],611930,Chhattisgarh,Ministry of Power,Coal,08/2023,06/2028,11/2028,15530.0,16106.0,5279.03,32.3,2026-06,3.709,5.0,58
157,"Sipat Super Thermal Power Project, Stage-III [1x800 MW]",National Thermal Power Corporation [NTPC],617188,Chhattisgarh,Ministry of Power,Coal,09/2024,09/2029,11/2029,9791.0,9791.0,1795.82,21.3,2026-06,0.0,2.0,60
158,Bagodara Solar Power Project,Satluj Jal Vidyut Nigam [SJVN] Thermal Limited,709747,Gujarat,Ministry of Power,Coal,03/2021,12/2025,12/2025,339.35,339.35,370.0,51.86,2026-06,0.0,0.0,57
159,Dhaulasidh Hydro Electric Project [66 MW],Satluj Jal Vidyut Nigam [SJVN] Thermal Limited,602582,Himachal Pradesh,Ministry of Power,Coal,10/2020,11/2025,03/2027,687.97,1561.21,1159.67,79.59,2026-06,126.93,16.0,61
160,Luhri Stage-I Hydro Electric Project [210 MW],Satluj Jal Vidyut Nigam [SJVN] Thermal Limited,602593,Himachal Pradesh,Ministry of Power,Coal,11/2020,01/2026,02/2030,1810.56,4681.64,1958.25,52.13,2026-06,158.5741,49.0,62
161,Sunni Dam Hydro Electric Project [382 MW],Satluj Jal Vidyut Nigam [SJVN] Thermal Limited,611586,Himachal Pradesh,Ministry of Power,Coal,01/2023,04/2028,12/2029,2614.51,4925.87,1115.87,34.58,2026-06,88.4051,20.0,63
162,"Pakal Dul [Drangdhuran] Hydroelectric Project, 1000 MW (National Hydroelectric Power Corporation Limited [NHPC]) (602525) (-) (-) Jammu and Kashmir 10/2014 (02/2018) 04/2020 (12/2026) 8112.12 (12728) 9313.54 82.05 163 Kiru HE Project (National Hydroelectric Power Corporation Limited [NHPC]) (602532) (-) (-) Jammu and Kashmir 03/2019 (02/2020) 09/2023 (12/2026) 4287.59 (5409) 3948.67 87 164 Ratle H",National Thermal Power Corporation [NTPC],400261,Jharkhand,Ministry of Power,Coal,11/2017,03/2023,04/2027,18668.0,20302.0,19207.59,90.5,2026-06,8.7529,49.0,64
167,"Koderma Thermal Power Station Phase II [2X800 MW] At Koderma, Jharkhand",Damodar Valley Corporation,611509,Jharkhand,Ministry of Power,Coal,04/2023,03/2029,-,14358.0,14358.0,2114.29,13.5,2026-06,0.0,,71
168,"Gadarwara Super Thermal Power Project, Stage-II [2x800 MW]",National Thermal Power Corporation [NTPC],618976,Madhya Pradesh,Ministry of Power,Coal,11/2024,03/2030,05/2030,20446.0,20446.0,2141.47,10.0,2026-06,0.0,2.0,64
169,"Subansiri Lower HE Project [2000 MW] (National Hydroelectric Power Corporation Limited [NHPC]) (602096) (-) (-) Multi-States (Arunachal Pradesh, Assam) 09/2003 (01/2005) 09/2010 (05/2026) 6285.33 (26075.5) 26379.99 97.84 170 Talcher Thermal Power Station Stage III [2 x 660 MW] Expansion",National Thermal Power Corporation [NTPC],602961,Odisha,Ministry of Power,Coal,08/2022,05/2027,05/2028,11843.75,12543.0,6779.45,53.5,2026-06,5.904,12.0,57
171,"Darlipali Super Thermal Power Project, Stage-II [1x800 MW]",National Thermal Power Corporation [NTPC],619056,Odisha,Ministry of Power,Coal,11/2025,01/2031,05/2031,11131.0,11131.0,560.18,2.45,2026-06,0.0,4.0,62
172,"TEESTA-VI HE PROJECT, SIKKIM [500 MW], executed by LANCO TEESTA HYDRO POWER LIMITED [A wholly owned Subsidiary of NHPC LTD. acquired through NCLT]",National Hydroelectric Power Corporation Limited [NHPC],602181,Sikkim,Ministry of Power,Coal,03/2019,03/2024,12/2027,5748.04,5748.04,4519.87,73.48,2026-06,0.0,45.0,60
173,Rangit-IV HE Project [120 MW] executed by Jal Power Corporation Ltd. [JPCL] - A wholly owned subsidiary of NHPC Ltd. acquired through NCLT,National Hydroelectric Power Corporation Limited [NHPC],605156,Sikkim,Ministry of Power,Coal,03/2021,05/2024,11/2026,938.29,1828.11,1691.2,97.34,2026-06,94.8342,30.0,38
174,"Telangana Super Thermal Power Project , Stage-II [3 x 800 MW]",National Thermal Power Corporation [NTPC],619341,Telangana,Ministry of Power,Coal,03/2026,01/2032,-,29344.85,29344.8,729.63,0.78,2026-06,-0.0002,,70
175,"Singrauli Super Thermal Power Project, Stage-III [2x800 MW]",National Thermal Power Corporation [NTPC],612142,Uttar Pradesh,Ministry of Power,Coal,03/2024,02/2030,04/2030,17195.0,17195.0,3646.01,23.8,2026-06,0.0,2.0,71
176,Tapovan-Vishnugad HEP [4x130 MW],National Thermal Power Corporation [NTPC],602185,Uttarakhand,Ministry of Power,Coal,11/2006,03/2013,04/2029,2978.0,10907.3,7766.24,75.81,2026-06,266.2626,193.0,76
177,Vishnugad Pipalkoti Hydro Electric Project [444 MW],THDC India Limited,602195,Uttarakhand,Ministry of Power,Coal,08/2008,12/2022,06/2028,3860.35,6405.08,5700.11,81.0,2026-06,65.9197,66.0,172
178,"Raghunathpur Thermal Power Station Phase II [2X660 MW] at Raghunathpur, Purulia, West Bengal",Damodar Valley Corporation,400062,West Bengal,Ministry of Power,Coal,01/2023,06/2029,-,17673.0,17673.0,2120.39,11.5,2026-06,0.0,,77
179,Rammam-III HEPP [3x40 MW],National Thermal Power Corporation [NTPC],602184,West Bengal,Ministry of Power,Coal,09/2014,09/2019,03/2029,1381.84,2865.56,1617.53,57.1,2026-06,107.3728,114.0,60
180,Installation of FGD for 4x210 & 2x250 MW MTPS U 1-6,Damodar Valley Corporation,602538,West Bengal,Ministry of Power,Coal,06/2019,01/2024,05/2026,1037.0,1106.0,1138.42,97.0,2026-06,6.6538,28.0,55
181,Transmission system strengthening at Kurnool- III PS for integration of additional RE generation projects [POWERGRID Kurnool III PS RE Transmission Limited],Power Grid Corporation of India Limited [POWERGRID],617183,Andhra Pradesh,Ministry of Power,Coal,03/2025,12/2027,-,2886.0,2886.0,739.68,41.68,2026-06,0.0,,33
182,North Eastern Region Expansion Scheme-XXIII [NERES-XXIII],Power Grid Corporation of India Limited [POWERGRID],617375,Arunachal Pradesh,Ministry of Power,Coal,08/2025,02/2028,-,209.38,209.38,3.14,1.56,2026-06,0.0,,30
183,Transmission system for evacuation of Power from REZ in Rajasthan [20 GW] under phase-III Part-D Phase-II,Power Grid Corporation of India Limited [POWERGRID],615336,Delhi,Ministry of Power,Coal,11/2023,02/2026,12/2026,284.0,284.0,78.5,33.63,2026-06,0.0,10.0,27
184,Transmission system for Evacuation of Additional 7 GW RE power from Khavda RE park under Phase-III Part B [Vataman Transmission Limited],Power Grid Corporation of India Limited [POWERGRID],612139,Gujarat,Ministry of Power,Coal,12/2023,12/2025,12/2026,4231.0,4231.0,3175.78,70.87,2026-06,0.0,12.0,24
185,Transmission System for Evacuation of Power from Potential Energy Renewable Zone in Khavda Area of Gujarat under Ph-IV [7GW] Part E2,Power Grid Corporation of India Limited [POWERGRID],612855,Gujarat,Ministry of Power,Coal,05/2024,05/2026,06/2026,697.0,697.0,573.07,82.0,2026-06,0.0,1.0,24
186,Augmentation of Transformation Capacity at jam Khambhaliya PS [GIS] [SPV Name POWERGRID Jam Khambhaliya Transmission Limited],Power Grid Corporation of India Limited [POWERGRID],615342,Gujarat,Ministry of Power,Coal,10/2024,07/2026,04/2027,329.0,329.0,51.98,18.0,2026-06,0.0,9.0,21
187,Provision of Dynamic Reactive Compensation at Khavda pooling Station 1 [KPS1] and Khavda Pooling station 3 [KPS3],Power Grid Corporation of India Limited [POWERGRID],615343,Gujarat,Ministry of Power,Coal,11/2024,11/2026,-,501.0,501.0,25.05,8.67,2026-06,0.0,,24
188,Transmission System for Evacuation of Power from Potential Renewable Energy Zone in Khavda area of Gujarat under Phase-IV [7GW] Part B [SPV Name POWERGRID South Olpad Transmission Limited],Power Grid Corporation of India Limited [POWERGRID],615345,Gujarat,Ministry of Power,Coal,10/2024,10/2026,10/2027,4766.0,4766.0,2111.34,36.57,2026-06,0.0,12.0,24
189,Augmentation of Transformation Capacity at KPS1 [GIS] and KPS2 [GIS] [Phase-V Part B1 and Part B2 Scheme] [SPV Name- POWERGRID KPS1 and 2 Augmentation Transmission Limited],Power Grid Corporation of India Limited [POWERGRID],617069,Gujarat,Ministry of Power,Coal,02/2025,02/2027,-,466.0,466.0,143.48,37.0,2026-06,0.0,,24
190,Augmentation of Banaskantha [Raghanesda] PS [GIS] [POWERGRID Banaskantha Transco Limited],Power Grid Corporation of India Limited [POWERGRID],617182,Gujarat,Ministry of Power,Coal,03/2025,03/2027,-,172.0,172.0,58.48,39.0,2026-06,0.0,,24
191,Augmentation of Transformation Capacity at Bhuj-II PS [GIS],Power Grid Corporation of India Limited [POWERGRID],617391,Gujarat,Ministry of Power,Coal,02/2025,11/2026,06/2027,488.29,488.29,9.76,4.5,2026-06,0.0,7.0,21
192,Jamnagar Transmission Limited (Adani Transmission Limited) (617405) (-) (-) Gujarat NA (10/2024) 10/2026 (-) 4000 (4000) 553 19 193 Provision of ICT Augmentation & Bus Reactor at Bhuj-II PS,Power Grid Corporation of India Limited [POWERGRID],617801,Gujarat,Ministry of Power,Coal,03/2025,12/2026,06/2027,581.74,581.74,17.45,6.0,2026-06,0.0,6.0,21
194,KPSIII HVDC Transmission Limited (Adani Transmission Limited) (619026) (-) (-) Gujarat NA (12/2025) 12/2029 (-) 19000 (19000) 20 1 195 Transmission System for Reliable Power Supply to Dholera,Power Grid Corporation of India Limited [POWERGRID],619029,Gujarat,Ministry of Power,Coal,09/2024,03/2026,12/2026,319.42,319.42,63.88,31.0,2026-06,0.0,9.0,18
196,Khavda IVA Power Transmission Limited,Adani Transmission Limited,619049,Gujarat,Ministry of Power,Coal,08/2024,08/2026,-,4500.0,4500.0,2332.7,60.0,2026-06,0.0,,24
197,Transmission Scheme for evacuation of Power from Ratle HEP [850 MW] & kiru [624 MW] Part B (Power Grid Corporation of India Limited [POWERGRID]) (617179) (-) (-) Jammu and Kashmir 07/2024 (07/2024) 07/2026 (06/2027) 218.6 (218.6) 3.72 1.7 198 Implementation of Transmission Systems in the State of Jharkhand consisting of 400/220/132/33 kV transmission lines and substations under Jharkhand Consultan,Power Grid Corporation of India Limited [POWERGRID],617326,Jharkhand,Ministry of Power,Coal,02/2012,03/2026,08/2026,1842.25,1842.25,1648.05,96.3,2026-06,0.0,5.0,169
199,Transmission Scheme for Integration of Renewable Energy Zone [Phase II] in Koppal II [Phase A&B] and gadag II[Phase A] in Karnataka [POWERGRID KOPPAL GADAG TRANSMISSION LIMITED],Power Grid Corporation of India Limited [POWERGRID],612140,Karnataka,Ministry of Power,Coal,12/2023,12/2025,09/2026,4445.0,4445.0,3958.72,92.35,2026-06,0.0,9.0,24
200,System Strengthening at Koppal-II and GadagII for integration of RE generation projects [SPV Name POWERGRID Koppal Gadag Augmentation Transmission Limited],Power Grid Corporation of India Limited [POWERGRID],616672,Karnataka,Ministry of Power,Coal,01/2025,06/2027,-,1354.0,1354.0,284.34,34.6,2026-06,0.0,,29
201,"Augmentation of Transformation Capacity by 3x500 MVA, 400/220 KV ICTS [6th-8th] and 1x1500 MVA, 765/400 KV ICT [4th] at Bidar PS [SPV Name- POWERGRID Bidar Augmentation Transmission Limited]",Power Grid Corporation of India Limited [POWERGRID],617068,Karnataka,Ministry of Power,Coal,02/2025,06/2027,-,288.0,288.0,20.16,18.0,2026-06,0.0,,28
202,Transmission Scheme for integration of Davanagere/ Chitradurga and Bellary REZ in Karnataka [POWERGRID Chitradurga Bellary REZ Transmission Limited],Power Grid Corporation of India Limited [POWERGRID],617184,Karnataka,Ministry of Power,Coal,03/2025,09/2027,-,3453.0,3453.0,483.42,21.31,2026-06,0.0,,30
203,Transmission System Strengthening at Davanagere for Integration of RE Generation [SPV Name - POWERGRID Davanagere Power Transmission Limited],Power Grid Corporation of India Limited [POWERGRID],617803,Karnataka,Ministry of Power,Coal,09/2025,09/2027,-,379.0,379.0,17.06,2.5,2026-06,0.0,,24
204,Transmission System Strengthening for integration of additional RE Potential at Davanagere [0.25 GW] and Bellary [2.75 GW],Power Grid Corporation of India Limited [POWERGRID],619228,Karnataka,Ministry of Power,Coal,02/2026,02/2028,-,1111.0,1111.0,13.44,1.0,2026-06,0.0,,24
205,Augmentation of 1x500 MVA 400/220kV ICT [3rd] at Thrissur VSC HVDC Station in Kerala,Power Grid Corporation of India Limited [POWERGRID],619028,Kerala,Ministry of Power,Coal,08/2025,08/2027,-,173.14,173.14,2.08,1.5,2026-06,0.0,,24
206,Transmission System for Evacuation of Power from Rajasthan REZ Ph-IV [Part-2 5.5GW] [Jaisalmer/Barmer Complex] Part H1 [POWERGRID KURAWAR TRANSMISSION LIMITED],Power Grid Corporation of India Limited [POWERGRID],615344,Madhya Pradesh,Ministry of Power,Coal,10/2024,10/2026,06/2027,3674.0,3674.0,1637.5,45.5,2026-06,0.0,8.0,24
207,Transmission System for Evacuation of Power from Rajasthan REZ Ph-IV [Part-2 5.5 GW] [Jaisalmer/Barmer Complex] Part C [SPV Name POWERGRID Mandsaur Transmission Limited],Power Grid Corporation of India Limited [POWERGRID],615346,Madhya Pradesh,Ministry of Power,Coal,08/2024,08/2026,02/2027,2708.0,2708.0,1570.64,70.96,2026-06,0.0,6.0,24
208,Implementation of LILO of both circuits of 400KV vindhyachal PS-Sasan D/C Line at Hindalco Switchyard,Power Grid Corporation of India Limited [POWERGRID],617272,Madhya Pradesh,Ministry of Power,Coal,06/2024,12/2026,-,370.0,370.0,129.5,52.14,2026-06,0.0,,30
209,Transmission System for evacuation of power from Mahan Energen Limited Generating Station in Madhya Pradesh [SPV Name - POWERGRID MEL Power Transmission Limited],Power Grid Corporation of India Limited [POWERGRID],617279,Madhya Pradesh,Ministry of Power,Coal,06/2025,12/2027,-,558.0,558.0,180.9,15.11,2026-06,0.0,,30
210,Augmentation of Transformation Capacity and Implementation of Line Bays at Mandsaur S/S for RE Interconnection [SPV Name- POWERGRID Mandsaur I RE Transmission Limited],Power Grid Corporation of India Limited [POWERGRID],617802,Madhya Pradesh,Ministry of Power,Coal,10/2025,03/2028,-,319.0,319.0,16.3,2.5,2026-06,0.0,,29
211,Mahan Transmission Limited,Adani Transmission Limited,619024,Madhya Pradesh,Ministry of Power,Coal,03/2025,04/2027,-,3125.32,3125.32,317.79,18.0,2026-06,0.0,,25
212,Transmission System for Evacuation of power from Potential RE Zone in Khavda Area of Gujarat under phase IV 7GW-Part E4,Power Grid Corporation of India Limited [POWERGRID],611966,Maharashtra,Ministry of Power,Coal,11/2023,07/2025,05/2026,224.41,224.41,224.41,100.0,2026-06,0.0,10.0,20
213,WRNES Talegaon Power Transmission Limited (Adani Transmission Limited) (619027) (-) (-) Maharashtra NA (05/2025) 01/2028 (-) 2000 (2000) 18 5 214 Network Expansion Scheme in Maharashtra for removal of Transmission constraints in Pune Region-I [765/400kV AIS Pune East],Power Grid Corporation of India Limited [POWERGRID],619227,Maharashtra,Ministry of Power,Coal,03/2026,03/2028,-,1420.0,1420.0,7.95,0.5,2026-06,0.0,,24
229,"Transmission Scheme for Solar Energy Zone in Bidar [2500 MW], Karnataka [Bidar Transmission Ltd] (Power Grid Corporation of India Limited [POWERGRID]) (612138) (-) (-) Multi-States (Karnataka, Telangana) 02/2024 (02/2024) 02/2026 (08/2026) 1368 (1368) 1231.2 93.76 230 Transmission System for Evacuation of Power from Rajasthan REZ Ph-IV [Part-2 5.5 GW] [Jaisalmer/Barmer Complex] Part D [SPV Name PO",Power Grid Corporation of India Limited [POWERGRID],611949,Rajasthan,Ministry of Power,Coal,10/2023,04/2025,05/2026,1160.0,1160.0,1148.4,99.67,2026-06,0.0,13.0,18
237,Transmission System for Evacuation of power from Rajasthan REZ Ph-IV [Part-1] [Bikaner Complex] Part A [Bikaner Neemrana Transmission Ltd],Power Grid Corporation of India Limited [POWERGRID],612134,Rajasthan,Ministry of Power,Coal,12/2023,12/2025,12/2026,4741.0,4741.0,3887.62,77.65,2026-06,0.0,12.0,24
238,Transmission System for Evacuation of Power from Rajasthan REZ Ph-IV [Part-2 5.5 GW][Jaisalmer/Barmer Complex] Part B [SPV Name POWERGRID Sirohi Transmission Limited],Power Grid Corporation of India Limited [POWERGRID],615332,Rajasthan,Ministry of Power,Coal,08/2024,08/2026,03/2027,3279.0,3279.0,1790.99,52.83,2026-06,0.0,7.0,24
239,Transmission System Strengthening for Interconnections of Bhadla-III & Bikaner III Complex [SPV Name POWERGRID BHADLA BIKANER TRANSMISSION LIMITED],Power Grid Corporation of India Limited [POWERGRID],615335,Rajasthan,Ministry of Power,Coal,08/2024,08/2026,03/2027,1382.0,1382.0,590.11,48.83,2026-06,0.0,7.0,24
240,Additional Transmission System for evacuation of Power from Bhadla-III PS as part of Rajasthan REZ Phase III Scheme [20 GW] [SPV Name POWERGRID Bhadla-III Power Transmission Limited],Power Grid Corporation of India Limited [POWERGRID],615337,Rajasthan,Ministry of Power,Coal,08/2024,02/2026,09/2026,369.0,369.0,228.78,82.1,2026-06,0.0,7.0,18
241,TRANSMISSION SYSTEM FOR EVACUATION OF POWER FROM RAJASTHAN REZ PH -IV [PART-2 5.5 GW] [JAISALMER/BARMER COMPLEX] PART F [SPV Name POWERGRID BARMER I TRANSMISSION LIMITED],Power Grid Corporation of India Limited [POWERGRID],615338,Rajasthan,Ministry of Power,Coal,11/2024,11/2026,06/2027,2735.0,2735.0,1100.29,43.0,2026-06,0.0,7.0,24
242,"Augmentation at Fatehgarh-II PS, Fatehgarh-IV PS [Section-II] and Barmer-I PS [POWERGRID Fatehgarh Barmer Augmentation Transmission Limited]",Power Grid Corporation of India Limited [POWERGRID],617181,Rajasthan,Ministry of Power,Coal,03/2025,12/2026,06/2027,404.0,404.0,29.61,16.4,2026-06,0.0,6.0,21
243,Transmission System under ISTS for evacuation of Power from Kudankulam Unit-3&4 [2x1000 MW] [SPV Name POWERGRID Kudankulam Tarnsmission Limited],Power Grid Corporation of India Limited [POWERGRID],616671,Tamil Nadu,Ministry of Power,Coal,01/2025,12/2026,03/2027,548.0,548.0,208.24,20.49,2026-06,0.0,3.0,23
244,Transmission System for Strengthening to facilitate evacuation of power from Bhadla/Bikaner Complex,Power Grid Corporation of India Limited [POWERGRID],617269,Uttar Pradesh,Ministry of Power,Coal,12/2024,06/2026,12/2026,212.81,212.81,9.98,11.17,2026-06,0.0,6.0,18
245,"Construction of One Tower of Office Complex and another Tower of Residential quarters consisting of 10Nos. Type-V, 10Nos. Type-VI & 1No.Type-VII Quarters i/c internal water supply, sanitary installation and all development and bulk services, Horticulture works on EPC Mode-I basis i/c comprehensive operation and maintenance of Civil, E&M services for 7 years after completion of original constructio",Central Public Works Department - CPWD,617412,Telangana,Ministry of Housing & Urban Affairs,Construction,03/2024,09/2027,-,644.0,644.0,175.79,23.0,2026-06,0.0,,42
644,"175.79 Real Estate 246 Integrated Command control Center [ICCC] - Construction and Development of Integrated Command Control Center with Security, Surveillance, ITMS, Connecting Port, Ship Service, Smart Solid Waste Management, Smart Public Transport System (ministry of housing and urban affairs) (707229) (-) (-) Andaman & Nicobar 07/2021 (11/2021) 05/2023 (10/2025) 209.88 (230) 37.35 97 247 Redev",National Buildings Construction Corporation [NBCC],400188,Delhi,Ministry of Housing & Urban Affairs,Construction,07/2016,12/2025,12/2025,32850.0,32841.0,14370.45,46.7,2026-06,-0.0274,0.0,113
248,Rehablitation in Junavadaj Area Smart City Project,ministry of housing and urban affairs,701719,Gujarat,Ministry of Housing & Urban Affairs,Construction,02/2016,07/2022,07/2026,539.0,539.0,623.44,98.5,2026-06,0.0,48.0,77
249,Green Building Development Project,ministry of housing and urban affairs,701766,Uttarakhand,Ministry of Housing & Urban Affairs,Construction,11/2019,11/2023,12/2026,150.97,206.0,56.76,40.05,2026-06,36.451,37.0,48
15088,Urban Public Transport 250 Patna Metro Rail Project,Patna Metro Rail Corporation Ltd. [PMRCL],702627,Bihar,Ministry of Housing & Urban Affairs,Construction,02/2019,02/2024,06/2027,13365.77,13365.8,5198.09,50.05,2026-06,0.0002,40.0,60
251,Delhi Metro Rail Phase-IV [2 Corridors],Delhi Metro Rail Corporation Limited [DMRC],617207,Delhi,Ministry of Housing & Urban Affairs,Construction,03/2024,03/2029,-,8399.81,8399.81,156.69,4.29,2026-06,0.0,,60
252,Delhi Metro Rail Phase V A,Delhi Metro Rail Corporation Limited [DMRC],619031,Delhi,Ministry of Housing & Urban Affairs,Construction,01/2026,12/2028,-,12014.91,12014.9,253.96,5.63,2026-06,-0.0001,,35
253,DMRTS Phase - IV [3 Priority Corridors],Delhi Metro Rail Corporation Limited [DMRC],702632,Delhi,Ministry of Housing & Urban Affairs,Construction,07/2019,03/2025,12/2026,24948.65,24948.7,21041.39,82.2,2026-06,0.0002,21.0,68
254,Surat Metro Rail Project,Gujarat Metro Rail Corporation Limited [GMRCL],702630,Gujarat,Ministry of Housing & Urban Affairs,Construction,03/2019,03/2024,03/2027,12020.32,12020.3,9166.71,81.1,2026-06,-0.0002,36.0,60
255,"Metro connectivity from Millennium City Centre to Cyber City with Spur to Dwarka Expressway, Gurugram.",Gurugram Metro Rail Limited [GMRL],619022,Haryana,Ministry of Housing & Urban Affairs,Construction,07/2023,07/2027,-,5452.72,5452.72,159.67,4.3,2026-06,0.0,,48
256,Bangalore Metro Rail Project - PHASE-3 (Bengaluru Metro Rail) (612878) (-) (-) Karnataka NA (06/2026) 05/2031 (-) 15611 (15611) 0 0 257 Construction of Bangalore Metro Rail Project Phase 2.,Bengaluru Metro Rail,702635,Karnataka,Ministry of Housing & Urban Affairs,Construction,02/2014,03/2021,09/2026,26405.14,30695.1,29812.97,95.6,2026-06,16.2467,66.0,85
258,Construction Bangalore Metro Rail Project Phase-2A & 2B,Bengaluru Metro Rail,702665,Karnataka,Ministry of Housing & Urban Affairs,Construction,06/2021,06/2026,06/2026,14788.1,14788.1,10376.43,66.0,2026-06,0.0,0.0,60
259,Kochi Metro Rail Phase 2 Development Project,CSPCC Projects,702664,Kerala,Ministry of Housing & Urban Affairs,Construction,11/2022,11/2026,11/2026,1957.05,1957.05,752.34,38.0,2026-06,0.0,0.0,48
260,Bhopal Metro Rail Project,Madhya Pradesh Metro Rail Co Limited [MPMRCL],702625,Madhya Pradesh,Ministry of Housing & Urban Affairs,Construction,11/2018,11/2022,06/2028,6941.4,6941.4,4362.43,62.5,2026-06,0.0,67.0,48
261,Indore Metro Rail Project,Madhya Pradesh Metro Rail Co Limited [MPMRCL],702626,Madhya Pradesh,Ministry of Housing & Urban Affairs,Construction,11/2018,11/2022,12/2028,7500.8,7500.8,5044.0,65.19,2026-06,0.0,73.0,48
262,PCMC To Nigdi- Extension Of North South Corridor Of Phase-1,Maharashtra Metro Rail Corporation Limited [MMRCL],617225,Maharashtra,Ministry of Housing & Urban Affairs,Construction,10/2023,01/2027,-,910.18,960.18,309.65,47.17,2026-06,5.4934,,39
263,Pune Metro Phase-1 Extension line towards south from Swargate to Katraj,Maharashtra Metro Rail Corporation Limited [MMRCL],617226,Maharashtra,Ministry of Housing & Urban Affairs,Construction,09/2024,03/2029,-,2954.53,2954.53,88.81,6.2,2026-06,0.0,,54
264,Thane Integral Ring Metro Rail Project,Maharashtra Metro Rail Corporation Limited [MMRCL],617327,Maharashtra,Ministry of Housing & Urban Affairs,Construction,09/2024,09/2029,-,12200.1,12200.1,95.64,9.49,2026-06,0.0,,60
265,Pune Metro Rail Project Phase-2 Corridor 2A Vanaz to Chandani Chowk and Corridor 2B Ramwadi to Wagholi/Vitthalwadi,Maharashtra Metro Rail Corporation Limited [MMRCL],618971,Maharashtra,Ministry of Housing & Urban Affairs,Construction,07/2025,07/2029,-,3626.24,3626.24,4.48,1.88,2026-06,0.0,,48
266,Pune Metro Rail Project Phase-2 Line-4 Kharadi to Khadakwasla with Spur Line 4A Nal Stop - Warje - Manikbaug,Maharashtra Metro Rail Corporation Limited [MMRCL],618985,Maharashtra,Ministry of Housing & Urban Affairs,Construction,12/2025,12/2030,-,9857.85,9857.85,7.41,1.3,2026-06,0.0,,60
267,New Suburba Station Development Project,ministry of housing and urban affairs,701745,Maharashtra,Ministry of Housing & Urban Affairs,Construction,04/2018,07/2022,-,262.76,262.76,17.62,6.0,2026-06,0.0,,51
268,Kalyan Station Precinct Imporvement Project,ministry of housing and urban affairs,701991,Maharashtra,Ministry of Housing & Urban Affairs,Construction,04/2018,07/2023,06/2026,600.0,723.7,523.76,84.0,2026-06,20.6167,35.0,63
269,Mumbai Metro Line 3,Mumbai Metro Rail Corporation Limited [MMRC],702637,Maharashtra,Ministry of Housing & Urban Affairs,Construction,07/2013,03/2023,08/2025,23136.0,37276.0,33648.26,97.86,2026-06,61.1169,29.0,116
270,Nagpur Metro Rail Phase II Development Project,Maharashtra Metro Rail Corporation Limited [MMRCL],702658,Maharashtra,Ministry of Housing & Urban Affairs,Construction,12/2022,12/2027,-,6708.0,6708.0,2026.56,40.86,2026-06,0.0,,60
271,"Delhi Metro Rail Phase-IV [Rithala - Kundli Corridor] (Delhi Metro Rail Corporation Limited [DMRC]) (617206) (-) (-) Multi-States (Delhi, Haryana) 01/2025 (01/2025) 01/2029 (-) 6230.99 (6230.99) 570.13 3.02 272 Rajasthan Metro Rail Project Phase 1C from Badi Chaupar to Transport Nagar via Galta Gate",Jaipur Metro Rail Corporation,612066,Rajasthan,Ministry of Housing & Urban Affairs,Construction,10/2025,04/2027,-,980.08,980.08,103.03,0.0,2026-06,0.0,,18
273,Jaipur Metro Phase 1D Project from Mansarovar to Ajmer Road Chauraha,Jaipur Metro Rail Corporation,612068,Rajasthan,Ministry of Housing & Urban Affairs,Construction,05/2026,03/2026,-,204.81,204.81,23.34,12.48,2026-06,0.0,,-2
274,Chennai Metro Rail Phase-II Development Project,Chennai Metro Rail Limited [CMRL],702668,Tamil Nadu,Ministry of Housing & Urban Affairs,Construction,10/2024,08/2029,-,63246.0,63246.0,33774.0,53.36,2026-06,0.0,,58
275,"Extension of Aqua Line Metro Corridor from Noida Sector-142 station to Botanical Garden, Noida of Noida Metro Rail Corporation",Noida Metro Rail Corporation Ltd. [NMRCL],616221,Uttar Pradesh,Ministry of Housing & Urban Affairs,Construction,03/2026,03/2030,-,2254.35,2254.35,0.0,0.0,2026-06,0.0,,48
276,LUCKNOW METRO RAIL PROJECT PHASE-1B EAST WEST CORRIDOR,Uttar Pradesh metro rail corporation [UPMRC],619052,Uttar Pradesh,Ministry of Housing & Urban Affairs,Construction,09/2025,04/2031,-,5801.05,5801.05,0.0,1.5,2026-06,0.0,,67
277,Kanpur Metro Rail Project,Uttar Pradesh metro rail corporation [UPMRC],702628,Uttar Pradesh,Ministry of Housing & Urban Affairs,Construction,05/2019,05/2024,03/2027,11076.48,11076.5,9131.15,82.5,2026-06,0.0002,34.0,60
278,Agra Metro Rail Project,Uttar Pradesh metro rail corporation [UPMRC],702629,Uttar Pradesh,Ministry of Housing & Urban Affairs,Construction,05/2019,05/2024,06/2027,8379.62,8379.62,6081.28,72.5,2026-06,0.0,37.0,60
279,"ESR - 8 nos., distribution system - 216 Km, new house service connections - 38760 nos. upgrading of feeder mains, pumping station etc. - Phase II",Ministry of Housing & Urban Affairs,702674,Andhra Pradesh,Ministry of Housing & Urban Affairs,Construction,02/2017,03/2023,08/2026,172.22,172.22,88.86,82.0,2026-06,0.0,41.0,73
280,Muzaffarpur Storm Water Drainage Phase-I Project,Ministry of Housing & Urban Affairs,702699,Bihar,Ministry of Housing & Urban Affairs,Construction,11/2016,10/2023,06/2026,158.78,158.78,135.72,85.0,2026-06,0.0,32.0,83
281,Sewerage Management Scheme Part-3 Implementation,Ministry of Housing & Urban Affairs,702734,Haryana,Ministry of Housing & Urban Affairs,Construction,03/2017,09/2023,09/2026,278.01,278.01,228.49,88.0,2026-06,0.0,36.0,78
282,Dhanbad Water Supply Infrastructure Project,Ministry of Housing & Urban Affairs,702741,Jharkhand,Ministry of Housing & Urban Affairs,Construction,02/2017,03/2023,06/2026,216.55,216.55,129.16,76.0,2026-06,0.0,39.0,73
283,SAAP-3 Water Supply Infrastructure SAAP-3 Project,Ministry of Housing & Urban Affairs,702742,Jharkhand,Ministry of Housing & Urban Affairs,Construction,02/2017,10/2023,06/2026,159.31,159.31,87.5,67.0,2026-06,0.0,32.0,80
284,Augmentation and Strenghthning of Urban Water Supply Phase 1 - SAAP 3,Ministry of Housing & Urban Affairs,702746,Jharkhand,Ministry of Housing & Urban Affairs,Construction,02/2017,03/2023,06/2026,278.28,278.28,186.5,81.0,2026-06,0.0,39.0,73
285,Belgavi Improvement in Sewerage System Project,Ministry of Housing & Urban Affairs,702760,Karnataka,Ministry of Housing & Urban Affairs,Construction,12/2015,07/2023,06/2026,162.73,162.73,79.5,80.0,2026-06,0.0,35.0,91
286,Indore Water Supply Infrastructure Project,Ministry of Housing & Urban Affairs,702793,Madhya Pradesh,Ministry of Housing & Urban Affairs,Construction,12/2016,03/2023,06/2026,287.17,287.17,252.5,99.0,2026-06,0.0,39.0,75
287,Satna Sewerage Management and Treatment Infrastructure Project,Ministry of Housing & Urban Affairs,702808,Madhya Pradesh,Ministry of Housing & Urban Affairs,Construction,11/2015,03/2024,08/2026,191.56,215.89,200.32,96.0,2026-06,12.701,29.0,100
288,Singrauli Sewerage Management and Treatment Infrastructure Project,Ministry of Housing & Urban Affairs,702810,Madhya Pradesh,Ministry of Housing & Urban Affairs,Construction,05/2016,03/2023,06/2026,402.01,438.1,371.17,90.0,2026-06,8.9774,39.0,82
289,Kalyan-Dombivali Water Supply Infrastructure Project,Ministry of Housing & Urban Affairs,702833,Maharashtra,Ministry of Housing & Urban Affairs,Construction,07/2016,10/2023,08/2026,194.2,194.2,136.56,75.0,2026-06,0.0,34.0,87
290,Pune Water Supply Infrastructure Project,Ministry of Housing & Urban Affairs,702851,Maharashtra,Ministry of Housing & Urban Affairs,Construction,03/2017,03/2023,08/2026,235.95,235.95,220.77,96.0,2026-06,0.0,41.0,72
291,Jalandhar Water Supply Infrastructure Project,Ministry of Housing & Urban Affairs,703021,Punjab,Ministry of Housing & Urban Affairs,Construction,11/2016,08/2023,08/2026,258.53,266.64,161.02,90.0,2026-06,3.137,36.0,81
292,Patiala Water Supply Infrastructure Part-2 Project,Ministry of Housing & Urban Affairs,703057,Punjab,Ministry of Housing & Urban Affairs,Construction,11/2016,10/2023,08/2026,287.0,287.0,213.64,99.0,2026-06,0.0,34.0,83
293,Jhansi Water Supply Infrastructure Phase-II Project,Ministry of Housing & Urban Affairs,702949,Uttar Pradesh,Ministry of Housing & Urban Affairs,Construction,03/2017,07/2023,08/2026,561.74,561.74,506.52,95.0,2026-06,0.0,37.0,76
294,"Lucknow Sewerage Management Infrastructure Project (Ministry of Housing & Urban Affairs) (702958) (-) (-) Uttar Pradesh NA (05/2019) 03/2023 (08/2026) 142.46 (173.21) 152.65 95 Total (16) 3986.5 3150.88 Ministry of Mines Construction 295 Construction of Basement + Ground Floor+ 10 Storeyed building for State of the Art Director General, GSI Building at plot No.GN-40, Sector-V, Salt Lake, Kolkata",Central Public Works Department [CPWD],617280,West Bengal,Ministry of Housing & Urban Affairs,Construction,04/2019,08/2026,-,255.37,255.37,98.92,64.0,2026-06,0.0,,88
296,Expansion of Malanjkhand Copper Project,Hindustan Copper Limited [HCL],400426,Madhya Pradesh,Ministry of Mines,Construction,09/2011,04/2020,03/2029,1856.36,3800.0,1009.9,26.0,2026-06,104.7017,107.0,103
297,Expansion of Alumina Refinery Plant with addition of 5th Stream having capacity enhancement of 1.0 Million Tonee Per Annum,National Aluminium Company Limited [NALCO],400141,Odisha,Ministry of Mines,Construction,04/2017,12/2022,06/2026,4103.0,5677.4,4985.07,95.2,2026-06,38.3719,42.0,68
298,Pottangi Bauxite Mines Project,National Aluminium Company Limited [NALCO],400299,Odisha,Ministry of Mines,Construction,05/2018,03/2025,11/2026,1381.0,1960.77,770.23,52.2,2026-06,41.9819,20.0,82
299,SOURCING OF BAUXITE ARRANGEMENT FOR 5TH STREAM ALUMINA REFINERY FROM SOUTH BLOCK MINING LEASE OF PANCHPATMAILI MINES,National Aluminium Company Limited [NALCO],709831,Odisha,Ministry of Mines,Construction,11/2017,05/2025,06/2026,483.0,483.0,451.7,93.1,2026-06,0.0,13.0,90
300,25.5 MW WIND POWER PROJECT AT KAYATHAR IN TAMILNADU,National Aluminium Company Limited [NALCO],709832,Tamil Nadu,Ministry of Mines,Construction,09/2017,03/2025,03/2026,166.0,166.0,135.0,66.73,2026-06,0.0,12.0,90
301,Construction of Permanent Campus of Central Tribal University of Andhra Pradesh Phase-1,Central Tribal University of Andhra Pradesh,613008,Andhra Pradesh,Department of Higher Education,Education,09/2019,06/2027,-,305.0,305.0,67.73,44.5,2026-06,0.0,,93
302,Construction of Permanent Campus of National Institute of Technology Arunachal Pradesh,"National Institute of Technology, Arunachal Pradesh",612898,Arunachal Pradesh,Department of Higher Education,Education,09/2009,08/2026,08/2024,592.61,592.61,551.3,80.0,2026-06,0.0,-24.0,203
303,Tezpur University Projects,Tezpur University,606112,Assam,Department of Higher Education,Education,05/2019,11/2023,12/2025,153.71,153.71,137.84,97.97,2026-06,0.0,25.0,54
304,Additional Campus of NITPatna,NIT Patna,606013,Bihar,Department of Higher Education,Education,07/2022,07/2024,01/2026,499.21,499.21,449.96,98.6,2026-06,0.0,18.0,24
305,Phase B Construction of Permanent Campus of IIT Bhilai,"Indian Institute of Technology, Bhilai",617877,Chhattisgarh,Department of Higher Education,Education,05/2025,10/2028,-,1188.97,1188.97,0.0,0.0,2026-06,0.0,,41
306,"Phase 1B - Construction of Academic Block, Hostel, Residential Tower, Directors Residence and External Development works at National Institute of Technology, Delhi Campus on Engineering, Procurement and Construction basis",National Institute of Technology Delhi,612851,Delhi,Department of Higher Education,Education,09/2009,09/2025,01/2026,333.49,336.42,327.26,99.9,2026-06,0.8786,4.0,192
307,Delhi University Eastern Campus at Surajmal Vihar,Delhi University,616886,Delhi,Department of Higher Education,Education,09/2024,10/2026,-,373.0,373.0,30.13,13.0,2026-06,0.0,,25
308,"Construction of permanent campus of Central University of Gujarat at Village kundhela, Dist. Vadodara, Gujarat.",Central University of Gujarat,612916,Gujarat,Department of Higher Education,Education,12/2020,03/2025,03/2026,490.63,490.63,339.4,86.0,2026-06,0.0,12.0,51
309,Establishment of Permanent campus Phase 1 of IIM Sirmaur,"Indian Institute of Management, Sirmaur",602099,Himachal Pradesh,Department of Higher Education,Education,09/2018,10/2023,06/2026,392.51,454.78,338.83,98.3,2026-06,15.8646,32.0,61
310,Hostel blocks & dining hall block,"Indian Institute of Technology, Mandi",612128,Himachal Pradesh,Department of Higher Education,Education,03/2023,03/2026,07/2026,166.66,166.66,122.26,84.0,2026-06,0.0,4.0,36
311,"Construction of Permanent Campus of Central University of Himachal Pradesh at Dehra, District - Kangra, [H.P.] on Engineering. Procurement and Construction [EPC Mode 1] Basis.","Central University, Himachal Pradesh",612894,Himachal Pradesh,Department of Higher Education,Education,03/2021,11/2024,03/2026,251.98,300.45,223.6,86.0,2026-06,19.2357,16.0,44
312,"Construction of Permanent Campus for IIM Jammu Phase-1 at Jagti, Nagrota, Jammu, J&K (Indian Institute of Management, Jammu) (602098) (-) (-) Jammu and Kashmir 03/2019 (10/2020) 06/2023 (11/2025) 424.93 (500.91) 484.52 96 313 CONSTRUCTION OF PERMANENT CAMPUS FOR IIT PALAKKAD UNDER PHASE 1A",INDIAN INSTITUTE OF TECHNOLOGY PALAKKAD,606431,Kerala,Department of Higher Education,Education,07/2017,06/2022,06/2026,1006.45,1217.4,686.2,86.5,2026-06,20.9598,48.0,59
314,Phase B of Construction of Permanent Campus of IIT Palakkad,INDIAN INSTITUTE OF TECHNOLOGY PALAKKAD,617878,Kerala,Department of Higher Education,Education,05/2025,10/2028,-,1527.0,1527.0,9.8,0.0,2026-06,0.0,,41
315,"Phase III A works at IIT Indore [03 Hostels, 01 Studio Apartment, 01 Housing, Heavy & Sophisticated lab complex, Academic POD and Infrastructure for center of excellence]","Indian Institute of Technology, Indore",611957,Madhya Pradesh,Department of Higher Education,Education,12/2023,02/2027,-,496.28,496.28,97.35,65.0,2026-06,0.0,,38
316,Construction and Developement of National Institute of Technology Meghalaya Permanent Campus at Sohra,"National Institute of Technology, Meghalaya",612885,Meghalaya,Department of Higher Education,Education,09/2009,03/2022,10/2026,494.52,429.7,368.98,96.0,2026-06,-13.1077,55.0,150
317,"Construction of Permanent Campus for NIT Mizoram at Lengpui, Aizawl",NIT Mizoram,612876,Mizoram,Department of Higher Education,Education,09/2009,12/2029,03/2022,474.23,474.23,167.55,4.0,2026-06,0.0,-93.0,243
318,Establishment of NIT Nagaland,NIT Nagaland,613013,Nagaland,Department of Higher Education,Education,09/2009,12/2025,-,275.63,275.63,263.25,98.0,2026-06,0.0,,195
319,IISER BERHAMPUR,"Indian Institutes of Science Education and Research, Behrampur",610315,Odisha,Department of Higher Education,Education,10/2018,03/2021,06/2026,1229.32,843.09,874.09,98.5,2026-06,-31.4182,63.0,29
320,Construction of IIT Bhubaneswar -Phase III,"Indian Institute of Technology, Bhubaneshwar",611961,Odisha,Department of Higher Education,Education,02/2024,11/2026,-,454.27,454.27,101.36,9.2,2026-06,0.0,,33
321,"1000 seater Boys hostel, 500 seater Girls hostel, 1.5 MLD Sewage Treatment Plant and Faculty Residence - 72 nos. Flats",NIT Rourkela,619033,Odisha,Department of Higher Education,Education,09/2023,06/2026,-,198.97,198.97,51.73,47.0,2026-06,0.0,,33
322,Establishment of NIT Puducherry Permanent Campus [Phase-I and Phase-II],"National Institute of Technology, Puducherry",612877,Puducherry,Department of Higher Education,Education,09/2009,12/2024,05/2026,618.34,544.34,543.74,99.5,2026-06,-11.9675,17.0,183
323,"Construction of Permanent Campus of Indian Institute of Management [IIM] Amritsar, Punjab, Phase-I","Indian intitue of Management, Amritsar",605292,Punjab,Department of Higher Education,Education,10/2019,06/2023,11/2026,348.31,348.31,293.24,91.7,2026-06,0.0,41.0,44
324,"Construction of Girls Hostel 400 seater, Boys Hostel 600 seater, Academic Block, International Hostel 100 seater, VC Residence and Purchase of Equipment",Central University of Punjab,617221,Punjab,Department of Higher Education,Education,08/2024,10/2027,-,210.99,210.99,81.06,48.0,2026-06,0.0,,38
325,"Construction of Sikkim University Campus Phase-I Package-II at Yangang, South Sikkim",Sikkim University,609736,Sikkim,Department of Higher Education,Education,08/2020,01/2025,03/2026,314.06,351.74,292.0,96.0,2026-06,11.9977,14.0,53
326,Establishment of Permanent Campus of NIT SIkkim at Khamdong-Gangtok District,NIT Sikkim,612883,Sikkim,Department of Higher Education,Education,02/2024,02/2028,12/2026,685.76,610.76,283.56,37.6,2026-06,-10.9368,-14.0,48
327,Construction of Precast housing and hostels at IIT Hyderabad,"Indian Institute of Technology, Hyderabad",609996,Telangana,Department of Higher Education,Education,09/2022,10/2024,01/2026,262.0,262.0,216.1,89.11,2026-06,0.0,15.0,25
328,Banaras Hindu University [ Kayakalp of Institute of Medical Sciences],Banaras Hindu University,606479,Uttar Pradesh,Department of Higher Education,Education,06/2020,09/2022,03/2026,246.0,246.0,209.68,99.0,2026-06,0.0,42.0,27
329,"Construction & Development of Infrastructural Facilities in the main campus of NIT Uttarakhand at Sumari, Pauri Garhwal",National Institute of Technology Uttarakhand,611963,Uttarakhand,Department of Higher Education,Education,06/2020,09/2027,-,650.85,650.85,391.87,62.0,2026-06,0.0,,87
330,"HEFA projects on development of student hostels, playgrounds, departmental buildings, class room complex and other campus facilities in IIT Kharagpur","Indian Institute of Technology, Kharagpur",609019,West Bengal,Department of Higher Education,Education,06/2018,03/2023,03/2026,500.0,442.0,418.86,97.0,2026-06,-11.6,36.0,57
331,"National Sports University [NSU], Imphal [Manipur]",Department of Sports & Youth Affairs,400081,Manipur,Department of Sports,Education,06/2022,08/2024,08/2026,906.47,611.74,576.37,97.25,2026-06,-32.514,24.0,26
332,"Construction of LPG Facilities at Kamardanga, Assam",Hindustan Petroleum Corporation Limited,709754,Assam,Ministry of Petroleum & Natural Gas,Energy Storage,03/2023,07/2027,07/2027,156.36,156.36,109.34,79.8,2026-06,0.0,0.0,52
333,"Setting up of new rail fed POL facility at Kamardanga, Assam",Hindustan Petroleum Corporation Limited [HPCL],709755,Assam,Ministry of Petroleum & Natural Gas,Energy Storage,03/2023,07/2027,07/2027,384.04,384.04,235.27,85.5,2026-06,0.0,0.0,52
334,Capacity Augmentation of Kandla LPG Import Terminal [KLIT] from 0.6 MMTPA to 2.5 MMTPA,Ministry of Petroleum & Natural Gas,617839,Gujarat,Ministry of Petroleum & Natural Gas,Energy Storage,05/2023,07/2026,07/2026,356.86,304.4,163.79,67.5,2026-06,-14.7004,0.0,38
335,"Andheri Residential Towers, Mumbai",Ministry of Petroleum & Natural Gas,604833,Maharashtra,Ministry of Petroleum & Natural Gas,Energy Storage,06/2017,05/2025,06/2026,281.35,389.67,279.72,83.0,2026-06,38.5001,13.0,95
336,Setting up of 50 MW [plus/minus 5 percent] Wind Power Plant for Captive Consumption at MR,MinistryofPetroleumNaturalGas,619313,Maharashtra,Ministry of Petroleum & Natural Gas,Energy Storage,05/2023,04/2027,04/2027,483.14,483.14,360.28,65.9,2026-06,0.0,0.0,47
337,LPG Bottling Plant at Mualkhang,MinistryofPetroleumNaturalGas,617829,Mizoram,Ministry of Petroleum & Natural Gas,Energy Storage,07/2024,10/2028,03/2028,225.71,225.71,30.84,33.0,2026-06,0.0,-7.0,51
342,"Multi Product Pipeline from Irugur to Devangonthi (Department of Water Resources, River Development & GR) (400301) (-) (-) Multi-States (Karnataka, Tamil Nadu) 11/2012 (11/2012) 02/2017 (09/2026) 678 (1732) 1155.32 84.3 343 Petrochemical evacuation marketing terminal at Barmer, Rajasthan",Hindustan Petroleum Corporation Limited [HPCL],709759,Rajasthan,Ministry of Petroleum & Natural Gas,Energy Storage,12/2023,12/2026,12/2026,461.05,461.05,235.1,95.8,2026-06,0.0,0.0,36
344,Laying of POL Pipelines in Common Corridor for proposed grass root terminal at Vallur [Chennai],Ministry of Petroleum & Natural Gas,400043,Tamil Nadu,Ministry of Petroleum & Natural Gas,Energy Storage,01/2022,05/2026,03/2027,829.0,829.0,382.96,79.6,2026-06,0.0,10.0,52
345,"Grass-root Terminal at Mirzapur, Uttar Pradesh",Ministry of Petroleum & Natural Gas,604852,Uttar Pradesh,Ministry of Petroleum & Natural Gas,Energy Storage,09/2022,11/2026,11/2026,980.45,980.45,295.55,76.5,2026-06,0.0,0.0,50
346,KG-DWN-98/2 Cluster - II Development Project - NELP Block,MinistryofPetroleumNaturalGas,400120,Andhra Pradesh,Ministry of Petroleum & Natural Gas,Energy Storage,03/2016,06/2020,06/2026,34012.0,34012.0,33113.74,96.8,2026-06,0.0,72.0,51
347,Provision of four bitumen tanks with capacity of 5 TMT each at Visakh Refinery,Ministry of Petroleum and Natural Gas,619226,Andhra Pradesh,Ministry of Petroleum & Natural Gas,Energy Storage,09/2025,03/2028,03/2028,258.34,258.34,7.12,15.7,2026-06,0.0,0.0,30
348,HP-COAT [Crude to Olefins and Aromatics Technology] demo unit at Visakh Refinery,Hindustan Petroleum Corporation Limited,709752,Andhra Pradesh,Ministry of Petroleum & Natural Gas,Energy Storage,09/2021,06/2024,02/2027,160.0,220.0,152.82,93.5,2026-06,37.5,32.0,33
349,Numaligarh Refinery Expansion Project,Ministry of Petroleum & Natural Gas,604791,Assam,Ministry of Petroleum & Natural Gas,Energy Storage,07/2020,07/2024,03/2027,12366.0,25313.0,20127.1,86.2,2026-06,104.6984,32.0,48
350,Development of Surface Facilities for production and evacuation of Crude Oil and Natural Gas from Nadua and East Khagorija,Ministry of Petroleum & Natural Gas,604863,Assam,Ministry of Petroleum & Natural Gas,Energy Storage,01/2018,02/2020,06/2026,682.9,726.93,599.83,94.4,2026-06,6.4475,76.0,25
351,"Construction of Field Gas Gathering Station at Baghjan area for collection, processing & transportation of natural Gas to be produced from Baghjan Field",Ministry of Petroleum & Natural Gas,616858,Assam,Ministry of Petroleum & Natural Gas,Energy Storage,12/2020,03/2024,06/2026,430.76,430.76,348.57,94.5,2026-06,0.0,27.0,39
352,Coke Drum Structure Package,Ministry of Petroleum & Natural Gas,617836,Assam,Ministry of Petroleum & Natural Gas,Energy Storage,12/2022,12/2025,09/2026,635.28,635.28,543.0,70.8,2026-06,0.0,9.0,36
353,"Group Gathering Station, Lakwagaon",Ministry of Petroleum & Natural Gas,619316,Assam,Ministry of Petroleum & Natural Gas,Energy Storage,10/2025,10/2027,10/2027,495.59,495.59,20.04,7.8,2026-06,0.0,0.0,24
354,Augmentation/Revamping of Facilities at existing Guwahati Terminal at Betkuchi,MinistryofPetroleumNaturalGas,709776,Assam,Ministry of Petroleum & Natural Gas,Energy Storage,04/2022,09/2026,09/2026,277.0,323.09,234.57,84.2,2026-06,16.639,0.0,53
355,Capacity Expansion of Digboi Refinery from 0.65 to 1.0 MMTPA,MinistryofPetroleumNaturalGas,709779,Assam,Ministry of Petroleum & Natural Gas,Energy Storage,06/2022,03/2026,07/2027,768.0,740.0,225.2,59.4,2026-06,-3.6458,16.0,45
356,Pipeline Network Project Rudrasagar,Ministry of Petroleum & Natural Gas,709847,Assam,Ministry of Petroleum & Natural Gas,Energy Storage,01/2023,04/2026,04/2027,481.03,481.03,238.7,54.8,2026-06,0.0,12.0,39
357,Borholla GGS Life Extension Project [BLEP],Ministry of Petroleum & Natural Gas,709850,Assam,Ministry of Petroleum & Natural Gas,Energy Storage,09/2023,05/2026,09/2026,198.7,198.7,103.59,62.5,2026-06,0.0,4.0,32
358,DCU Revamp Project,NRL,709864,Assam,Ministry of Petroleum & Natural Gas,Energy Storage,08/2021,07/2024,03/2027,370.0,370.0,310.38,78.6,2026-06,0.0,32.0,35
359,Power Recovery Turbine [PRT] in PFCCU unit as an Energy Conservation Scheme,NRL,709865,Assam,Ministry of Petroleum & Natural Gas,Energy Storage,04/2023,12/2024,12/2026,293.5,293.5,81.84,99.0,2026-06,0.0,24.0,20
360,"Setting up of LPG Plant with Rail Unloading Facility at Hathua, Dist. Gopalganj, Bihar",MinistryofPetroleumNaturalGas,617304,Bihar,Ministry of Petroleum & Natural Gas,Energy Storage,10/2023,03/2027,03/2027,340.15,340.15,179.55,55.0,2026-06,0.0,0.0,41
361,Barauni Refinery Capacity Expansion from 6.0 to 9.0 MMTPA,Ministry of Petroleum & Natural Gas,701324,Bihar,Ministry of Petroleum & Natural Gas,Energy Storage,01/2020,04/2023,08/2026,14810.0,16724.0,74990.3,91.6,2026-06,12.9237,40.0,39
362,Installation of Bitumen Manufacturing Unit along with allied facilities at Barauni Refinery,MinistryofPetroleumNaturalGas,709777,Bihar,Ministry of Petroleum & Natural Gas,Energy Storage,01/2022,04/2025,06/2027,389.35,340.0,130.89,64.6,2026-06,-12.675,26.0,39
363,"City Gas Distribution Projects at Darbhanga, Madhubani, Supaul, Sitamarhi and Sheohar districts",Bharat Petroleum Corporation Limited [BPCL],709792,Bihar,Ministry of Petroleum & Natural Gas,Energy Storage,12/2022,03/2030,03/2030,3638.0,3638.0,489.42,33.5,2026-06,0.0,0.0,87
364,"City Gas Distribution Projects at Gopalganj, Siwan, West Champaran, East Champaran and Deoria districts",Bharat Petroleum Corporation Limited [BPCL],709793,Bihar,Ministry of Petroleum & Natural Gas,Energy Storage,12/2022,06/2030,06/2030,3919.0,3919.0,518.13,30.2,2026-06,0.0,0.0,90
365,"City Gas Distribution [CGD] Project in Kondagaon, Bastar, Sukma, Narayanpur, Bijapur & Dantewada GA",Ministry of Petroleum & Natural Gas,617819,Chhattisgarh,Ministry of Petroleum & Natural Gas,Energy Storage,06/2022,06/2030,06/2030,557.04,557.04,10.33,2.2,2026-06,0.0,0.0,96
366,Redevelopment of Sobhasan Complex,Oil and Natural Gas Corporation Limited [ONGC],400087,Gujarat,Ministry of Petroleum & Natural Gas,Energy Storage,08/2021,03/2027,03/2027,885.63,1347.61,1037.37,94.3,2026-06,52.164,0.0,67
367,Redevelopment of Santhal Field [Onshore-Mehsana Asset],Oil and Natural Gas Corporation Limited [ONGC],400167,Gujarat,Ministry of Petroleum & Natural Gas,Energy Storage,02/2017,03/2026,12/2026,1162.56,1162.56,1117.8,96.8,2026-06,0.0,9.0,109
368,Redevelopment of Linch Field,MinistryofPetroleumNaturalGas,400169,Gujarat,Ministry of Petroleum & Natural Gas,Energy Storage,04/2021,03/2025,07/2026,631.03,845.42,617.84,92.1,2026-06,33.9746,16.0,47
369,Petrochemical and Lube Integration Project at Gujarat Refinery,Ministry of Petroleum & Natural Gas,701329,Gujarat,Ministry of Petroleum & Natural Gas,Energy Storage,09/2020,08/2024,11/2026,18936.0,17825.0,75182.67,89.2,2026-06,-5.8671,27.0,47
370,Installation of new Biturox Unit along with allied facilities at Gujarat Refinery,MinistryofPetroleumNaturalGas,709778,Gujarat,Ministry of Petroleum & Natural Gas,Energy Storage,01/2022,08/2025,12/2026,328.29,344.36,227.48,87.0,2026-06,4.8951,16.0,43
371,Commercial Polymer Flooding Project in Bechraji field,Oil and Natural Gas Corporation Limited [ONGC],709838,Gujarat,Ministry of Petroleum & Natural Gas,Energy Storage,01/2022,11/2024,05/2027,621.4,739.02,251.74,48.2,2026-06,18.9282,30.0,34
372,"Restoration of Gas Terminal, Phase-I [Part-A], Hazira",Oil and Natural Gas Corporation Limited [ONGC],709840,Gujarat,Ministry of Petroleum & Natural Gas,Energy Storage,05/2022,02/2025,07/2026,249.43,249.43,218.03,97.5,2026-06,0.0,17.0,33
373,Old Pipe Line Replacement [OPRP] Group-A,Oil and Natural Gas Corporation Limited [ONGC],709841,Gujarat,Ministry of Petroleum & Natural Gas,Energy Storage,07/2021,07/2025,07/2026,173.03,169.84,167.98,94.5,2026-06,-1.8436,12.0,48
374,"Kalol Redevelopment Project, Ahmedabad Asset",Oil and Natural Gas Corporation Limited [ONGC],709842,Gujarat,Ministry of Petroleum & Natural Gas,Energy Storage,08/2022,03/2027,03/2027,1487.41,1487.41,945.45,65.0,2026-06,0.0,0.0,55
375,"Revamping of SV Stations, Gas Terminal & Kribhco Terminal",Oil and Natural Gas Corporation Limited [ONGC],709845,Gujarat,Ministry of Petroleum & Natural Gas,Energy Storage,11/2022,08/2026,08/2026,837.34,837.34,451.61,70.1,2026-06,0.0,0.0,45
376,"Indian Oil Technology Development and Deployment Centre at R&D Campus-II, Faridabad",Ministry of Petroleum & Natural Gas,604853,Haryana,Ministry of Petroleum & Natural Gas,Energy Storage,06/2019,12/2022,07/2027,2281.94,3200.0,1921.56,65.3,2026-06,40.2316,55.0,42
377,Poly Butadiene Rubber plant at Panipat,Indian Oil Corporation Limited [IOCL],611917,Haryana,Ministry of Petroleum & Natural Gas,Energy Storage,03/2022,03/2025,12/2026,1459.0,2531.44,1643.7,88.7,2026-06,73.5051,21.0,36
378,Change of service of existing Mundra-Panipat Pipeline [Panipat - Churwa section] from Crude oil to Product,IOCL,619196,Haryana,Ministry of Petroleum & Natural Gas,Energy Storage,05/2025,04/2027,03/2027,359.0,359.0,40.86,39.6,2026-06,0.0,-1.0,23
379,Capacity Expansion of Panipat Refinery from 15 to 25 MMTPA,Ministry of Petroleum & Natural Gas,701289,Haryana,Ministry of Petroleum & Natural Gas,Energy Storage,02/2021,09/2024,12/2026,34627.0,36225.0,27518.03,94.0,2026-06,4.6149,27.0,43
380,"Installation of Multiple Effect Evaporator [MEE] for ETP-1, 2 & 4 of Panipat Refinery and Petrochemical Complex.",MinistryofPetroleumNaturalGas,709783,Haryana,Ministry of Petroleum & Natural Gas,Energy Storage,12/2020,06/2023,06/2026,165.13,247.69,186.64,91.8,2026-06,49.997,36.0,30
381,"City Gas Distribution Project at Jammu, Udhampur, Reasi, Samba and Kathua Districts (MinistryofPetroleumNaturalGas) (709773) (-) (-) Jammu and Kashmir 03/2022 (03/2022) 09/2034 (09/2034) 538 (538) 4.3 0.6 382 Development of Jharia CBM Block [Phase-1]",Oil and Natural Gas Corporation Limited [ONGC],610984,Jharkhand,Ministry of Petroleum & Natural Gas,Energy Storage,11/2019,01/2024,07/2026,431.0,431.0,267.59,66.1,2026-06,0.0,30.0,50
383,Laying of Natural Gas Pipeline from Hazaribagh to Ranchi [HRPL],MinistryofPetroleumNaturalGas,709785,Jharkhand,Ministry of Petroleum & Natural Gas,Energy Storage,02/2023,02/2026,03/2027,202.07,202.07,65.3,58.1,2026-06,0.0,13.0,36
384,Power System Upgradation Project,MinistryofPetroleumNaturalGas,612790,Karnataka,Ministry of Petroleum & Natural Gas,Energy Storage,10/2023,11/2025,09/2026,385.0,385.0,268.2,88.7,2026-06,0.0,10.0,25
385,Demo Bio-ATF Project,Ministry of Petroleum & Natural Gas,616879,Karnataka,Ministry of Petroleum & Natural Gas,Energy Storage,03/2024,01/2027,01/2027,364.0,364.0,85.56,51.1,2026-06,0.0,0.0,34
386,Revamping/ Augmentation of facilities at existing port terminal at Mangalore,Ministry of Petroleum & Natural Gas,709774,Karnataka,Ministry of Petroleum & Natural Gas,Energy Storage,01/2022,12/2025,06/2027,463.0,500.62,321.59,85.0,2026-06,8.1253,18.0,47
387,Augmentation of CCKPL and IDPL Pipelines capacity along with setting up of Palakkad TOP,Ministry of Petroleum & Natural Gas,617838,Kerala,Ministry of Petroleum & Natural Gas,Energy Storage,09/2024,08/2028,08/2028,1130.0,1130.0,306.1,43.2,2026-06,0.0,0.0,47
388,Setting up Polypropylene Unit at Kochi Refinery,MinistryofPetroleumNaturalGas,709799,Kerala,Ministry of Petroleum & Natural Gas,Energy Storage,12/2023,10/2027,10/2027,4460.0,4850.0,893.86,40.5,2026-06,8.7444,0.0,46
389,C2/C3 Vijaipur Pata Pipeline,Ministry of Petroleum & Natural Gas,617830,Madhya Pradesh,Ministry of Petroleum & Natural Gas,Energy Storage,05/2024,01/2027,01/2027,1792.0,1792.0,510.5,70.8,2026-06,0.0,0.0,32
390,Ethylene Cracker Project at Bina Refinery including downstream Petrochemical Plants and expansion of Refinery,MinistryofPetroleumNaturalGas,709798,Madhya Pradesh,Ministry of Petroleum & Natural Gas,Energy Storage,05/2023,05/2028,05/2028,43367.0,43367.0,5596.0,30.7,2026-06,0.0,0.0,60
391,"500 KTA PDHPP Project, Usar",Ministry of Petroleum & Natural Gas,400168,Maharashtra,Ministry of Petroleum & Natural Gas,Energy Storage,04/2021,04/2025,06/2027,8797.0,11256.0,8741.88,91.6,2026-06,27.9527,26.0,48
392,Lube Modernization & Bottom Upgradation Project at Mumbai Refinery,Ministry of Petroleum and Natural Gas,616933,Maharashtra,Ministry of Petroleum & Natural Gas,Energy Storage,12/2024,03/2028,03/2028,4679.0,4679.0,288.53,12.3,2026-06,0.0,0.0,39
393,Petro Resid Fluidized Catalytic Cracking [PRFCC] Unit and its associated facilities at Mumbai Refinery,Ministry of Petroleum & Natural Gas,619223,Maharashtra,Ministry of Petroleum & Natural Gas,Energy Storage,05/2025,09/2029,09/2029,13626.0,13626.0,81.87,6.1,2026-06,0.0,0.0,52
394,Augmentation of DUPL-DPPL Pipeline,Ministry of Petroleum & Natural Gas,619224,Maharashtra,Ministry of Petroleum & Natural Gas,Energy Storage,06/2025,03/2028,03/2028,844.0,844.0,0.61,7.3,2026-06,0.0,0.0,33
395,Installation of Compression facility at GAIL Usar,Ministry of Petroleum & Natural Gas,619225,Maharashtra,Ministry of Petroleum & Natural Gas,Energy Storage,04/2025,04/2027,04/2027,260.2,260.2,0.0,0.0,2026-06,0.0,0.0,24
396,ONGC-BP Redevelopment Phase-1 Scheme of Mumbai High Field,Ministry of Petroleum & Natural Gas,619328,Maharashtra,Ministry of Petroleum & Natural Gas,Energy Storage,11/2025,03/2027,03/2027,3713.4,3908.0,1557.5,53.2,2026-06,5.2405,0.0,16
397,"City Gas Distribution Project at Beed, Jalgaon and Jalna Districts",MinistryofPetroleumNaturalGas,709771,Maharashtra,Ministry of Petroleum & Natural Gas,Energy Storage,03/2022,09/2031,09/2031,865.0,865.0,84.85,3.4,2026-06,0.0,0.0,114
398,Construction of Additional Tankages and Allied Facilities at JNPT Terminal,MinistryofPetroleumNaturalGas,709780,Maharashtra,Ministry of Petroleum & Natural Gas,Energy Storage,04/2022,08/2026,08/2026,341.43,436.14,304.75,72.4,2026-06,27.7392,0.0,52
399,POL & LOBS Installations with Receipt Pipelines at Rasayani,Bharat Petroleum Corporation Limited [BPCL],709797,Maharashtra,Ministry of Petroleum & Natural Gas,Energy Storage,05/2023,05/2026,09/2026,2585.0,2585.0,1416.51,85.4,2026-06,0.0,4.0,36
405,"Kochi - Koottanad - Bangalore - Mangalore Pipeline Phase-II (Ministry of Petroleum & Natural Gas) (701228) (-) (-) Multi-States (Karnataka, Kerala, Tamil Nadu) 06/2009 (06/2009) 12/2012 (09/2026) 2915 (5909) 4856.3 97 406 City Gas Distribution Maharashtra Natural Gas Limited (Ministry of Petroleum & Natural Gas) (701338) (-) (-) Multi-States (Karnataka, Maharashtra) 01/2006 (01/2006) 06/2031 (06/2",MinistryofPetroleumNaturalGas,709786,Nagaland,Ministry of Petroleum & Natural Gas,Energy Storage,08/2023,11/2027,11/2027,227.62,227.62,27.63,41.6,2026-06,0.0,0.0,51
410,Integrated Para Xylene [PX] and Purified Terephthalic Acid [PTA] Project at Paradip Refinery,Ministry of Petroleum & Natural Gas,604859,Odisha,Ministry of Petroleum & Natural Gas,Energy Storage,07/2020,01/2024,08/2026,13805.0,11783.0,70820.19,94.6,2026-06,-14.6469,31.0,42
411,"City Gas Distribution [CGD] Project in Gajapati, Kandhamal, Boudh, & Sonepur GA",Ministry of Petroleum & Natural Gas,617818,Odisha,Ministry of Petroleum & Natural Gas,Energy Storage,02/2022,12/2031,12/2031,514.91,514.91,24.9,5.9,2026-06,0.0,0.0,118
412,"CUF POL Depot at Sadashibpur [Meramundali], Odisha",MinistryofPetroleumNaturalGas,709800,Odisha,Ministry of Petroleum & Natural Gas,Energy Storage,04/2021,03/2026,06/2026,393.54,393.54,232.3,83.5,2026-06,0.0,3.0,59
413,Life Extension of 48 well platforms of Mumbai High & Heera Fields,Oil and Natural Gas Corporation Limited [ONGC],400119,Offshore,Ministry of Petroleum & Natural Gas,Energy Storage,12/2015,04/2018,10/2026,3190.69,3375.9,3123.2,90.0,2026-06,5.8047,102.0,28
414,PRP-VIII [Group-A],Ministry of Petroleum & Natural Gas,616950,Offshore,Ministry of Petroleum & Natural Gas,Energy Storage,09/2024,02/2026,12/2026,1486.4,1486.4,618.99,59.6,2026-06,0.0,10.0,17
415,Pipeline Replacement Project- PRP-IX,Ministry of Petroleum & Natural Gas,619314,Offshore,Ministry of Petroleum & Natural Gas,Energy Storage,08/2025,05/2027,05/2027,6684.0,6175.0,864.28,21.2,2026-06,-7.6152,0.0,21
416,Daman Upside Development Project,Oil and Natural Gas Corporation Limited [ONGC],709839,Offshore,Ministry of Petroleum & Natural Gas,Energy Storage,06/2022,10/2025,12/2026,4144.41,6406.9,6284.81,99.9,2026-06,54.5914,14.0,40
417,MHN TCPP PGC BGC Project [MTPBP],Ministry of Petroleum & Natural Gas,709848,Offshore,Ministry of Petroleum & Natural Gas,Energy Storage,06/2022,05/2026,12/2026,2329.45,2354.23,1929.54,95.5,2026-06,1.0638,7.0,47
418,PRP-VIII Group B [NH & BS Asset],Ministry of Petroleum & Natural Gas,709849,Offshore,Ministry of Petroleum & Natural Gas,Energy Storage,06/2024,02/2026,12/2026,2379.84,3165.53,2923.49,98.7,2026-06,33.0144,10.0,20
419,Integrated Development of 4 Contract Areas under DSF-II,Ministry of Petroleum & Natural Gas,709851,Offshore,Ministry of Petroleum & Natural Gas,Energy Storage,05/2023,04/2027,04/2027,6183.79,6183.79,2023.95,43.9,2026-06,0.0,0.0,47
420,2G Ethanol Biorefinery at Bathinda,MinistryofPetroleumNaturalGas,400171,Punjab,Ministry of Petroleum & Natural Gas,Energy Storage,05/2020,02/2023,12/2026,1421.46,1421.46,1293.34,94.0,2026-06,0.0,46.0,33
421,City Gas Distribution Project at Pathankot District,MinistryofPetroleumNaturalGas,709770,Punjab,Ministry of Petroleum & Natural Gas,Energy Storage,03/2022,09/2033,09/2033,151.0,151.0,8.96,2.0,2026-06,0.0,0.0,138
422,CBR 9 MMTPA Project,Chennai Petroleum Corporation Limited [CPCL],604795,Tamil Nadu,Ministry of Petroleum & Natural Gas,Energy Storage,09/2021,06/2025,10/2028,31580.0,36354.0,1590.07,10.2,2026-06,15.1172,40.0,45
423,Laying of new 28 inch Desal Water Pipeline and 10 inch Reject Water Pipeline between CPCL Manali Refinery and CPCL Desalination plant at Ennore,Chennai Petroleum Corporation Limited [CPCL],709750,Tamil Nadu,Ministry of Petroleum & Natural Gas,Energy Storage,01/2024,09/2025,12/2026,205.0,205.0,114.87,74.8,2026-06,0.0,15.0,20
424,City Gas Distribution Projects at the Nilgiris and Erode districts,Bharat Petroleum Corporation Limited [BPCL],709796,Tamil Nadu,Ministry of Petroleum & Natural Gas,Energy Storage,12/2022,03/2030,03/2030,3685.0,3685.0,297.76,25.5,2026-06,0.0,0.0,87
425,ATF Pipeline from BPCLs Malkapur POL Installation to Hyderabad International airport,MinistryofPetroleumNaturalGas,617822,Telangana,Ministry of Petroleum & Natural Gas,Energy Storage,03/2025,09/2027,09/2027,215.0,215.0,45.99,26.1,2026-06,0.0,0.0,30
426,"Creation of Gas Dehydration Facilities, Tripura Asset",Oil and Natural Gas Corporation Limited [ONGC],709837,Tripura,Ministry of Petroleum & Natural Gas,Energy Storage,03/2022,05/2024,08/2026,209.33,131.51,79.98,70.5,2026-06,-37.1758,27.0,26
427,Kanpur LPG Bottling Plant,MinistryofPetroleumNaturalGas,619191,Uttar Pradesh,Ministry of Petroleum & Natural Gas,Energy Storage,09/2025,09/2027,09/2027,202.0,202.0,130.8,60.0,2026-06,0.0,0.0,24
428,Bulk Loading Hub- Kanpur,MinistryofPetroleumNaturalGas,619312,Uttar Pradesh,Ministry of Petroleum & Natural Gas,Energy Storage,09/2025,09/2027,09/2027,186.0,186.0,95.21,60.0,2026-06,0.0,0.0,24
429,Revamping / Augmentation of Facilities at Mathura Bitumen Plant,MinistryofPetroleumNaturalGas,709781,Uttar Pradesh,Ministry of Petroleum & Natural Gas,Energy Storage,04/2022,06/2027,12/2026,260.12,260.12,24.1,55.7,2026-06,0.0,-6.0,62
430,"City Gas Distribution Projects at Lakhimpur Kheri , Sitapur, Bahraich, Shravasti,Balrampur, Siddharth Nagar & Maharajganj districts",Bharat Petroleum Corporation Limited [BPCL],709795,Uttar Pradesh,Ministry of Petroleum & Natural Gas,Energy Storage,12/2022,06/2030,06/2030,16654.0,16654.0,738.62,19.0,2026-06,0.0,0.0,90
431,Durgapur - Haldia Pipeline [Section-3B of JHBDPL Project],Ministry of Petroleum & Natural Gas,617302,West Bengal,Ministry of Petroleum & Natural Gas,Energy Storage,03/2017,12/2020,09/2026,1740.0,2493.15,2375.1,95.2,2026-06,43.2845,69.0,45
432,Siliguri-Jhapa Pipeline Project,Indian Oil Corporation Limited [IOCL],617828,West Bengal,Ministry of Petroleum & Natural Gas,Energy Storage,09/2024,03/2029,03/2029,267.0,267.0,2.41,14.3,2026-06,0.0,0.0,54
433,Siliguri Marketing Terminal [SMT] Capacity Augmentation Project,Ministry of Petroleum & Natural Gas,617837,West Bengal,Ministry of Petroleum & Natural Gas,Energy Storage,11/2021,12/2025,10/2026,484.0,484.0,315.4,88.3,2026-06,0.0,10.0,49
434,Haldia Panagarh Pipeline Project,Hindustan Petroleum Corporation Limited,709753,West Bengal,Ministry of Petroleum & Natural Gas,Energy Storage,11/2022,11/2025,08/2026,1010.0,1107.0,865.19,97.2,2026-06,9.604,9.0,36
435,"City Gas Distribution Project at East Mednipore, West Mednipore & Jhargram Districts",MinistryofPetroleumNaturalGas,709772,West Bengal,Ministry of Petroleum & Natural Gas,Energy Storage,03/2022,06/2031,06/2031,609.0,609.0,63.62,2.9,2026-06,0.0,0.0,111
436,City Gas Distribution Projects at Alipurduar and Cooch Behar,Bharat Petroleum Corporation Limited [BPCL],709791,West Bengal,Ministry of Petroleum & Natural Gas,Energy Storage,12/2022,03/2030,03/2030,1017.0,1017.0,232.5,43.7,2026-06,0.0,0.0,87
437,AIIMS Darbhanga,PMSSY AND Institute of NATIONAL Importance,701172,Bihar,Ministry of Health & Family Welfare,Healthcare,09/2020,09/2024,-,1264.0,1264.0,27.81,0.0,2026-06,0.0,,48
438,"Establishment of new GMC Saran [Chhapara] (Medical Education, Ministry of Health and Family Welfare) (706965) (-) (-) Bihar NA (01/1900) 01/1900 (-) 189 (189) 113.4 0 439 Establishment of new GMC Samastipur (Medical Education, Ministry of Health and Family Welfare) (706966) (-) (-) Bihar NA (01/1900) 01/1900 (-) 189 (189) 113.4 0 440 Establishment of new GMC Sitamarhi (Medical Education, Ministry ","Medical Education, Ministry of Health and Family Welfare",707020,Bihar,Ministry of Health & Family Welfare,Healthcare,03/2019,10/2025,-,250.0,500.0,103.21,50.0,2026-06,100.0,,79
445,Establishment of new GMC Korba,"Medical Education, Ministry of Health and Family Welfare",707044,Chhattisgarh,Ministry of Health & Family Welfare,Healthcare,02/2023,12/2026,-,325.0,322.85,178.49,54.0,2026-06,-0.6615,,46
446,Establishment of new GMC Mahasamund,"Medical Education, Ministry of Health and Family Welfare",707045,Chhattisgarh,Ministry of Health & Family Welfare,Healthcare,10/2023,05/2026,-,325.0,325.0,322.5,82.0,2026-06,0.0,,31
447,Establishment of new GMC Kanker,"Medical Education, Ministry of Health and Family Welfare",707046,Chhattisgarh,Ministry of Health & Family Welfare,Healthcare,02/2020,03/2027,-,325.0,325.0,36.0,59.0,2026-06,0.0,,85
448,"Setting up IT Infrastructure including Network Security and Hosting at AIIMS, New Delhi",PMSSY AND Institute of NATIONAL Importance,617882,Delhi,Ministry of Health & Family Welfare,Healthcare,09/2025,09/2026,-,358.19,358.19,53.73,35.0,2026-06,0.0,,12
449,"Redevelopment of Residential colonies at Ayur Vigyan Nagar and West Ansari Nagar campuses of AIIMS, New Delhi",PMSSY AND Institute of NATIONAL Importance,617883,Delhi,Ministry of Health & Family Welfare,Healthcare,10/2016,06/2027,-,4441.0,4441.0,44.44,57.0,2026-06,0.0,,128
450,AIIMS Rajkot,PMSSY AND Institute of NATIONAL Importance,701170,Gujarat,Ministry of Health & Family Welfare,Healthcare,01/2019,03/2026,12/2026,1195.0,1195.0,793.03,93.85,2026-06,0.0,9.0,86
451,Establishment of new GMC Panchmahal,"Medical Education, Ministry of Health and Family Welfare",707049,Gujarat,Ministry of Health & Family Welfare,Healthcare,09/2022,03/2026,-,325.0,663.5,457.34,87.5,2026-06,104.1538,,42
452,Establishment of new GMC Porbandar,"Medical Education, Ministry of Health and Family Welfare",707050,Gujarat,Ministry of Health & Family Welfare,Healthcare,04/2022,09/2024,-,325.0,618.98,936.64,81.0,2026-06,90.4554,,29
453,AIIMS Majra Rewari Haryana,PMSSY AND Institute of NATIONAL Importance,701173,Haryana,Ministry of Health & Family Welfare,Healthcare,02/2019,12/2026,12/2026,1299.0,1646.43,717.42,64.85,2026-06,26.746,0.0,94
454,"AIIMS Kashmir at Awantipora Jammu & Kashmir (PMSSY AND Institute of NATIONAL Importance) (701167) (-) (-) Jammu and Kashmir 01/2019 (03/2019) 12/2025 (12/2026) 1828 (2160.84) 1594.22 78 455 Establishment of new GMc Udhampur (Medical Education, Ministry of Health and Family Welfare) (707051) (-) (-) Jammu and Kashmir 09/2019 (01/2022) 03/2027 (-) 325 (325) 222 75 456 Establishment of new GMC Handwa","Medical Education, Ministry of Health and Family Welfare",707021,Jharkhand,Ministry of Health & Family Welfare,Healthcare,09/2023,08/2026,-,250.0,504.8,271.0,40.0,2026-06,101.92,,35
458,Establishment of new GMC Chaibasa [Singhbhum],"Medical Education, Ministry of Health and Family Welfare",707022,Jharkhand,Ministry of Health & Family Welfare,Healthcare,06/2018,09/2025,-,250.0,454.1,65.0,57.0,2026-06,81.64,,87
459,"Establishment of new GMC Leh (Medical Education, Ministry of Health and Family Welfare) (707057) (-) (-) Ladakh NA (01/1900) 01/1900 (-) 325 (325) 127 0 460 Establishment of new GMC Rajgarh","Medical Education, Ministry of Health and Family Welfare",707058,Madhya Pradesh,Ministry of Health & Family Welfare,Healthcare,12/2021,04/2024,-,325.0,325.0,179.0,84.0,2026-06,0.0,,28
461,Establishment of new GMC Mandla,"Medical Education, Ministry of Health and Family Welfare",707059,Madhya Pradesh,Ministry of Health & Family Welfare,Healthcare,08/2023,04/2026,-,325.0,325.0,83.41,43.0,2026-06,0.0,,32
462,"Establishment of new GMC Gondia (Medical Education, Ministry of Health and Family Welfare) (706988) (-) (-) Maharashtra NA (01/1900) 01/1900 (-) 189 (189) 113.4 0 463 Establishment of new GMC West Garo Hills [Tura] (Medical Education, Ministry of Health and Family Welfare) (706989) (-) (-) Meghalaya NA (01/1900) 01/1900 (-) 189 (189) 170.1 0 464 Establishment of new GMC Mon (Medical Education, Min","Medical Education, Ministry of Health and Family Welfare",707069,Punjab,Ministry of Health & Family Welfare,Healthcare,11/2019,12/2028,-,325.0,550.0,0.0,0.0,2026-06,69.2308,,109
466,Establishment of new GMC Hoshiarpur,"Medical Education, Ministry of Health and Family Welfare",707070,Punjab,Ministry of Health & Family Welfare,Healthcare,01/2020,12/2028,-,325.0,374.75,2.0,1.0,2026-06,15.3077,,107
467,Establishment of new GMC Gangtok,"Medical Education, Ministry of Health and Family Welfare",707039,Sikkim,Ministry of Health & Family Welfare,Healthcare,10/2018,12/2026,-,250.0,635.21,667.21,92.0,2026-06,154.084,,98
468,ALL India Institute of Medical Sciences-AIIMS Madurai,PMSSY AND Institute of NATIONAL Importance,701168,Tamil Nadu,Ministry of Health & Family Welfare,Healthcare,12/2018,08/2022,10/2026,1264.0,2021.51,522.72,52.0,2026-06,59.9296,50.0,44
469,AIIMS Bibinagar,PMSSY AND Institute of NATIONAL Importance,701171,Telangana,Ministry of Health & Family Welfare,Healthcare,12/2018,06/2026,06/2026,1028.0,1365.95,989.98,87.32,2026-06,32.8745,0.0,90
470,Establishment of new GMC Rudrapur,"Medical Education, Ministry of Health and Family Welfare",707086,Uttarakhand,Ministry of Health & Family Welfare,Healthcare,10/2022,12/2026,-,325.0,325.0,274.0,60.0,2026-06,0.0,,50
471,Establishment of new GMC Pithoragarh,"Medical Education, Ministry of Health and Family Welfare",707087,Uttarakhand,Ministry of Health & Family Welfare,Healthcare,08/2021,12/2026,-,325.0,768.89,327.08,84.0,2026-06,136.5815,,64
472,"Construction of 350 beds + 50 Super Specialty beds ESIC Hospital Sheelanagar, Visakhapatnam, Andhra Pradesh",Employee's State Insurance Company [ESIC],612167,Andhra Pradesh,Ministry of Labour and Employment,Healthcare,02/2021,10/2025,06/2026,384.27,384.27,253.37,94.0,2026-06,0.0,8.0,56
473,350 Bedded [Upgradable to 500 beds] ESI Hospital at Sanand,Employee's State Insurance Company [ESIC],612186,Gujarat,Ministry of Labour and Employment,Healthcare,06/2022,03/2026,05/2027,558.12,558.12,55.81,21.5,2026-06,0.0,14.0,45
474,"Demolition, Construction and upgradation of ESI Hospital, Kalol, Gujarat from 50 beds to 150 beds.",Employee's State Insurance Company [ESIC],612211,Gujarat,Ministry of Labour and Employment,Healthcare,08/2022,10/2025,11/2026,205.87,205.87,51.74,50.0,2026-06,0.0,13.0,38
475,"Construction of 200 bed ESI Hospital at Bommasandra, Karnataka",Employee's State Insurance Company [ESIC],612745,Karnataka,Ministry of Labour and Employment,Healthcare,02/2015,01/2027,05/2027,278.0,278.0,80.52,34.0,2026-06,0.0,4.0,143
476,"Construction of 100 bed ESI Hospital and Staff Quarters [32 Nos.] at Harohalli, Karnataka",Employee's State Insurance Company [ESIC],612748,Karnataka,Ministry of Labour and Employment,Healthcare,07/2019,02/2027,-,150.92,150.92,31.05,25.9,2026-06,0.0,,91
477,"Construction of 200 Bedded ESIC Hospital at Butibori, Nagpur, Maharashtra.",Employee's State Insurance Company [ESIC],612213,Maharashtra,Ministry of Labour and Employment,Healthcare,10/2013,08/2025,09/2026,194.93,196.7,114.39,67.0,2026-06,0.908,13.0,142
478,"Upgradation & Extension of ESIC Hospital and Construction of PG Hostel / Staff Housing for ESIC Hospital at Andheri, Mumbai",Employee's State Insurance Company [ESIC],616691,Maharashtra,Ministry of Labour and Employment,Healthcare,12/2008,08/2025,09/2026,260.13,260.13,216.46,89.0,2026-06,0.0,13.0,200
479,"Construction of 100 Bedded ESI Hospital at Duburi, Odisha.",Employee's State Insurance Company [ESIC],612513,Odisha,Ministry of Labour and Employment,Healthcare,12/2010,06/2027,-,164.6,164.6,16.44,7.2,2026-06,0.0,,198
480,CONSTRUCTION OF 300 BEDDED HOSPITAL AT HARIDWAR,Employee's State Insurance Company [ESIC],612259,Uttarakhand,Ministry of Labour and Employment,Healthcare,02/2021,10/2024,07/2026,102.4,297.63,340.3,89.0,2026-06,190.6543,21.0,44
481,"Jal Marg Vikas Project (Inland Waterways Authority of India [IWAI]) (701565) (-) (-) Multi-States (Bihar, Jharkhand, Uttar Pradesh, West Bengal) 01/2018 (02/2018) 12/2023 (12/2025) 5369.18 (5061.15) 4117.61 83.72 Total (1) 5369.18 4117.61 Shipping 482 Development of Container Terminal at Tuna-Tekra, Deendayal Port on BOT Basis Under PPP Mode",Deendayal Port Trust,609424,Gujarat,"Ministry of Ports, Shipping and Waterways",Inland Waterways,10/2022,03/2027,09/2027,4243.64,4243.64,2481.0,60.0,2026-06,0.0,6.0,53
483,"Replacement and revamping of pipeline projects in oil jetty area, Kandla",Deendayal Port Trust [DPT],701570,Gujarat,"Ministry of Ports, Shipping and Waterways",Inland Waterways,09/2021,09/2023,03/2025,171.0,211.61,149.5,92.0,2026-06,23.7485,18.0,24
484,Mechanization of Berth No.14 for handling Containers and other cargo on DBFOT basis - Phase II,New Mangalore Port Authority,617804,Karnataka,"Ministry of Ports, Shipping and Waterways",Inland Waterways,12/2023,03/2027,-,153.23,153.23,97.45,95.0,2026-06,0.0,,39
485,Rewas Port Project,Reliance Industries Ltd,400382,Maharashtra,"Ministry of Ports, Shipping and Waterways",Inland Waterways,12/2019,03/2023,-,6000.0,6000.0,5999.89,88.0,2026-06,0.0,,39
486,Deepening and Optimization of Inner Harbour facilities including development of Western Dock on BOT basis to handle Cape size vessels,Paradip Port Trust [PPT],701574,Odisha,"Ministry of Ports, Shipping and Waterways",Inland Waterways,05/2022,12/2027,10/2028,3004.63,3004.63,2244.12,74.0,2026-06,0.0,10.0,67
487,"Integrated development of Outer Container Terminal and berth No. 1 though 5 NSD at KDS, SMPK on DBFOT basis through PPP mode",Syama Prasad Mookerjee Port Kolkata,619229,West Bengal,"Ministry of Ports, Shipping and Waterways",Inland Waterways,03/2025,08/2028,-,832.25,832.25,0.0,0.0,2026-06,0.0,,41
488,National Maritime Heritage Complex [NMHC] Phase-I,Indian Port Rail & Ropeway Corporation Ltd. [IPRCL],707215,Gujarat,"Ministry of Ports, Shipping and Waterways",Inland Waterways,02/2019,03/2024,03/2026,573.0,1238.05,636.91,78.92,2026-06,116.0646,24.0,61
573,636.91 Department for Promotion of Industry & Internal Trade Logistics Infrastructure 489 Integrated Multi Modal Logistics Hub at Nangal Chaudhary in Haryana - Other Trunk Infrastructure Development Phase 1,National Highways & Infrastructure Development Corporation Ltd. [NHIDCL],707410,Haryana,"Ministry of Ports, Shipping and Waterways",Inland Waterways,05/2018,12/2023,05/2028,763.0,763.0,430.0,60.0,2026-06,0.0,53.0,67
763,430 Real Estate 490 Orvakal Industrial Area,NICDC,617727,Andhra Pradesh,Department for Promotion of Industry & Internal Trade,Logistics Infrastructure,08/2024,10/2028,-,2786.0,2786.0,278.6,12.81,2026-06,0.0,,50
491,Kopparthy Industrial Area,NICDC,617729,Andhra Pradesh,Department for Promotion of Industry & Internal Trade,Logistics Infrastructure,08/2024,10/2028,-,2136.0,2136.0,39.75,5.23,2026-06,0.0,,50
492,Krishnapatnam Node - Phase 1 - Roads and Services Development,National Industrial Corridor Development Corporation,701658,Andhra Pradesh,Department for Promotion of Industry & Internal Trade,Logistics Infrastructure,12/2020,02/2027,-,2139.44,2139.44,981.35,45.43,2026-06,0.0,,74
493,Tumakuru Node - Phase 1 - Roads and Services Development,National Highways & Infrastructure Development Corporation Ltd. [NHIDCL],701657,Karnataka,Department for Promotion of Industry & Internal Trade,Logistics Infrastructure,12/2020,09/2026,09/2027,1701.81,1701.81,324.12,25.67,2026-06,0.0,12.0,69
494,Development of Palakkad Node under extension of CBIC to Kochi,National Industrial Corridor Development Corporation,701668,Kerala,Department for Promotion of Industry & Internal Trade,Logistics Infrastructure,08/2024,04/2029,-,3805.0,3805.0,0.0,5.25,2026-06,0.0,,56
495,Development of Jodhpur Pali Marwar Industrial Area JPMIA in Rajasthan,National Industrial Corridor Development Corporation,603210,Rajasthan,Department for Promotion of Industry & Internal Trade,Logistics Infrastructure,08/2024,07/2028,-,921.66,921.66,0.0,4.67,2026-06,0.0,,47
496,Development of Zaheerabad Node under Hyderabad Nagpur Industrial Corridor,National Industrial Corridor Development Corporation,601812,Telangana,Department for Promotion of Industry & Internal Trade,Logistics Infrastructure,08/2024,02/2029,-,2360.0,2360.0,42.89,3.58,2026-06,0.0,,54
497,IMC at Prayagraj,National Industrial Corridor Development Corporation,707419,Uttar Pradesh,Department for Promotion of Industry & Internal Trade,Logistics Infrastructure,08/2024,06/2027,-,658.0,658.0,75.63,22.54,2026-06,0.0,,34
498,Capacity expansion of Deposit-14 and 14 NMZ at Kirandul,National Mineral Development Corporation Limited [NMDC],615202,Chhattisgarh,Ministry of Steel,Metals & Mining,08/2021,12/2028,03/2028,1700.0,1756.2,263.01,18.3,2026-06,3.3059,-9.0,88
1700,263.01 Steel 499 Replacement of Hot Leveller No.1 of Plate Mill at Bhilai Steel Plant,Steel Authority of India Limited [SAIL],617243,Chhattisgarh,Ministry of Steel,Metals & Mining,07/2024,07/2026,-,198.62,198.62,129.24,82.13,2026-06,0.0,,24
500,"Replacement of Converter Vessels, Trunnion Rings, Support System & Installation of Secondary Emission at Bhilai Steel Plant",Steel Authority of India Limited [SAIL],617255,Chhattisgarh,Ministry of Steel,Metals & Mining,10/2023,06/2026,09/2026,471.83,471.83,257.18,70.5,2026-06,0.0,3.0,32
501,Rebuilding of Coke Oven Battery No.7 & 8 at Bhilai Steel Plant,Steel Authority of India Limited [SAIL],617256,Chhattisgarh,Ministry of Steel,Metals & Mining,11/2023,10/2025,09/2026,884.1,884.1,618.87,93.74,2026-06,0.0,11.0,23
502,NMDC Slurry Pipeline Project Phase-1,National Mineral Development Corporation Limited [NMDC],706811,Chhattisgarh,Ministry of Steel,Metals & Mining,11/2015,06/2023,05/2026,2907.0,5427.0,3639.5,95.2,2026-06,86.6873,35.0,91
503,SCREENING PLANT-III AT KIRANDUL,National Mineral Development Corporation Limited [NMDC],709826,Chhattisgarh,Ministry of Steel,Metals & Mining,01/2009,01/2026,07/2027,2718.84,2718.84,1748.76,83.15,2026-06,0.0,18.0,204
504,"New Sinter Plant at BSL, SAIL",Steel Authority of India Limited [SAIL],400174,Jharkhand,Ministry of Steel,Metals & Mining,03/2015,10/2027,06/2027,1034.01,1752.3,1014.95,63.76,2026-06,69.4664,-4.0,151
505,Replacement of existing Grinders in CRM-I & II at Bokaro Steel Plant,Steel Authority of India Limited [SAIL],617249,Jharkhand,Ministry of Steel,Metals & Mining,01/2025,01/2027,-,211.94,211.94,59.72,50.4,2026-06,0.0,,24
506,Secondary Emission Control in Converters of SMS-II at Bokaro Steel Plant,Steel Authority of India Limited [SAIL],617250,Jharkhand,Ministry of Steel,Metals & Mining,01/2025,10/2026,04/2027,207.13,207.13,86.62,51.82,2026-06,0.0,6.0,21
507,Replacement of remaining 04 sets of Battery Cyclones with 04 Nos. of ESPs in Sinter Plant-1 at Bokaro Steel Plant,Steel Authority of India Limited [SAIL],617254,Jharkhand,Ministry of Steel,Metals & Mining,03/2024,06/2026,04/2027,260.37,260.37,125.6,50.16,2026-06,0.0,10.0,27
508,Rebuilding of Coke Oven Battery No.6 at Bokaro Steel Plant,Steel Authority of India Limited [SAIL],617257,Jharkhand,Ministry of Steel,Metals & Mining,11/2023,11/2026,11/2027,627.31,627.31,342.26,66.11,2026-06,0.0,12.0,36
509,"Construction of Screening Plant-II for Donimalai and Kumaraswamy Iron Ore Mining Complex of NMDC Limited at Ballari Dt, Karnataka.",National Mineral Development Corporation Limited [NMDC],400121,Karnataka,Ministry of Steel,Metals & Mining,11/2014,08/2026,-,1043.63,1043.63,628.29,65.0,2026-06,0.0,,141
510,Rebuilding of COB 4 at Durgapur Steel Plant,Steel Authority of India Limited [SAIL],612781,West Bengal,Ministry of Steel,Metals & Mining,09/2023,12/2026,09/2027,916.78,916.78,234.05,35.36,2026-06,0.0,9.0,39
511,Installation of New Bar Mill at Durgapur Steel Plant,Steel Authority of India Limited [SAIL],617242,West Bengal,Ministry of Steel,Metals & Mining,07/2024,06/2027,-,2115.44,2115.44,828.94,66.02,2026-06,0.0,,35
512,Up-gradation of Blast Furnace No. 3 at Durgapur Steel Plant,Steel Authority of India Limited [SAIL],617246,West Bengal,Ministry of Steel,Metals & Mining,09/2024,06/2026,10/2027,758.09,758.09,286.36,41.68,2026-06,0.0,16.0,21
513,Third Ladle Furnace in Secondary Refinery Unit at IISCO Steel Plant,Steel Authority of India Limited [SAIL],617248,West Bengal,Ministry of Steel,Metals & Mining,11/2024,07/2026,11/2026,227.96,227.96,103.97,74.55,2026-06,0.0,4.0,20
514,Revamping of Air Pollution Control Systems of SP-1 at Durgapur Steel Plant,Steel Authority of India Limited [SAIL],617251,West Bengal,Ministry of Steel,Metals & Mining,07/2024,05/2026,08/2026,196.4,196.4,65.5,32.21,2026-06,0.0,3.0,22
515,Stamp Charge Battery No.12 Battery Proper at IISCO Steel Plant,Steel Authority of India Limited [SAIL],617338,West Bengal,Ministry of Steel,Metals & Mining,01/2025,07/2028,-,2518.39,2518.39,415.31,26.7,2026-06,0.0,,42
516,Nadikudi - Srikalahasti New Line,South Central Railway [SCR] - II,400298,Andhra Pradesh,Ministry of Railways,Railways,03/2012,05/2027,03/2028,2312.0,5932.0,3119.31,55.02,2026-06,156.5744,10.0,182
517,GUNTAKAL WEST-MALLAPPA GATE RAIL OVER RAIL - ROR TRACK,South Central Railway [SCR] - II,611754,Andhra Pradesh,Ministry of Railways,Railways,07/2023,07/2026,-,293.3,293.3,272.72,0.24,2026-06,0.0,,36
518,Kurnool - Setting up facilities for coach midlife rehabilitation workshop,WPO/Patna,611927,Andhra Pradesh,Ministry of Railways,Railways,01/2014,12/2023,-,560.72,560.72,276.66,65.0,2026-06,0.0,,119
519,Flyover between Pendurthi and Simhachalam North to avoid surface crossing at Simhachalam 7.135 km PB 73 of 2023 24 NR,East Coast Railway [ECoR] - II,612827,Andhra Pradesh,Ministry of Railways,Railways,04/2023,04/2027,-,183.65,183.65,17.25,16.0,2026-06,0.0,,48
520,3rd & 4th line between Vadlapudi -Gate Jn. cabin and Tie line between Gate Junction to Gangavaram port,East Coast Railway [ECoR] - II,616697,Andhra Pradesh,Ministry of Railways,Railways,04/2023,06/2026,-,154.28,154.28,69.59,80.0,2026-06,0.0,,38
521,Tiupati Katpadi 104.39 kms,South Central Railway [SCR] - II,617210,Andhra Pradesh,Ministry of Railways,Railways,04/2025,03/2029,-,1215.56,1215.56,62.2,0.06,2026-06,0.0,,47
522,3rd Line between Gudur Renigunta 83.17 Km,South Central Railway [SCR] - II,617216,Andhra Pradesh,Ministry of Railways,Railways,10/2024,03/2027,-,877.34,877.34,206.02,0.17,2026-06,0.0,,29
523,Nidadavolu-Duvvada 3rd & 4th Lines,South Central Railway [SCR] - II,619326,Andhra Pradesh,Ministry of Railways,Railways,04/2026,01/2032,-,9889.24,9889.24,0.0,0.01,2026-06,0.0,,69
524,Kurnool Coach Midlife Rehabilitation Project,South Central Railway [SCR] - II,705253,Andhra Pradesh,Ministry of Railways,Railways,05/2016,12/2020,12/2026,563.0,560.72,959.27,75.01,2026-06,-0.405,72.0,55
525,Kotapalli - Narasapur New Line,South Central Railway [SCR] - II,705436,Andhra Pradesh,Ministry of Railways,Railways,03/2009,03/2028,03/2028,2501.0,2501.0,1417.7,30.02,2026-06,0.0,0.0,228
526,Guntur-Guntakal Doubling Project,South Central Railway [SCR] - II,705633,Andhra Pradesh,Ministry of Railways,Railways,03/2017,12/2025,12/2026,3733.0,4295.0,5552.65,94.05,2026-06,15.0549,12.0,105
527,Vijaywada-Gudur 3rd Line,RVNL - II,705648,Andhra Pradesh,Ministry of Railways,Railways,08/2016,11/2024,03/2026,6654.0,6654.0,6213.64,96.0,2026-06,0.0,16.0,99
528,Furkating-New Tinsukia[194 Km],Northeast Frontier Railway [NFR],618986,Assam,Ministry of Railways,Railways,09/2025,06/2029,-,3633.58,3633.58,0.0,0.0,2026-06,0.0,,45
529,Doubling of New Bonggigaon to Kamakhya via Goalpara - 176 km,Northeast Frontier Railway [NFR],705572,Assam,Ministry of Railways,Railways,09/2016,03/2026,03/2026,4060.0,4961.0,3831.06,95.16,2026-06,22.1921,0.0,114
530,Guwahati-Dibrugarh via Tinsukia & Simaluguri-Dibrugarh,Central Organisation for Railway Electrification [CORE],706922,Assam,Ministry of Railways,Railways,09/2020,09/2020,06/2024,890.36,889.36,391.73,89.0,2026-06,-0.1123,45.0,0
531,"Mariani-Jorhat, Tinsukia-Dangri and Makum -TirapTrack Electrification Project",GM/C/ NFR,706940,Assam,Ministry of Railways,Railways,09/2018,05/2024,-,183.99,183.99,0.0,0.0,2026-06,0.0,,68
532,Harmuty-Murkongselek Branch Line Electrification Project,GM/C/ NFR,706942,Assam,Ministry of Railways,Railways,09/2018,05/2024,-,237.52,237.52,0.0,0.0,2026-06,0.0,,68
533,Sakri -Hasanpur [via Harnagar - Kusheshwar Asthan] New Railway line,East Central Railway [ECR] - I,400254,Bihar,Ministry of Railways,Railways,12/2023,12/2024,03/2027,735.2,735.2,589.37,84.2,2026-06,0.0,27.0,12
534,Construction of Bulb line at Nabinagar Ankorah of East Central Railway,East Central Railway [ECR] - I,617231,Bihar,Ministry of Railways,Railways,06/2024,06/2028,-,611.74,611.74,0.0,0.0,2026-06,0.0,,48
535,Doubling of Narkatiaganj Raxaul Sitamarhi Darbhanga & Sitamarhi Muzaffarpur 256 KM,East Central Railway [ECR] - I,617239,Bihar,Ministry of Railways,Railways,11/2024,11/2029,03/2030,4079.95,4079.95,9.93,0.0,2026-06,0.0,4.0,60
536,Khagaria-Kusheshwar Asthan [42Km] new line project,East Central Railway [ECR] - I,705364,Bihar,Ministry of Railways,Railways,04/2019,12/2024,03/2027,614.0,1384.16,491.56,55.7,2026-06,125.4332,27.0,68
537,Hajipur-Sagauli New line,East Central Railway [ECR] - I,705366,Bihar,Ministry of Railways,Railways,10/2007,03/2020,06/2027,2067.0,2087.0,2182.46,75.6,2026-06,0.9676,87.0,149
538,Araria Supaul New BG Line,East Central Railway [ECR] - I,705368,Bihar,Ministry of Railways,Railways,06/2018,03/2024,01/2027,1605.0,2514.0,1725.95,46.9,2026-06,56.6355,34.0,69
539,"Fatuha-Islampur incl. MM for extn.of NL from Neora to Daniawan , Daniawan to Biharsharif, Biharsharif to Barbigha , Barbigha to Shekhpura",East Central Railway [ECR] - I,705373,Bihar,Ministry of Railways,Railways,08/2002,03/2023,08/2025,1473.0,2882.0,2712.19,98.2,2026-06,95.6551,29.0,247
540,Jogbani-Biratnagar New Rail Line project,Indian Railway Construction International Limited [IRCON],705450,Bihar,Ministry of Railways,Railways,06/2010,03/2022,12/2026,402.0,486.0,369.48,86.5,2026-06,20.8955,57.0,141
541,Samastipur-Darbhanga Doubling Railway Project,East Central Railway [ECR] - I,705526,Bihar,Ministry of Railways,Railways,11/2015,03/2025,10/2025,519.0,519.0,412.58,100.0,2026-06,0.0,7.0,112
542,Sagauli-Valmiknagar,East Central Railway [ECR] - I,705527,Bihar,Ministry of Railways,Railways,03/2018,12/2025,12/2025,1216.0,2222.0,2102.51,93.0,2026-06,82.7303,0.0,93
543,Muzaffarpur-Sugauli,East Central Railway [ECR] - I,705528,Bihar,Ministry of Railways,Railways,03/2018,06/2024,06/2026,1586.0,1586.0,1509.67,99.0,2026-06,0.0,24.0,75
544,Rampur Dumra-Tal-Rajendrapul Additional Bridge and Railway Line Doubling,Indian Railway Construction International Limited [IRCON],706759,Bihar,Ministry of Railways,Railways,03/2016,12/2024,12/2025,2373.64,1700.24,1581.96,98.5,2026-06,-28.3699,12.0,105
545,Barauni-Bachwara [16 km] - 3rd & 4th line incl. Barauni yard remodelling [32 km],East Central Railway [ECR] - I,706860,Bihar,Ministry of Railways,Railways,10/2022,08/2025,10/2026,645.0,645.0,54.13,56.9,2026-06,0.0,14.0,34
546,JHAJHA - BATIA,East Central Railway [ECR] - I,900874,Bihar,Ministry of Railways,Railways,03/2023,03/2028,01/2030,588.18,588.18,2.38,0.1,2026-06,0.0,22.0,60
547,Kharsia-Dharamjaygarh with Spur line [East Corridor-Phase 1],Indian Railway Construction International Limited [IRCON],400220,Chhattisgarh,Ministry of Railways,Railways,03/2016,09/2018,12/2026,3055.0,3798.06,2790.19,95.15,2026-06,24.3227,99.0,30
548,Doubling of Kirandul-Jagdalpur Line [150 km],East Coast Railway [ECoR] - II,400291,Chhattisgarh,Ministry of Railways,Railways,02/2013,03/2020,04/2027,1589.0,1798.0,1691.27,96.17,2026-06,13.1529,85.0,85
549,Gauge Conversion of Kendri-Dhamtari including Abhanpur - Rajim Branch line 67.20 Kms - 2nd Material Modification to Raipur Titlagarh doubling.,SECR,602792,Chhattisgarh,Ministry of Railways,Railways,07/2011,02/2025,06/2026,1171.0,1171.0,448.77,100.0,2026-06,0.0,16.0,163
550,4th line between Nipania Bhatapara 14.4 Km,South East Central Railway [SECR] - II,612815,Chhattisgarh,Ministry of Railways,Railways,12/2022,03/2027,-,170.49,170.49,9.98,15.0,2026-06,0.0,,51
551,KHARSIA- NAYA RAIPUR-PARMALKASA 5th and 6th Line [278KM],CAO/C/SECR,617200,Chhattisgarh,Ministry of Railways,Railways,04/2025,03/2031,-,7853.84,7853.84,0.64,0.0,2026-06,0.0,,71
552,"Dallirajhara - Rowghat New Rail Line Project, Phase-I",Rail Vikas Nigam Limited,617374,Chhattisgarh,Ministry of Railways,Railways,07/2009,03/2025,02/2026,1516.45,1881.26,2154.73,98.0,2026-06,24.0568,11.0,188
553,Dallirajhra- Rowghat New Railway Line - Phase I [95 km],Rail Vikas Nigam Limited,705433,Chhattisgarh,Ministry of Railways,Railways,07/2009,09/2025,12/2025,1628.0,1628.0,1440.85,82.0,2026-06,0.0,3.0,194
554,Gevra Road-Pendra Road New Railway Line [135 km],Indian Railway Construction International Limited [IRCON],705444,Chhattisgarh,Ministry of Railways,Railways,04/2014,03/2022,12/2026,4970.0,7448.52,5327.55,83.36,2026-06,49.8696,57.0,95
555,Boridand - Ambikapur Doubling Line Project,South East Central Railway [SECR] - II,706854,Chhattisgarh,Ministry of Railways,Railways,06/2022,06/2030,06/2030,1376.0,1576.72,312.72,30.0,2026-06,14.5872,0.0,96
556,4TH LINE - BHATAPARA-HATHBAND [8.8 KM] [PB-72/NR/2022-23],SECR,709815,Chhattisgarh,Ministry of Railways,Railways,09/2022,01/2027,12/2027,177.03,177.03,12.3,18.0,2026-06,0.0,11.0,52
557,4TH LINE - BHILAI-BHILAI NAGAR [8.8 KM] [PB-72/NR/2022-23],SECR,709816,Chhattisgarh,Ministry of Railways,Railways,09/2022,02/2027,02/2027,177.34,177.34,32.49,11.0,2026-06,0.0,0.0,53
558,4TH LINE RAJNANDGAON-DONGARHGARH [31.2 KM] [PB-72/NR/2022-23],SECR,709818,Chhattisgarh,Ministry of Railways,Railways,09/2022,01/2027,01/2027,328.34,328.34,96.2,36.0,2026-06,0.0,0.0,52
559,3RD AND 4TH LINE - SARAGBUNDIA AND MADWARANI,SECR,709819,Chhattisgarh,Ministry of Railways,Railways,09/2022,12/2026,12/2026,167.64,167.64,28.01,11.0,2026-06,0.0,0.0,51
560,Redevelopment of New Delhi Railway Station and construction of associated infrastructure,Rail Land Development Authority,613785,Delhi,Ministry of Railways,Railways,01/2023,12/2028,-,4744.0,4744.0,355.8,6.0,2026-06,0.0,,71
561,Development of New Bijwasan Railway Terminal,Northern Railways,617379,Delhi,Ministry of Railways,Railways,02/2008,03/2020,12/2026,446.21,446.21,565.7,80.0,2026-06,0.0,81.0,145
562,Anand Vihar-Tilak Bridge 3rd & 4th line,CAO/C/NR,705583,Delhi,Ministry of Railways,Railways,03/2013,03/2023,12/2027,667.0,667.0,333.72,23.0,2026-06,0.0,57.0,120
563,Chandargaon - Cansaulium Rail Flyover Project [16 Km] (South Western Railway [SWR] - II) (706865) (-) (-) Goa NA (04/2026) 03/2031 (-) 1892 (1892) 0 0 564 Kosamba Umarpada 70 Km,PCE/WR,611918,Gujarat,Ministry of Railways,Railways,07/2023,03/2027,-,468.0,468.0,44.62,9.0,2026-06,0.0,,44
565,New Broad Gauge line between Naliya to Jakhau Port,Western Railway [WR] - II,611943,Gujarat,Ministry of Railways,Railways,02/2023,01/2028,02/2028,410.26,410.26,11.3,5.0,2026-06,0.0,1.0,59
566,Petlad-Bhadran 22.5 km,CAOCWR WR mor,611945,Gujarat,Ministry of Railways,Railways,05/2022,05/2030,05/2030,307.11,307.11,18.9,17.0,2026-06,0.0,0.0,96
567,Samlaya Timba Road 54 km,PCE/WR,611970,Gujarat,Ministry of Railways,Railways,02/2023,03/2030,03/2030,670.17,670.17,47.46,12.0,2026-06,0.0,0.0,85
568,Samni Jambusar 24 km,PCE/WR,611971,Gujarat,Ministry of Railways,Railways,05/2022,03/2030,03/2030,350.0,349.93,80.49,31.0,2026-06,-0.02,0.0,94
569,Western Railway Samakhiali Gandhidham Quadrupiling 53 Kms,Western Railway [WR] - II,611974,Gujarat,Ministry of Railways,Railways,08/2023,12/2026,12/2027,1430.0,1430.0,582.1,45.0,2026-06,0.0,12.0,40
570,Dahod Creation of Infrastructure facilities for 9000 HP Electric locomotives Manufacturing at,PCE/WR,611977,Gujarat,Ministry of Railways,Railways,05/2022,02/2025,-,487.0,487.0,222.88,53.0,2026-06,0.0,,33
571,Dahod Rolling Stock Workshop Provision of Infrastructure for CBS at,PCE/WR,611978,Gujarat,Ministry of Railways,Railways,11/2022,03/2025,-,158.0,158.0,51.87,10.0,2026-06,0.0,,28
572,Sabarmati Setting up of Maintenance Facilities for Train Sets Phase ii,Western Railway [WR] - II,611979,Gujarat,Ministry of Railways,Railways,01/2023,06/2025,05/2026,250.0,250.0,185.02,88.0,2026-06,0.0,11.0,29
573,4th LINE BETWEEN BAREJADI NANDEJ-SANAND-AHMEDABAD BYPASS,Western Railway WR - II,612072,Gujarat,Ministry of Railways,Railways,02/2023,03/2027,07/2028,961.67,961.67,524.6,22.0,2026-06,0.0,16.0,49
574,"Redevelopment of Ahmedabad railway station and associated infrastructure on engineering, procurement and construction mode",Rail Land Development Authority,613786,Gujarat,Ministry of Railways,Railways,01/2023,03/2028,-,2379.0,2379.0,984.21,32.5,2026-06,0.0,,62
575,Kosamba Umarpada GC PROJECT,Ministry of Railways-,616983,Gujarat,Ministry of Railways,Railways,07/2023,06/2027,-,467.58,467.58,70.54,16.0,2026-06,0.0,,47
576,Desalpar-Hajipir-Luna and Vayor-Lakhpat New Line,Western Railway [WR] - II,617880,Gujarat,Ministry of Railways,Railways,09/2025,09/2028,-,2526.47,2526.47,0.0,0.0,2026-06,0.0,,36
577,Devbhumi Dwarka [Okha] - Kanalus Doubling,Western Railway [WR] - II,618972,Gujarat,Ministry of Railways,Railways,12/2025,12/2028,-,1456.77,1456.77,0.28,0.0,2026-06,0.0,,36
578,Miyagam-Karjan-Dabhoi-Samlaya [GC],Western Railway [WR] - II,705458,Gujarat,Ministry of Railways,Railways,01/2017,03/2021,12/2026,483.88,1039.13,723.52,45.0,2026-06,114.7495,69.0,50
579,Modasa-Shamlaji Road Railway Line Project,Western Railway WR - II,706757,Gujarat,Ministry of Railways,Railways,09/2012,03/2025,03/2026,262.0,262.0,387.82,64.0,2026-06,0.0,12.0,150
580,Rajkot - Kanalus Doubling Project [111.2 Kms],Western Railway WR - II,706763,Gujarat,Ministry of Railways,Railways,10/2021,10/2026,06/2026,1080.58,1080.58,969.78,82.0,2026-06,0.0,-4.0,60
581,NADIAD-PETLAD [37.26 KM],Railway,709812,Gujarat,Ministry of Railways,Railways,05/2022,06/2030,06/2030,461.91,461.91,186.9,8.0,2026-06,0.0,0.0,97
582,NEW BG LINE INTERSECTION [5 NOS] BETWEEN GERATPUR-SANAND & BOTAD-AHMEDABAD [16.51 KM],Western Railway [WR] - II,709813,Gujarat,Ministry of Railways,Railways,10/2022,06/2028,10/2027,437.21,437.21,117.95,22.0,2026-06,0.0,-8.0,68
583,Bhiwani - Dobh Bahali Doubling Project [42.30 Km],North Western Railway [NWR],611884,Haryana,Ministry of Railways,Railways,02/2023,02/2028,02/2028,471.0,471.0,273.41,73.0,2026-06,0.0,0.0,60
584,Koderma-Arigada Doubling 133.38 Km of East Central Railway,East Central Railway [ECR] - I,617832,Jharkhand,Ministry of Railways,Railways,06/2025,12/2029,-,2887.11,2887.11,0.1,0.0,2026-06,0.0,,54
585,Parasnath-Madhuban-Giridih new line,East Central Railway [ECR] - I,705747,Jharkhand,Ministry of Railways,Railways,03/2019,03/2024,03/2026,902.86,902.86,0.0,0.1,2026-06,0.0,24.0,60
586,Gomoh - Flyover for DN trains,East Central Railway [ECR] - I,705765,Jharkhand,Ministry of Railways,Railways,01/2018,03/2026,03/2026,686.0,686.0,634.71,66.7,2026-06,0.0,0.0,98
587,Lodhma - Piska - Link Line bypassing Hatia/Ranchi with Y connection,South Eastern Railway [SER] - I,705785,Jharkhand,Ministry of Railways,Railways,08/2021,06/2026,05/2027,473.0,473.0,349.31,10.0,2026-06,0.0,11.0,58
588,Pradhan Kuntha Jn Line Doubling Project,East Central Railway [ECR] - I,706837,Jharkhand,Ministry of Railways,Railways,11/2022,11/2027,11/2027,349.22,349.22,145.57,72.0,2026-06,0.0,0.0,60
589,Construction of New BG line between Hassan to Belur [27 Km],South Western Railway [SWR] - II,400023,Karnataka,Ministry of Railways,Railways,03/2019,04/2028,03/2030,749.0,749.0,3.43,0.5,2026-06,0.0,23.0,109
590,Yeshvanthpur - Channasandra Doubling Project [21.70 Km],Karnataka Rail Infrastructure Development Company Limited [K-RIDE],703585,Karnataka,Ministry of Railways,Railways,04/2019,03/2024,03/2026,314.1,683.57,173.5,56.8,2026-06,117.6281,24.0,59
591,New Railway Line between Ginigera and Raichur [165.57 km],South Western Railway [SWR] - II,705434,Karnataka,Ministry of Railways,Railways,03/2008,03/2019,03/2027,2565.0,3034.98,2412.11,71.0,2026-06,18.3228,96.0,132
592,Bangalore-Satyamanglam New Line Project [260 Km] - Part Hejjala - Chamarajanagar [142 Km],South Western Railway [SWR] - II,705464,Karnataka,Ministry of Railways,Railways,02/1999,12/2031,-,1382.78,1382.78,0.0,0.0,2026-06,0.0,,394
593,Gadag-Wadi New Railway Line [257 km],South Western Railway [SWR] - II,705490,Karnataka,Ministry of Railways,Railways,04/2013,03/2027,12/2027,2842.0,6700.0,1604.89,36.5,2026-06,135.7495,9.0,167
594,Kadur - Chickamagalur - Sakleshpur [93km],South Western Railway [SWR] - II,705492,Karnataka,Ministry of Railways,Railways,01/2014,06/2025,12/2025,825.0,825.0,789.58,84.8,2026-06,0.0,6.0,137
595,Hubli-Ankola New Line Project [164.44 km],South Western Railway [SWR] - II,705493,Karnataka,Ministry of Railways,Railways,01/1999,03/2005,03/2030,5174.0,5174.0,180.48,4.7,2026-06,0.0,300.0,74
596,Bagalkot-Kudachi New Railway Line [142 km],South Western Railway [SWR] - II,705495,Karnataka,Ministry of Railways,Railways,10/2013,03/2027,01/2027,1378.0,1649.0,809.24,36.5,2026-06,19.6662,-2.0,161
597,Tumkur-Chitradurga-Davangere New Rail Line Project [191 km],South Western Railway [SWR] - II,705496,Karnataka,Ministry of Railways,Railways,10/2013,03/2019,12/2027,1876.0,1876.0,602.36,16.0,2026-06,0.0,105.0,65
598,Bangalore-Whitefield-Bangalore City-Krishnarajapuram [23.08 km] - Quadrupling,South Western Railway [SWR] - II,705663,Karnataka,Ministry of Railways,Railways,02/2018,02/2026,02/2026,493.0,493.0,337.37,85.9,2026-06,0.0,0.0,96
599,SHIMOGA - SHIKARIPURA - RANEBENNUR [96 Km],South Western Railway [SWR] - II,705761,Karnataka,Ministry of Railways,Railways,09/2019,12/2027,06/2028,1454.0,1454.0,102.64,13.9,2026-06,0.0,6.0,99
600,Construction of New BG line between Hassan [Alur] to Belur [ Km 27.34],CAOC/SWR SWR mor,705762,Karnataka,Ministry of Railways,Railways,06/2019,04/2027,12/2027,748.86,748.86,3.64,0.0,2026-06,0.0,8.0,94
601,Bangalore Suburban Railway Project,Karnataka Rail Infrastructure Development Company Limited [K-RIDE],705941,Karnataka,Ministry of Railways,Railways,10/2020,12/2026,03/2030,15767.0,15767.0,3277.99,20.02,2026-06,0.0,39.0,74
602,Belgaum-Dharwad via Kittur [73.10Km],South Western Railway [SWR] - II,706835,Karnataka,Ministry of Railways,Railways,09/2020,12/2027,03/2029,1591.0,1591.0,0.38,0.0,2026-06,0.0,15.0,87
603,Kumbalam-Turavur doubling project [15.59 Km],Ministry of Railways,705638,Kerala,Ministry of Railways,Railways,04/2023,03/2027,03/2027,813.0,802.8,151.83,35.0,2026-06,-1.2546,0.0,47
604,Ernakulam-Kumbalam doubling project [7.71 Km],SR-ERS,705639,Kerala,Ministry of Railways,Railways,04/2023,03/2028,02/2027,601.0,595.39,313.97,28.0,2026-06,-0.9334,-13.0,59
605,"Lalitpur-Satna, Rewa-Singrauli & Mahoba-Khajuraho",North Central Railway,705480,Madhya Pradesh,Ministry of Railways,Railways,01/2007,03/2027,12/2027,8914.0,8914.0,6889.55,74.0,2026-06,0.0,9.0,242
606,Satna-Rewa Railway Line Doubling Project,West Central Railway [WCR] - II,705659,Madhya Pradesh,Ministry of Railways,Railways,11/2015,03/2026,03/2026,500.0,584.0,573.8,88.0,2026-06,16.8,0.0,124
607,Doubling of Katni - Singrauli Railway Line [261 km],Indian Railway Construction International Limited [IRCON],705660,Madhya Pradesh,Ministry of Railways,Railways,03/2016,12/2025,12/2025,2445.0,4377.0,3368.46,81.25,2026-06,79.0184,0.0,117
608,Katni Grade Separator/Bye Pass,Indian Railway Construction International Limited [IRCON],705661,Madhya Pradesh,Ministry of Railways,Railways,03/2016,09/2024,09/2026,1248.0,1248.0,1850.38,95.0,2026-06,0.0,24.0,102
609,Indore - Budni New Railway Line [198 kms],RVNL - II,705763,Madhya Pradesh,Ministry of Railways,Railways,08/2019,09/2030,09/2030,7474.0,7474.0,2879.62,41.0,2026-06,0.0,0.0,133
610,Nimach-Ratlam Doubling [133 Km],Western Railway [WR] - II,705933,Madhya Pradesh,Ministry of Railways,Railways,10/2021,10/2027,10/2027,1095.88,1095.88,1284.91,100.0,2026-06,0.0,0.0,72
611,DHULE [BORVIHIR] - NARDANA NEW LINE [50.60 KMS],Central Railway,400019,Maharashtra,Ministry of Railways,Railways,01/2019,12/2026,09/2027,492.76,1170.83,560.32,38.0,2026-06,137.6065,9.0,95
612,Wardha-Nanded Via Yavatmal New BG Line,Central Railway [CR] - II,400271,Maharashtra,Ministry of Railways,Railways,12/2017,03/2025,12/2026,3445.0,3445.0,3002.93,50.0,2026-06,0.0,21.0,87
613,AURANGABAD-ANKAI - DOUBLING PROJECT 98.25 Km,South Central Railway [SCR] - II,611751,Maharashtra,Ministry of Railways,Railways,05/2023,03/2027,-,960.64,960.64,1375.55,2.03,2026-06,0.0,,46
614,Gauge Conversion of Pachora-Jamner with Extension upto Malkapur [Bodwad] [84.34 Kms],Central Railway [CR] - II,612845,Maharashtra,Ministry of Railways,Railways,08/2022,07/2028,-,955.39,955.39,13.99,10.0,2026-06,0.0,,71
615,Redevelopment of Chhatrapati Shivaji Maharaj Terminus [CSMT] and construction of associated infrastructure,Rail Land Development Authority,613015,Maharashtra,Ministry of Railways,Railways,04/2023,03/2027,-,1813.0,1813.0,873.99,25.0,2026-06,0.0,,47
616,Gondia-Balharshah [Chanda Fort] Doubling [240 Km],South East Central Railway,617201,Maharashtra,Ministry of Railways,Railways,04/2025,03/2031,-,4373.04,4373.04,1.79,2.0,2026-06,0.0,,71
617,Doubling between Parbhani Parli Vaijanath stations 64.71 Km,South Central Railway [SCR] - II,617215,Maharashtra,Ministry of Railways,Railways,12/2023,03/2028,-,769.93,769.93,197.62,0.2,2026-06,0.0,,51
618,Babupeth - Sasti New Rail Line [13.114 KMs],CentralRailway,617361,Maharashtra,Ministry of Railways,Railways,10/2024,03/2028,-,362.81,362.81,0.48,0.0,2026-06,0.0,,41
619,Double Chord line Between Nilaje-Kopar,CentralRailway,617364,Maharashtra,Ministry of Railways,Railways,01/2025,07/2028,-,338.33,205.0,55.83,60.0,2026-06,-39.4083,,42
620,Ahmednagar - Beed - Parli - Vaijnath New Broad Gauge Line Railway Project [261.3 km],Central Railway [CR] - II,705356,Maharashtra,Ministry of Railways,Railways,01/1999,03/2026,03/2026,2538.67,4957.27,5233.2,93.0,2026-06,95.2704,0.0,326
621,Baramati Lonand New Line Project,Central Railway,705357,Maharashtra,Ministry of Railways,Railways,03/2016,03/2027,03/2027,138.48,1843.9,1039.72,60.0,2026-06,1231.528,0.0,132
622,Wadsa-Gadchiroli,South East Central Railway,705479,Maharashtra,Ministry of Railways,Railways,05/2017,03/2027,03/2027,1886.0,1886.0,846.22,68.0,2026-06,0.0,0.0,118
623,Wardha - Yavatmal Nanded Railway Line Project,Central Railways,705497,Maharashtra,Ministry of Railways,Railways,02/2008,12/2026,-,3445.34,4030.69,4053.03,47.0,2026-06,16.9896,,226
624,3rd Line Kalyan - Kasara [67.35 Kilometres],Central Railway,705498,Maharashtra,Ministry of Railways,Railways,09/2015,12/2026,12/2026,792.89,1395.79,1088.38,73.0,2026-06,76.0383,0.0,135
625,3rd Line Wardha - Sewagram - Nagpur,Central Railway [CR] - II,705500,Maharashtra,Ministry of Railways,Railways,09/2015,12/2025,10/2026,540.02,916.53,842.78,88.0,2026-06,69.7215,10.0,123
626,3rd Line Wardha - Ballarshah [132 Kilometres],Central Railway [CR] - II,705502,Maharashtra,Ministry of Railways,Railways,03/2016,12/2025,02/2026,1384.72,2033.59,1841.71,86.0,2026-06,46.8593,2.0,117
627,Doubling of Daund Manmad Line [247.6 km],Central Railway,705504,Maharashtra,Ministry of Railways,Railways,10/2017,12/2025,03/2026,2081.27,3267.06,3111.8,92.0,2026-06,56.9743,3.0,98
628,4th Line Wardha - Nagpur [78.7 Kilometres],Central Railway [CR] - II,705505,Maharashtra,Ministry of Railways,Railways,04/2017,12/2025,10/2026,637.95,1214.69,1061.23,88.0,2026-06,90.4052,10.0,104
629,3rd Line Manmad - Jalgaon [160 Kilometres],Central Railway [CR] - II,705506,Maharashtra,Ministry of Railways,Railways,05/2017,12/2024,11/2025,1035.16,1870.0,1843.54,100.0,2026-06,80.6484,11.0,91
630,Solapur-tuljapur-Osmanabad,Central Railway,705735,Maharashtra,Ministry of Railways,Railways,08/2018,03/2027,03/2028,904.92,3295.74,1277.63,22.0,2026-06,264.2024,12.0,103
631,Nagpur- Nagbhir Railway Line Gauge Conversion Project,MRIDC,705799,Maharashtra,Ministry of Railways,Railways,10/2019,12/2025,12/2025,1400.0,1400.0,1472.0,80.0,2026-06,0.0,0.0,74
632,Mumbai Urban Transport Project [MUTP] - PHASE II,Mumbai Rail Vikas Corporation Ltd.[MRVC],706779,Maharashtra,Ministry of Railways,Railways,05/2008,03/2014,12/2027,8087.0,8087.0,7559.14,90.0,2026-06,0.0,165.0,70
633,Mumbai Urban Transport Project [MUTP] Phase-IIIA,Mumbai Rail Vikas Corporation Ltd.[MRVC],706780,Maharashtra,Ministry of Railways,Railways,04/2019,12/2027,12/2027,33690.0,33690.0,3854.46,25.0,2026-06,0.0,0.0,104
634,Mumbai Urban Transport Project Phase-III,Mumbai Rail Vikas Corporation Ltd.[MRVC],706781,Maharashtra,Ministry of Railways,Railways,11/2016,03/2022,12/2026,10947.0,10947.0,6880.48,75.0,2026-06,0.0,57.0,64
635,Jiribam-Imphal new line project,Northeast Frontier Railway [NFR],705391,Manipur,Ministry of Railways,Railways,03/2013,12/2026,06/2029,14323.0,21885.9,16327.07,73.05,2026-06,52.8025,30.0,165
636,Byrnihat-Shillong New Rail Line- 108 km,Northeast Frontier Railway [NFR],705396,Meghalaya,Ministry of Railways,Railways,04/2011,03/2021,03/2027,8324.28,8342.28,266.12,2.04,2026-06,0.2162,72.0,119
681,"Buramara-Chakulia new line [59.96 km] (South Eastern Railway [SER] - I) (616588) (-) (-) Multi-States (Jharkhand, Odisha, West Bengal) 08/2024 (12/2024) 12/2029 (-) 1459.13 (1459.13) 9.16 0 682 Chandil - Anara - Damodar - 3rd line [121.26 km] (CAO/C/SER) (616227) (-) (-) Multi-States (Jharkhand, West Bengal) 09/2024 (07/2025) 09/2029 (-) 1932.01 (1932.01) 3.97 0 683 KHARAGPUR-ADITYAPUR THIRD RAIL ",South Eastern Railway [SER] - I,400006,Odisha,Ministry of Railways,Railways,10/2021,10/2025,12/2026,808.99,808.99,743.46,40.0,2026-06,0.0,14.0,48
700,Proposed 6 nos Road Over Bridge [ROB] at different locations under MCL Talcher Under Deposit Scheme.,East Coast Railway [ECoR] - II,400045,Odisha,Ministry of Railways,Railways,08/2022,03/2025,01/2025,168.32,168.32,69.85,82.0,2026-06,0.0,-2.0,31
701,Doubling of Lingaraj SILO connectivity of NTPC line and augmentation of NTPC exchange yard and NTPC Block Cabin.,East Coast Railway [ECoR] - II,400047,Odisha,Ministry of Railways,Railways,08/2022,12/2024,12/2026,210.0,210.0,41.17,53.0,2026-06,0.0,24.0,28
702,Doubling of lines connecting the loading spurs in Talcher Yard.,East Coast Railway [ECoR] - II,400048,Odisha,Ministry of Railways,Railways,09/2022,12/2024,06/2027,186.21,186.21,105.07,88.0,2026-06,0.0,30.0,27
703,Brundamal-Jharsuguda- flyover connection for joining downline,East Coast Railway [ECoR] - II,400232,Odisha,Ministry of Railways,Railways,01/2014,12/2026,12/2026,297.0,297.0,237.83,67.0,2026-06,0.0,0.0,155
704,3rd & 4th line between Sarla - Sason [8 km] [PB 73/2023-24/NR],East Coast Railway [ECoR] - II,612834,Odisha,Ministry of Railways,Railways,04/2023,12/2025,-,252.0,252.0,117.97,92.0,2026-06,0.0,,32
705,Rourkela-Bondamunda A-Cabin 5th line [9.6 km],CAO/C/SER,615915,Odisha,Ministry of Railways,Railways,09/2022,03/2026,11/2026,244.99,244.99,146.07,45.0,2026-06,0.0,8.0,42
706,Bangriposi-Gorumahisani new line [ 85.60 km ],CAO/C/SER,616586,Odisha,Ministry of Railways,Railways,08/2024,12/2029,-,2269.49,2269.49,7.14,0.0,2026-06,0.0,,64
707,Badampahar-Kendujhargarh new line [82.06 km],CAO/C/SER,616587,Odisha,Ministry of Railways,Railways,08/2024,12/2029,-,1875.72,1875.72,2.35,0.0,2026-06,0.0,,64
708,Flyover between Siju and Paradeep coaching Yard to avoid Surface crossing of trains,East Coast Railway [ECoR] - II,616694,Odisha,Ministry of Railways,Railways,04/2023,07/2028,-,200.77,200.77,37.26,5.5,2026-06,0.0,,63
709,Paradeep - Badabandha 3rd & 4th Line / 18.51kms,East Coast Railway [ECoR] - II,616695,Odisha,Ministry of Railways,Railways,08/2023,11/2028,-,300.15,300.15,2.47,10.5,2026-06,0.0,,63
710,Naupada-Gunupur - New line upto Theruvali [73.62 km],Indian Railway,616839,Odisha,Ministry of Railways,Railways,08/2024,12/2029,-,1165.89,1165.89,0.0,0.0,2026-06,0.0,,64
711,New Line between Junagarh - Nabarangpur [116.21 Km],Indian Railway,618995,Odisha,Ministry of Railways,Railways,08/2024,08/2030,-,2864.51,2864.51,1.06,0.0,2026-06,0.0,,72
712,Khurda-Bolangir New Broad Gauge Rail Link [301km],East Coast Railway [ECoR] - II,705358,Odisha,Ministry of Railways,Railways,03/1994,12/2026,12/2026,3792.0,5089.0,5789.53,92.5,2026-06,34.2036,0.0,393
713,Talcher-Bimlagarh New Railway Line,East Coast Railway [ECoR] - II,705359,Odisha,Ministry of Railways,Railways,03/2004,03/2025,03/2029,1928.0,1928.0,2127.3,57.0,2026-06,0.0,48.0,252
714,Bhadrak-Nergundi Third Line,East Coast Railway [ECoR] - II,705510,Odisha,Ministry of Railways,Railways,10/2015,11/2024,01/2026,1284.0,1284.0,1379.6,95.8,2026-06,0.0,14.0,109
715,Koraput - Singapur Railway Doubling,East Coast Railway [ECoR] - II,705513,Odisha,Ministry of Railways,Railways,12/2015,12/2027,03/2028,2362.0,2362.0,2007.83,67.67,2026-06,0.0,3.0,144
716,Jarapada- Budhapank with flyover at Talcher road 3rd and 4th Line,East Coast Railway [ECoR] - II,705514,Odisha,Ministry of Railways,Railways,11/2015,11/2018,03/2028,1000.0,810.02,478.83,59.0,2026-06,-18.998,112.0,36
717,3rd & 4th Railway Line Project from Salegaon to Budhapank via Rajathgarh.,East Coast Railway [ECoR] - II,705515,Odisha,Ministry of Railways,Railways,07/2013,03/2026,03/2026,1173.0,2092.0,2138.09,90.0,2026-06,78.3461,0.0,152
718,Jeypore-Navarangpur New Rail Line Project,East Coast Railway [ECoR] - II,705741,Odisha,Ministry of Railways,Railways,07/2017,07/2028,12/2029,748.0,748.0,15.91,2.13,2026-06,0.0,17.0,132
719,Khurda Road - Balangir Electrification of Railway Track Project,Ministry of Railways,706898,Odisha,Ministry of Railways,Railways,09/2018,03/2021,-,267.61,267.61,0.0,0.0,2026-06,0.0,,30
720,GANDHAMARDAN IRON ORE MINES TO GOALDIH STATION/12.76kms,East Coast Railway [ECoR] - II,709811,Odisha,Ministry of Railways,Railways,09/2022,09/2027,09/2027,190.0,189.93,3.4,5.0,2026-06,-0.0368,0.0,60
721,"Jaynagar-Bijalpura, incl. extn. Bet, Bijalpura-Bardibas [Nepal]",East Central Railway [ECR] - I,705362,Offshore,Ministry of Railways,Railways,08/2015,03/2022,03/2026,819.0,819.0,580.51,75.0,2026-06,0.0,48.0,79
722,North Region Video Surveillance Project,RCIL,705298,PAN India,Ministry of Railways,Railways,06/2020,03/2024,-,274.39,274.39,0.0,48.0,2026-06,0.0,,45
723,Ludhiana Mullanpur 21Km Doubling Railway project (CAO/C/NR) (607653) (-) (-) Punjab NA (10/2022) 06/2024 (02/2027) 234.78 (234.78) 61.39 99 724 Ludhiana- Killa Raipur Railway Doubling Project,Railway,705783,Punjab,Ministry of Railways,Railways,03/2019,03/2025,02/2027,237.64,238.0,137.05,57.0,2026-06,0.1515,23.0,72
725,Devgarh Madariya - Nathdwara Gauge Conversion [82.54 Km] part of Marwar - Mavli Gauge Conversion [152 Km],North Western Railway [NWR],611855,Rajasthan,Ministry of Railways,Railways,01/2023,01/2027,-,968.92,968.92,745.15,73.0,2026-06,0.0,,48
726,Maintenance cum workshop depot for Vande Bharat Sleeper Trains as per conditions under WTA 527,WPO/Patna,611929,Rajasthan,Ministry of Railways,Railways,09/2022,12/2024,-,166.86,166.86,0.0,0.0,2026-06,0.0,,27
727,PUSHKAR- MERTA CITY NEW LINE,North Western Railway [NWR],616841,Rajasthan,Ministry of Railways,Railways,02/2024,12/2026,12/2028,799.64,799.64,224.71,8.0,2026-06,0.0,24.0,34
728,AJMER- CHANDERIYA DOUBLING,North Western Railway [NWR],616843,Rajasthan,Ministry of Railways,Railways,02/2024,06/2027,03/2028,1634.79,1634.79,489.56,22.0,2026-06,0.0,9.0,40
729,SADULPUR - CHURU DOUBLING PROJECT,North Western Railway [NWR],617403,Rajasthan,Ministry of Railways,Railways,01/2024,06/2026,-,468.64,468.64,197.84,95.0,2026-06,0.0,,29
730,POKHRAN - RAMDEVRA New Line,North Western Railway [NWR],617404,Rajasthan,Ministry of Railways,Railways,04/2025,03/2028,-,189.21,189.21,55.58,2.0,2026-06,0.0,,35
731,NATHDWARA- NATHDWARA TOWN NL,North Western Railway [NWR],617408,Rajasthan,Ministry of Railways,Railways,03/2019,03/2027,-,166.33,166.33,112.55,15.0,2026-06,0.0,,96
732,Dholpur - Sirmuttra Gauge Conversion,North Central Railway,705482,Rajasthan,Ministry of Railways,Railways,03/2022,02/2019,02/2027,747.0,747.0,509.8,49.7,2026-06,0.0,96.0,-37
733,Gudha-Thatha Mithri Construction of Railway Track Project,North Western Railway [NWR],705752,Rajasthan,Ministry of Railways,Railways,04/2019,11/2026,11/2026,819.48,967.06,405.39,95.0,2026-06,18.009,0.0,91
734,Sawai Madhopur-Jaipur Railway Line Project,North Western Railway [NWR],705912,Rajasthan,Ministry of Railways,Railways,02/2024,03/2027,-,1203.89,1203.89,240.33,19.0,2026-06,0.0,,37
735,Agra Fort-Bandikui Doubling Line Project,CAO/C/NCR,705919,Rajasthan,Ministry of Railways,Railways,06/2022,06/2027,06/2027,1390.0,1390.0,529.92,56.0,2026-06,0.0,0.0,60
736,Dedicated Test Track for RDSO /Phase-II Project,North Western Railway [NWR],706836,Rajasthan,Ministry of Railways,Railways,11/2021,03/2026,-,466.42,466.42,538.22,98.0,2026-06,0.0,,52
737,Sawaimadhopur Bye Pass Line Project,North Western Railway [NWR],706866,Rajasthan,Ministry of Railways,Railways,12/2022,03/2026,05/2027,304.0,304.0,93.09,77.0,2026-06,0.0,14.0,39
738,Phase II extension of MRTS from Velachery to St Thomas Mount,Ministry of Railways,400280,Tamil Nadu,Ministry of Railways,Railways,11/2007,07/2025,09/2025,734.0,734.01,486.53,99.9,2026-06,0.0014,2.0,212
739,Redevelopment of Chennai Egmore Station,Ministry of Railways,613002,Tamil Nadu,Ministry of Railways,Railways,05/2022,03/2026,-,842.0,842.0,340.0,0.0,2026-06,0.0,,46
740,Coach Production Factory Upgradation Project,CPM/ICF,705244,Tamil Nadu,Ministry of Railways,Railways,12/2017,12/2021,-,520.0,520.0,192.25,0.0,2026-06,0.0,,48
741,Doubling between Bhadrachalam Road and Dornakal,South Central Railway [SCR] - II,616856,Telangana,Ministry of Railways,Railways,08/2023,04/2029,-,770.12,770.12,87.94,0.06,2026-06,0.0,,68
742,Railway Manufacturing Unit,RVNL - II,617409,Telangana,Ministry of Railways,Railways,07/2016,12/2026,03/2026,521.36,521.36,492.12,91.0,2026-06,0.0,-9.0,125
743,Kazipet Wagon Overhauling Project,RVNL,705252,Telangana,Ministry of Railways,Railways,09/2017,12/2023,-,385.0,385.0,0.0,0.0,2026-06,0.0,,75
744,Manoharabad-Kothapalli New Rail Line [151 km],South Central Railway [SCR] - II,705437,Telangana,Ministry of Railways,Railways,07/2016,03/2027,12/2027,1160.0,2781.0,3073.41,72.02,2026-06,139.7414,9.0,128
745,Bahraich-Shravasti-Balrampur-Siddharthnagar -Santkabir nagar,North Eastern Railway [NER],400204,Uttar Pradesh,Ministry of Railways,Railways,10/2018,10/2030,10/2030,4939.78,4939.78,1086.23,13.1,2026-06,0.0,0.0,144
746,Sahjanwa-Dohrighat,North Eastern Railway [NER],400205,Uttar Pradesh,Ministry of Railways,Railways,08/2019,03/2029,03/2029,1319.75,1319.75,544.89,4.2,2026-06,0.0,0.0,115
747,Varanasi-Pt. Deen Dayal Upadhyaya multitracking 15km including construction of new Rail-cum-Road Bridge across Ganga River.,Northern Railways,617213,Uttar Pradesh,Ministry of Railways,Railways,10/2024,10/2029,-,2464.46,2464.46,96.98,3.93,2026-06,0.0,,60
748,Anandnagar - Ghugli via Maharajganj New line 52.7 km,Construction NER,617252,Uttar Pradesh,Ministry of Railways,Railways,10/2023,03/2028,-,958.27,958.27,640.17,24.0,2026-06,0.0,,53
749,Chunar-Chopan doubling project,North Central Railway,617284,Uttar Pradesh,Ministry of Railways,Railways,08/2023,03/2028,-,1423.96,1423.96,151.57,18.5,2026-06,0.0,,55
750,Surface triangle line bet. Bhadura stn and new crossing stn Karma,East Central Railway [ECR] - I,617333,Uttar Pradesh,Ministry of Railways,Railways,10/2022,02/2027,-,199.96,199.96,7.67,0.6,2026-06,0.0,,52
751,Doubling between Jaunpur Jn - Zaffarabad 6.28 km,M/S SRC company Infra Private Limited,617370,Uttar Pradesh,Ministry of Railways,Railways,03/2023,01/2027,-,180.66,180.66,65.54,27.55,2026-06,0.0,,46
752,Burhwal Gonda 3rd line,North Eastern Railway [NER],705567,Uttar Pradesh,Ministry of Railways,Railways,11/2017,03/2025,05/2026,1016.0,1118.0,1058.77,88.5,2026-06,10.0394,14.0,88
753,Janghai-Pratapgarh- Amethi,CAO/C/II/NR,705588,Uttar Pradesh,Ministry of Railways,Railways,11/2017,03/2025,03/2026,722.0,1194.0,1729.27,70.0,2026-06,65.374,12.0,88
754,Lalitpur-Birari with flyover at Lalitpur- 16 Km,North Central Railway,705766,Uttar Pradesh,Ministry of Railways,Railways,03/2017,12/2024,01/2026,304.44,356.0,283.67,86.0,2026-06,16.936,13.0,93
755,Allahabad-Bamhrauli Flyover Construction & 4th Railway Line Project,North Central Railway,705771,Uttar Pradesh,Ministry of Railways,Railways,04/2019,03/2026,03/2026,494.0,494.0,410.3,80.0,2026-06,0.0,0.0,83
756,"Mughalsarai-Allahabad, 3rd line",North Central Railway,705772,Uttar Pradesh,Ministry of Railways,Railways,12/2015,12/2026,03/2027,2649.0,2649.44,2024.65,74.0,2026-06,0.0166,3.0,132
757,Aligarh -Daud Khan Flyover Construction & 3rd Railway Line Project,CAO/C/NCR,705774,Uttar Pradesh,Ministry of Railways,Railways,04/2019,01/2025,03/2027,758.0,779.49,511.12,83.0,2026-06,2.8351,26.0,69
758,Bhandai - Flyover for Etawah bound down train- 10 Km,North Central Railway [NCR] - II,705777,Uttar Pradesh,Ministry of Railways,Railways,07/2020,02/2026,02/2027,250.18,250.18,163.27,9.0,2026-06,0.0,12.0,67
759,Bhatni-Aurnihar with electrification excluding Indara-Mau,RVNL - I,705780,Uttar Pradesh,Ministry of Railways,Railways,03/2018,12/2024,06/2026,2529.0,2529.46,2171.72,96.7,2026-06,0.0182,18.0,81
760,Barabanki-Malhaur 3rd & 4th Railway Line Project,Ministry of Railways,705782,Uttar Pradesh,Ministry of Railways,Railways,01/2019,03/2025,08/2026,407.0,407.0,417.22,78.0,2026-06,0.0,17.0,74
761,Allahabad division - Aligarh - Harduaganj Flyover,North Central Railway,705918,Uttar Pradesh,Ministry of Railways,Railways,04/2020,10/2026,03/2027,1457.0,1457.0,400.19,36.0,2026-06,0.0,5.0,78
762,Rishikesh-Karnaprayag New Rail Line- 125 km,RVNL - II,705429,Uttarakhand,Ministry of Railways,Railways,11/2016,12/2025,12/2028,38953.0,38953.0,28828.18,77.5,2026-06,0.0,36.0,109
763,Kalinarayanpur-Krishnanagar Doubling Alongwith Krishnanagar - Chapra New Line And Naihati-Ranaghat 3rd Line.,Eastern Railway [ER] - I,400247,West Bengal,Ministry of Railways,Railways,07/2015,02/2027,03/2028,1000.0,1000.0,1066.85,76.0,2026-06,0.0,13.0,139
764,Tarakeshwar-Bishnupur New Line [82.47 km],Eastern Railway [ER] - I,400273,West Bengal,Ministry of Railways,Railways,03/2001,03/2019,02/2026,1189.0,1542.0,1390.59,96.9,2026-06,29.6888,83.0,216
765,Dum Dum Airport-New Garia via Rajarhat-Construction of Metro Railway,RVNL - II,400277,West Bengal,Ministry of Railways,Railways,03/2010,12/2025,12/2027,8964.0,8964.0,8984.66,87.0,2026-06,0.0,24.0,189
766,Construction of Balurghat-Hilli new BG Line,Northeast Frontier Railway [NFR],612096,West Bengal,Ministry of Railways,Railways,12/2010,03/2027,03/2027,1209.0,1181.57,518.15,18.0,2026-06,-2.2688,0.0,195
767,SER Upgradation of maintenance infrastructure at Shalimar into Vande Bharat Chair Car maintenance cum workshop depot.,South Eastern Railway - JH,617345,West Bengal,Ministry of Railways,Railways,03/2024,10/2026,-,226.87,226.87,86.69,50.0,2026-06,0.0,,31
768,Joka-BBD Bag new metro project,RVNL - II,705730,West Bengal,Ministry of Railways,Railways,03/2010,12/2026,12/2029,4835.0,10362.0,5098.73,51.0,2026-06,114.3123,36.0,201
769,Noapara-Barasat via Bimanbandar - Construction of Metro railway [18 km],"Metro Railway, Kolkata",706776,West Bengal,Ministry of Railways,Railways,11/2010,08/2026,03/2029,4830.0,4830.0,3350.62,32.2,2026-06,0.0,31.0,189
770,Baranagar-Barrackpore and Dakshineshwar- Construction of Metro Railway,RVNL - II,706777,West Bengal,Ministry of Railways,Railways,03/2010,12/2026,12/2030,2298.0,2734.0,429.56,17.0,2026-06,18.973,48.0,201
771,"Rehabilitation and up-gradation and completion of balance works of the section from Km 107.760 km to 129.445 km After Middle strait to Humphrey, Km 130.600 to 138.300 After Humphrey to Kadamtala of NH-4 Intermediate/2-Lane with hard shoulder in the Union Territory of Andaman & Nicobar Islands on EPC basis Package- IIIA (NHIDCL) (619184) (-) (-) Andaman & Nicobar 02/2018 (03/2024) 09/2025 (12/2026)",MoRTH,617949,Andhra Pradesh,Ministry of Road Transport & Highways,Roads & Highways,03/2023,03/2026,03/2026,159.66,159.66,75.64,100.0,2026-06,0.0,0.0,36
775,"Gudivada Town 2 RoB, and Road improvement NH-165",MoRTH,617984,Andhra Pradesh,Ministry of Road Transport & Highways,Roads & Highways,03/2022,05/2025,03/2027,317.22,317.22,0.0,75.2,2026-06,0.0,22.0,38
776,Widening to two lane with paved shoulders from Km 0/0 to 64/020 Pamarru to Akiveedu,MoRTH,617985,Andhra Pradesh,Ministry of Road Transport & Highways,Roads & Highways,03/2020,11/2023,05/2027,529.54,588.65,0.0,74.41,2026-06,11.1625,42.0,44
777,Kurnool/Kadapa Border-Jammalamadugu section of NH-167K i.e. Design Ch. Km 248010 to km 269900 to 2,MoRTH,617986,Andhra Pradesh,Ministry of Road Transport & Highways,Roads & Highways,03/2023,12/2026,12/2026,292.63,292.63,0.0,95.77,2026-06,0.0,0.0,45
778,Nandyala-Kurnool/Kadapa Border section of NH-167K i.e. Km 186/000 to Km 250/000Design Ch.186000 to 248010 to 2LPS,MoRTH,617987,Andhra Pradesh,Ministry of Road Transport & Highways,Roads & Highways,10/2024,09/2027,09/2027,691.81,691.81,0.0,46.45,2026-06,0.0,0.0,35
779,Sangameswaram - Atmakuru section from Km 96 to Km 124 & Velegodu- Nandyal section including Nandyal Bypass from Km 143/6 to 185/9 NH-167K,MoRTH,617988,Andhra Pradesh,Ministry of Road Transport & Highways,Roads & Highways,10/2024,07/2027,07/2027,776.17,644.14,0.0,35.6,2026-06,-17.0104,0.0,33
780,"Rehabilitation and up-gradation of NH-167 from Km 14/900 to Km70/000 Design Ch. 14/900 to 69/700 Chintakunta to Adoni section to two lane with paved shoulders in the State of Andhra Pradesh under Corridor Approach through Engineering, Procurement",MoRTH,617991,Andhra Pradesh,Ministry of Road Transport & Highways,Roads & Highways,11/2016,05/2019,12/2026,290.15,290.15,141.83,91.9,2026-06,0.0,91.0,30
781,4-laning of Puttaparthi-Koduru Section of NH-342,MoRTH,618013,Andhra Pradesh,Ministry of Road Transport & Highways,Roads & Highways,10/2022,11/2025,08/2026,1318.59,909.19,464.06,90.19,2026-06,-31.0483,9.0,37
782,Rehabilitation and Up-gradation of existin of road from 2-lane to 2-lane with paved shoulders from km. 0.00 to km 53.590 total length-53.590 km of Raychoti to Vempalli section of NH-440 in the State of Andhra Pradesh on EPC mode.,MoRTH,618037,Andhra Pradesh,Ministry of Road Transport & Highways,Roads & Highways,12/2021,05/2024,09/2026,439.82,359.52,213.04,86.54,2026-06,-18.2575,28.0,29
783,Gorantla - Hindupur section from Km 120/300 to 165/000 of NH716G in the State of Andhra Pradesh,MoRTH,618052,Andhra Pradesh,Ministry of Road Transport & Highways,Roads & Highways,10/2024,08/2027,08/2027,808.7,808.7,0.0,28.78,2026-06,0.0,0.0,34
784,Muddanur to B. Kothapalli section of NH-716G from Km. 0/000 to Km. 56/500 56.500 Km in the State of Andhra Pradesh on EPC mode Job no. 741,MoRTH,618053,Andhra Pradesh,Ministry of Road Transport & Highways,Roads & Highways,10/2024,08/2027,08/2027,1019.97,1019.97,0.0,30.55,2026-06,0.0,0.0,34
785,Kondamodu to Perecherla Section Design Ch. Km 000 to Km 49917 of NH-167AG to to 4LPS,MoRTH,618101,Andhra Pradesh,Ministry of Road Transport & Highways,Roads & Highways,10/2024,04/2027,04/2027,881.61,881.61,0.0,37.95,2026-06,0.0,0.0,30
786,Rehabilitation and upgradation from Km 22300 to 58635 of MudireddyPalle to Kadapa/Nellore Border via porumamilla Section of NH 167 Two Lane with paved Shoulder in,MoRTH,618103,Andhra Pradesh,Ministry of Road Transport & Highways,Roads & Highways,03/2022,04/2026,07/2026,279.29,279.29,168.7,90.33,2026-06,0.0,3.0,49
787,Rehabilitation and upgradation of NH 326A from km 0/0 to 41/979 excluding km 2/255 to 3/372 and km 36/820 to 38/275 Odisha border to Narasamapeta to two lane with paved Shoulders in the State of Andhra Pradesh under NHO on EPC Mode,MoRTH,618125,Andhra Pradesh,Ministry of Road Transport & Highways,Roads & Highways,03/2018,03/2020,10/2025,228.32,228.32,0.0,100.0,2026-06,0.0,67.0,24
788,Widening of Existing Road to Two Lane with Paved Shoulder Configuration from Km 0.00 to 26.000 & Km 45.200 To 59.622 Of NH 365BB in the State of Andhra Pradesh Under Annual Plan 2023-24 through EPC Mode,MoRTH,618193,Andhra Pradesh,Ministry of Road Transport & Highways,Roads & Highways,01/2024,12/2026,12/2026,368.63,368.63,62.43,22.55,2026-06,0.0,0.0,35
789,Rehabilitation and upgradation of New NH 544DD from design Chainage Km. 56/000 to 102/20 of Kalyandrg - Molakalmuru Section,MoRTH,618194,Andhra Pradesh,Ministry of Road Transport & Highways,Roads & Highways,03/2018,02/2020,09/2025,294.13,285.29,312.4,98.52,2026-06,-3.0055,67.0,23
790,Rehabilitation and Up-gradation of Dhindi - Digamarru section from Km 126/510 to Km 135/740 of NH -214 New NH -216 and digamarru -Losari section from Km 0/000 tp Km 34/230 of NH-214 A New Nh-216 to two lane with paved shoulder in the state of AP-NH,MoRTH,618236,Andhra Pradesh,Ministry of Road Transport & Highways,Roads & Highways,02/2016,05/2018,11/2023,316.06,288.76,222.43,100.0,2026-06,-8.6376,66.0,27
791,Rehabilitation and Up-gradation of Thimmapuram to Gurajanapalli section from Km 26/150 to Km 41/161 of NH - 214 New NH - 216 to two lane with paved shoulder in the state of Andhra Pradesh under NHDP-IV,MoRTH,618238,Andhra Pradesh,Ministry of Road Transport & Highways,Roads & Highways,08/2016,07/2018,09/2026,350.61,432.91,233.93,98.2,2026-06,23.4734,98.0,23
792,"Rehabilitation & Upgradation of NH214 New NH-216 from Km 34/230 to Km 84/550 Losari to Machavaram Section to two lane with paved shoulder in the state of Andhrapradesh under NHDP-IV through Engineering, Procurement& Construction EPC mode.",MoRTH,618239,Andhra Pradesh,Ministry of Road Transport & Highways,Roads & Highways,03/2016,09/2018,07/2025,445.22,459.37,0.0,98.6,2026-06,3.1782,82.0,30
793,Construction of Paderu bypass Km 0000 to Km 13000 of 2- lane with paved shoulder on NH-516E,MoRTH,618254,Andhra Pradesh,Ministry of Road Transport & Highways,Roads & Highways,03/2023,07/2026,12/2026,244.43,244.43,21.96,13.0,2026-06,0.0,5.0,40
794,Two laning with paved shoulders of Lambasingi to Paderusection of NH 516E,MoRTH,618255,Andhra Pradesh,Ministry of Road Transport & Highways,Roads & Highways,04/2020,11/2025,03/2027,361.24,358.05,145.94,43.22,2026-06,-0.8831,16.0,67
795,"Rehabilitation and Upgradation to 2-lane with paved should ders Sir, configuration of Chaprathipalem to Lambasingi section Km 165500 to Km 205000 of NH-516E in the State of Andhra Pradesh under Green National Highways Corridor Project GNHCP with the loan assistance of World Bank on EPC mode",MoRTH,618256,Andhra Pradesh,Ministry of Road Transport & Highways,Roads & Highways,08/2020,10/2024,07/2026,311.22,311.22,211.05,91.25,2026-06,0.0,21.0,50
796,Rehabilitation and Upgradation to 2-lane with paved shoulders configuration of Koyyuru to Chaprathipalem section Km 120000 to Km 165500 of NH-516E in the State of Andhra Pradesh under Green National Highways Corridor Project GNHCP with the loan assistance of World Bank on EPC mode,MoRTH,618257,Andhra Pradesh,Ministry of Road Transport & Highways,Roads & Highways,08/2020,07/2024,07/2026,349.29,349.29,264.81,100.0,2026-06,0.0,24.0,47
797,Construction of i Connecting Road from Z-Morh Tunnel to Zojila Tunnel Road Length 18.475km and ii 14.150 Km long 2-L Bi-directional single tube Zoji-la Tunnel across Zojila Pass on Sonamarg - Kargil section from Km 82 to Km 118 of NH-01 under PMDP,NHIDCL,618412,Andhra Pradesh,Ministry of Road Transport & Highways,Roads & Highways,01/2018,09/2026,02/2028,6808.69,6808.69,3549.07,68.8,2026-06,0.0,17.0,104
798,Bangalore Chennai Expressway Phase-II Pkg-II from km.96.000 to Km 127.000 Baireddypalle to Bangarupalem section,NHAI,618475,Andhra Pradesh,Ministry of Road Transport & Highways,Roads & Highways,02/2021,06/2025,10/2026,2548.04,2548.04,1327.64,93.32,2026-06,0.0,16.0,52
799,Bangalore Chennai Expressway Phase-II Pkg-III from km.127.000 to Km 156.000 Bangarupalem to Gudipala section,NHAI,618476,Andhra Pradesh,Ministry of Road Transport & Highways,Roads & Highways,11/2020,10/2024,08/2026,1407.33,1407.33,868.61,99.46,2026-06,0.0,22.0,47
800,Construction of 6 lane elevated corridor including its approaches from Km. 629880 to Km. 634470 Design Chainage of NH-16 in Ranasthalam Town portion in the state of Andhra Pradesh on EPC Mode under NHO.,NHAI,618524,Andhra Pradesh,Ministry of Road Transport & Highways,Roads & Highways,07/2024,03/2027,08/2027,257.98,192.85,55.83,35.63,2026-06,-25.2461,5.0,32
801,Construction of flyover at Gammon Junction at Km.903.265 on NH16 including vent at Diwancheruvu junction at Km.902.308 Blackspot ID No.AP03299 in Andhra Pradesh on EPC mode under NHO,NHAI,618525,Andhra Pradesh,Ministry of Road Transport & Highways,Roads & Highways,03/2025,10/2027,10/2027,326.61,223.29,43.67,18.79,2026-06,-31.6341,0.0,31
802,6L of Gundugolanu Design km 1023.280 to Kalaparru Design km 1050.680 of NH-5 New NH-16,NHAI,618526,Andhra Pradesh,Ministry of Road Transport & Highways,Roads & Highways,10/2018,07/2021,08/2026,665.59,665.59,643.95,95.73,2026-06,0.0,61.0,33
803,6L of Anandapuram Pendurthi Anakapalli Section from km. 681.000 to km. 731.780 of NH-16,NHAI,618579,Andhra Pradesh,Ministry of Road Transport & Highways,Roads & Highways,01/2018,07/2021,07/2026,2527.0,2957.25,2376.08,100.0,2026-06,17.0261,60.0,42
804,Nandigama Bypass and Kanchikacherla bypass,NHAI,618629,Andhra Pradesh,Ministry of Road Transport & Highways,Roads & Highways,11/2017,06/2019,09/2026,416.07,444.58,387.77,98.47,2026-06,6.8522,87.0,19
805,4L of Kadapa China Orampadu section of NH-716 Package I of Kadapa-Renigunta section,NHAI,618633,Andhra Pradesh,Ministry of Road Transport & Highways,Roads & Highways,12/2022,03/2028,03/2028,1732.66,1732.66,105.77,2.3,2026-06,0.0,0.0,63
806,6L Korlam-Kantakapalle Section of NH-130CD Road from Km 421.100 to Km 445.100 Pkg-3,NHAI,618682,Andhra Pradesh,Ministry of Road Transport & Highways,Roads & Highways,02/2021,02/2024,07/2026,1112.7,1127.63,849.97,99.5,2026-06,1.3418,29.0,36
807,Renigunta - Poyya - Naidupeta km 124.60 to km 183.4 of NH 71,NHAI,618700,Andhra Pradesh,Ministry of Road Transport & Highways,Roads & Highways,03/2020,01/2024,09/2026,1863.09,2510.14,1677.08,98.6,2026-06,34.7299,32.0,46
808,6L Access Controlled Greenfield Highway from Kodur Ch. 0000 to Vanavolu Ch. 24300 of [NH-544G] Package-1,NHAI,618712,Andhra Pradesh,Ministry of Road Transport & Highways,Roads & Highways,01/2023,02/2026,03/2027,912.94,798.25,357.89,86.63,2026-06,-12.5627,13.0,37
809,6L Access Controlled Greenfield Highway from Yerragudipadu Ch. 129000 to Audireddipalle Ch. 160000 of [NH 544G] Package-6,NHAI,618713,Andhra Pradesh,Ministry of Road Transport & Highways,Roads & Highways,02/2023,02/2026,11/2027,1200.42,1019.69,282.03,45.04,2026-06,-15.0556,21.0,36
810,6L Access Controlled Greenfield Highway from Nallacheruvu palli Ch. 96300 to Yerragudipadu Ch. 129000 of [NH-544G] Package-5,NHAI,618714,Andhra Pradesh,Ministry of Road Transport & Highways,Roads & Highways,02/2022,02/2026,06/2027,1253.26,1095.78,388.46,65.04,2026-06,-12.5656,16.0,48
811,6L Access Controlled Greenfield Highway from Odulapalle Ch. 72000 to Nallacheruvu- palli Ch. 96300 of [NH-544G]Package-4,NHAI,618715,Andhra Pradesh,Ministry of Road Transport & Highways,Roads & Highways,01/2023,02/2026,04/2027,1058.9,946.1,403.17,75.92,2026-06,-10.6526,14.0,37
812,6L Access Controlled Greenfield Highway from Vankarakunta Ch. 45700 to Odulapalle Ch. 72000 of [NH-544G]Package-3,NHAI,618716,Andhra Pradesh,Ministry of Road Transport & Highways,Roads & Highways,12/2022,03/2026,03/2027,992.91,888.07,320.05,77.21,2026-06,-10.5589,12.0,39
813,6L Access Controlled Greenfield Highway from Vanavolu Ch. 24300 to Vankarakunta Ch. 45700 of [NH-544G] Package-2,NHAI,618717,Andhra Pradesh,Ministry of Road Transport & Highways,Roads & Highways,01/2023,03/2026,02/2027,750.81,626.91,250.23,86.13,2026-06,-16.5022,11.0,38
814,6L Access Controlled Greenfield Highway from Kavulakuntla Ch. 196000 to Narayanmpet Ch. 203500Package-09,NHAI,618718,Andhra Pradesh,Ministry of Road Transport & Highways,Roads & Highways,02/2023,02/2027,12/2027,1092.18,956.4,200.13,47.73,2026-06,-12.432,10.0,48
815,6L Access Controlled Greenfield Highway from Mallapalle Ch. 176000 to Kavulakuntla Ch. 196000 Package-08,NHAI,618719,Andhra Pradesh,Ministry of Road Transport & Highways,Roads & Highways,02/2023,02/2026,07/2027,909.02,751.81,289.88,60.57,2026-06,-17.2944,17.0,36
816,6L Access Controlled Greenfield Highway from Audireddipalle Ch. 160000 to Mallapalle Ch. 176000Package-07,NHAI,618720,Andhra Pradesh,Ministry of Road Transport & Highways,Roads & Highways,02/2023,03/2026,04/2027,987.1,848.06,338.11,70.51,2026-06,-14.0857,13.0,37
817,6L Access Controlled Greenfield Highway from Chandrasekharapuram Ch. 228000 to Polavaram Ch. 260000of [NH-544G] Package-11,NHAI,618721,Andhra Pradesh,Ministry of Road Transport & Highways,Roads & Highways,02/2023,02/2026,08/2027,1292.65,1110.33,337.78,60.8,2026-06,-14.1044,18.0,36
818,Khammam-Devarapalle Pkg V [4L Access Controlled Greenfield from Gurvaygudem village to Devarapalle village Design Chainage 132664 to 162126,NHAI,618749,Andhra Pradesh,Ministry of Road Transport & Highways,Roads & Highways,12/2020,09/2024,07/2026,711.94,926.48,566.96,100.0,2026-06,30.1346,22.0,45
819,4L PS Mydukur - Badvel from Km 585.820 to Km 630.960 of NH-67,NHAI,618759,Andhra Pradesh,Ministry of Road Transport & Highways,Roads & Highways,05/2022,09/2025,10/2026,1063.57,1103.87,585.5,90.4,2026-06,3.7891,13.0,40
820,4L of Pileru to Kalur Section from Km 55.900 to Km 92.800 & Km 94.500 to Km 95.717 of NH-71Package-II,NHAI,618777,Andhra Pradesh,Ministry of Road Transport & Highways,Roads & Highways,03/2022,11/2025,08/2026,1877.47,592.85,246.41,98.84,2026-06,-68.4229,9.0,44
821,4L of Madanapalle to Pileru Section from Km 0.000 to Km 55.900 of NH-71Package-I,NHAI,618778,Andhra Pradesh,Ministry of Road Transport & Highways,Roads & Highways,02/2022,01/2025,07/2026,1877.47,1994.1,1182.65,94.9,2026-06,6.2121,18.0,35
822,Development of 4L Road from Samarlakota to Achampeta Junction as part of Kakinada Port Connectivity to NH-16 Rajanagaram Junction in East Godavari District,NHAI,618803,Andhra Pradesh,Ministry of Road Transport & Highways,Roads & Highways,09/2022,08/2025,12/2026,645.63,750.2,680.06,92.1,2026-06,16.1966,16.0,35
823,Dedicated Port road to Krishnapatnam Port Package-I from Km. 0.000 to Km. 18.000,NHAI,618804,Andhra Pradesh,Ministry of Road Transport & Highways,Roads & Highways,03/2018,12/2020,03/2027,348.72,341.36,303.73,78.95,2026-06,-2.1106,75.0,33
824,6L Connectivity to Port Road from Sabbavaram Sheelanagar-NH516C,NHAI,618805,Andhra Pradesh,Ministry of Road Transport & Highways,Roads & Highways,12/2024,02/2028,02/2028,977.33,977.33,127.79,6.3,2026-06,0.0,0.0,38
825,Improvement of 4L road to 6L road and 4L dedicated Port Roads for the Port connectivity road from Convent junction to Sheelanagar Junction,NHAI,618806,Andhra Pradesh,Ministry of Road Transport & Highways,Roads & Highways,01/2023,02/2026,12/2026,685.99,680.21,478.52,79.0,2026-06,-0.8426,10.0,37
826,"4L Greenfield Road connecting North and South industrial cluster of Khandaleru Creek near Krishnapatnam port at Thamminapatnam to Mollur from Km 0.0 to Km 16.046, Part I & 6L extension of dedicated port road of NH-67 Km 18.0 to Km 19.3, Part II",NHAI,618807,Andhra Pradesh,Ministry of Road Transport & Highways,Roads & Highways,08/2022,09/2025,01/2027,609.43,559.98,552.88,81.81,2026-06,-8.1141,16.0,37
827,4 Laning of NH-544D from Km 0.000 to km 37.000 of Anantapur- Muchukota section Pkg-1,NHAI,618826,Andhra Pradesh,Ministry of Road Transport & Highways,Roads & Highways,10/2022,07/2025,08/2026,907.76,905.98,468.12,91.97,2026-06,-0.1961,13.0,33
828,4 Laning of NH-544D from Km 37.000 to km 69.000 of Muchukota- Bugga section Pkg-2,NHAI,618827,Andhra Pradesh,Ministry of Road Transport & Highways,Roads & Highways,10/2022,08/2025,12/2026,1097.57,1055.23,466.89,82.05,2026-06,-3.8576,16.0,34
829,Access Controlled Highway of 4 Lane with Paved Shoulders from TN/AP Border Design Chainage Km 6151 to Puttur Design Chainage Km 81540 of NH-716 & 6 Lane with Paved Shoulders from Mallavaram to Renigunta,NHAI,618920,Andhra Pradesh,Ministry of Road Transport & Highways,Roads & Highways,03/2024,12/2026,03/2027,1346.82,1260.37,188.66,39.57,2026-06,-6.4188,3.0,33
830,Six Laning of Vijayawada Bypass from Chinna Avutapalli to Gollapudi in Vijayawada - Gundugolanu Section from km. 0.00 to km. 30.00 Pkg-III,NHAI,619076,Andhra Pradesh,Ministry of Road Transport & Highways,Roads & Highways,01/2020,02/2023,09/2026,1581.24,1883.71,1024.75,98.2,2026-06,19.1287,43.0,37
831,4 L of China Orampadu-Renigunta section of NH-716 Package-II of Kadapa- Renigunta section,NHAI,619102,Andhra Pradesh,Ministry of Road Transport & Highways,Roads & Highways,12/2022,03/2028,03/2028,1500.11,1500.11,120.46,0.0,2026-06,0.0,0.0,63
832,6L Jakkuva Korlam Section of NH-130CD Road from km 396.800 to km 421.100 Pkg 2,NHAI,619111,Andhra Pradesh,Ministry of Road Transport & Highways,Roads & Highways,02/2021,03/2024,07/2026,840.51,840.51,573.89,99.5,2026-06,0.0,28.0,37
833,6L Kantakapalle Sabbavaram Section of NH-130CD Road from Km 445.100 to Km 464.662 Pkg-4,NHAI,619112,Andhra Pradesh,Ministry of Road Transport & Highways,Roads & Highways,02/2021,10/2024,12/2026,1012.57,1012.57,702.32,84.0,2026-06,0.0,26.0,44
834,6L Access Controlled Greenfield Highway from Narayanmpet Ch. 203500 to Chandrasekharpuram Ch. 228000Package-10,NHAI,619123,Andhra Pradesh,Ministry of Road Transport & Highways,Roads & Highways,02/2023,02/2026,07/2027,813.66,678.21,223.05,66.12,2026-06,-16.647,17.0,36
835,6L Access Controlled Greenfield Highway from Polavaram Ch. 260000 to Marripudi Ch. 285500 of [NH-544G]Package-12,NHAI,619124,Andhra Pradesh,Ministry of Road Transport & Highways,Roads & Highways,02/2023,02/2026,05/2027,747.29,626.83,242.62,70.2,2026-06,-16.1196,15.0,36
836,6L Access Controlled Greenfield Highway from Somavarappadu Ch.314.600 to Muppavaram Ch.343240 of [NH-544G] Package-14,NHAI,619125,Andhra Pradesh,Ministry of Road Transport & Highways,Roads & Highways,02/2023,02/2026,10/2027,1103.9,943.66,259.07,44.56,2026-06,-14.5158,20.0,36
837,6L Access Controlled Greenfield Highway from Marripudi Ch. 285500 to Somavarappadu Ch. 314600 of [NH-544G] Package-13,NHAI,619126,Andhra Pradesh,Ministry of Road Transport & Highways,Roads & Highways,02/2023,02/2026,04/2027,976.41,798.71,370.82,73.0,2026-06,-18.1993,14.0,36
838,6L of Naidupeta Junction - Turpukanupur Section from km 57.046 to km 91.927,NHAI,619140,Andhra Pradesh,Ministry of Road Transport & Highways,Roads & Highways,08/2022,10/2025,10/2027,1398.84,965.58,374.07,48.9,2026-06,-30.9728,24.0,38
839,Construction of four lane access controlled highway from Chillakuru cross road to Turpu KanupurPart 1 of Package - II km 0.000 131.500 of NH - 16 to km 23.770 on New NH-516W including six lane flyover and approaches on NH-16 length km 1.050 and six lane access controlled from Turpu Kanupur to Port South Gate Part 2 of Package - II km 23.770 to km 35.015 on New NH-516W in the state of Andhra Prades,NHAI,619141,Andhra Pradesh,Ministry of Road Transport & Highways,Roads & Highways,08/2022,12/2025,03/2026,864.2,844.39,358.97,54.11,2026-06,-2.2923,3.0,40
840,Balance works in AP Portion and punch list items in TN & AP portion of NH-205,NHAI,619160,Andhra Pradesh,Ministry of Road Transport & Highways,Roads & Highways,10/2022,01/2025,01/2026,166.52,113.46,98.52,100.0,2026-06,-31.864,12.0,27
841,Construction of 2-lane road of Potin to Pangin section of NH-13 from Km 163.59 to Km 206.66 Package-5 on EPC Mode in the State of Arunachal Pradesh under Arunachal Pradesh Package of Roads and Highways of SARDP-NE [Job No SARDP-NE/P- P/Pkg-A/NH-13/Ar.Pr./PWD/2018-19/116],MoRTH,617892,Arunachal Pradesh,Ministry of Road Transport & Highways,Roads & Highways,03/2019,11/2023,07/2026,450.65,450.65,345.01,96.61,2026-06,0.0,32.0,56
842,4-Laning of Itanagar to Bandardewa section of NH-415from km 40430 to km 51735 Package-Bon EPC Mode in the state of Arunachal Pradesh Job NO. 415/Ar. P/2020- 21/031,MoRTH,618033,Arunachal Pradesh,Ministry of Road Transport & Highways,Roads & Highways,06/2020,12/2024,07/2026,496.47,496.47,171.91,51.37,2026-06,0.0,19.0,54
843,"Construction of Intermediate Lane with Hard Shoulder of Hunli to Hayuliang Package- III from design Km 60.000 to Km 121.500 Design Length 61.500 km, Greenfield Section of Frontier Highway NH-913 in the State of Arunachal Pradesh on EPC Mode Pkg-3",NHIDCL,618401,Arunachal Pradesh,Ministry of Road Transport & Highways,Roads & Highways,02/2024,07/2028,07/2028,1418.67,1418.67,0.0,1.7,2026-06,0.0,0.0,53
844,"Construction of Intermediate Lane with Hard Shoulder of Hunli to Hayuliang from Design Km 0.000 to Km 53.000 Design Length 53.000 km, Greenfield Section of Frontier Highway NH-913 in the State of Arunachal Pradesh on EPC Mode Package-I",NHIDCL,618402,Arunachal Pradesh,Ministry of Road Transport & Highways,Roads & Highways,02/2024,02/2028,03/2028,1262.43,1262.43,245.19,18.1,2026-06,0.0,1.0,48
845,Construction of Intermediate Lane Road with hard shoulder from design Km 0.000 to Km 17.387 Total length 17.387 km of Hunli to Ithun Bridge section on NH-913 Frontier Highway in State of Arunachal Pradesh on EPC mode under NHO-NE,NHIDCL,618403,Arunachal Pradesh,Ministry of Road Transport & Highways,Roads & Highways,02/2024,01/2027,01/2027,275.5,275.5,0.0,54.11,2026-06,0.0,0.0,35
846,Construction of lntermediate Lane Road with hard shoulder from design chainage Km 0.000 to Km 53.040 Existing Length68.500 Km & Total Design length 53.04 km of Tato to Monigong section of NH-913 Frontier Highway on Nafra Bomdila to Vijaynagar along China border in state of Arunachal pradesh on EPC mode,NHIDCL,618404,Arunachal Pradesh,Ministry of Road Transport & Highways,Roads & Highways,12/2023,11/2027,11/2027,625.61,625.61,0.0,21.97,2026-06,0.0,0.0,47
847,"Construction of Intermediate Lane of Pango to Jorging Road from 0000 to Design Km Design Km 40000 Design Length 40.00 Km, Pkg-l, Greenfield Alignment in the State of Arunachal Pradesh on EPC mode Pkg-1",NHIDCL,618405,Arunachal Pradesh,Ministry of Road Transport & Highways,Roads & Highways,01/2024,07/2027,07/2027,898.19,898.19,0.0,39.8,2026-06,0.0,0.0,42
848,Construction of Balance work of 2-Lane with PS of Joram Koloriang Road from existing Km122.600 to km138.00 [Design Km108.724 to Km123.714] in Arunachal Pradesh on EPC Mode under SARDP-NE Pkg-7,NHIDCL,618433,Arunachal Pradesh,Ministry of Road Transport & Highways,Roads & Highways,02/2017,04/2022,04/2026,184.89,184.89,0.0,99.69,2026-06,0.0,48.0,62
849,Roing-Hunli Road Greenfield Alignment Project,NHIDCL,618434,Arunachal Pradesh,Ministry of Road Transport & Highways,Roads & Highways,02/2017,03/2022,10/2026,1718.59,1718.59,189.24,82.32,2026-06,0.0,55.0,61
850,Construction of 2-Laning with hard shoulders of Demwe-Brahmakund section of NH- 13 from Ch.0.00 km to 18.464 km on EPC under SARDP-NE NHO-NE -Balance Work,NHIDCL,618445,Arunachal Pradesh,Ministry of Road Transport & Highways,Roads & Highways,08/2020,12/2027,12/2027,353.9,353.9,0.0,19.55,2026-06,0.0,0.0,88
851,"lmprovement and Widening to 2 lane with paved Shoulder of NH-15 old NH-52 from Existing Km 770.600 Design Km 24.819 to Existing km 805.750 Design Km 59.885 Kamlang T-Junction to Chowkham, Existing Length 35.150 Km, Design Length-35.066 Km in the state of Arunachal Pradesh on EPC mode Pkg-2",NHIDCL,619014,Arunachal Pradesh,Ministry of Road Transport & Highways,Roads & Highways,12/2023,02/2028,02/2028,316.73,316.73,0.0,11.74,2026-06,0.0,0.0,50
852,"lmprovement and Widening to 2-lane with Paved Shoulder of NH-13 & 15 Old NH-52 from Existing Km 745.60 Design Km 0.000 to Existing km 770.600 Design Km 24.819 Brahmakund T-junction to Kamlang T-Junction, Existing Length 25.00 Km, Design Length 24.819 Km in the state of Arunachal Pradesh on EPC mode Pkg-1",NHIDCL,619248,Arunachal Pradesh,Ministry of Road Transport & Highways,Roads & Highways,12/2023,06/2028,-,441.41,441.41,0.0,0.0,2026-06,0.0,,54
853,Construction of Mangaldoi Bypass NH-15 starting at Ch 26400 and terminating at Ch 41505 under Rangia NH Division L 15.105 Km in the State of Assam. Job No. 15/AS/2021-22/234,MoRTH,617895,Assam,Ministry of Road Transport & Highways,Roads & Highways,03/2022,04/2025,12/2026,535.03,535.03,209.27,75.82,2026-06,0.0,20.0,37
854,"Construction of 4 lane Gauripur Bypass Starting bfrom Km 852.56 of NH- 31Dumardoha Pt-II and Terminating at Km 862.17 Baladmara via. Khudimari Pt.- II, Fulkumari, Charaldanga, Sajuakuti,Geramari Pt.-III and finally meeting at km 862.17 of NH-17New/ NH-31Old in the State of Assam under EPC Mode Job no. 31/AS/ 2023- 24/265",MoRTH,617896,Assam,Ministry of Road Transport & Highways,Roads & Highways,03/2024,10/2026,10/2026,421.15,421.15,0.0,20.8,2026-06,0.0,0.0,31
855,Construction of 2 lane Barpeta Bypass from Km 77900Baradi to Km 86150 Deurikuchi Length8.25Km on NH-427 in the state of Assam under EPC ModeJob No.427/AS/2022-23/245,MoRTH,618034,Assam,Ministry of Road Transport & Highways,Roads & Highways,03/2023,08/2026,08/2026,173.65,173.65,11.38,20.0,2026-06,0.0,0.0,41
856,"Construction of new 2 Lane with paved shoulders of NH Standards from km 0.080 to km 11.690 L11.610 km in Majuli and from km 19.715 to km 27.484 L 7.769 km in Jorhat on the newly declared NH 715K and construction of 1.10 km flyover on NH-715 with its approaches and service roads L1.10 km, Total Length 20.479 km in the State of Assam Job No. 715K/AS/2023-24/256",MoRTH,618159,Assam,Ministry of Road Transport & Highways,Roads & Highways,02/2024,03/2027,03/2027,382.1,382.1,26.05,6.3,2026-06,0.0,0.0,37
857,"Construction of 2 lane Major Bridge including approaches over Brahmaputra between Majuli on North Bank and Jorhat on South Bank from km. 11.690 to km. 19.715 length of bridge 6,812.5m Package - II on NH-715K in the state of Assam Job no. 715/AS/2020-21/213",MoRTH,618160,Assam,Ministry of Road Transport & Highways,Roads & Highways,03/2025,12/2027,12/2027,1019.17,1019.17,0.0,3.25,2026-06,0.0,0.0,33
858,4-L Bilasipara-Guwahati Package-10,NHIDCL,618282,Assam,Ministry of Road Transport & Highways,Roads & Highways,03/2023,06/2026,03/2027,1264.9,1264.9,603.33,64.48,2026-06,0.0,9.0,39
859,4-L Bilasipara-Guwahati Package-9,NHIDCL,618283,Assam,Ministry of Road Transport & Highways,Roads & Highways,03/2023,06/2026,03/2027,1000.27,1000.27,490.64,59.78,2026-06,0.0,9.0,39
860,Widening/Improvement to 4-Lane with paved shoulder from Km 99930 to Km 143680 Design Chainage 96000 to 139750 of Paikan to Dhupdhara Sahar of Bilasipura- Guwahati Road on NH-17 in the state of Assam on EPC mode under Bharatmala Pariyojana in Economic Corridors Project Length 43.750km under NHO-NE Package- 8,NHIDCL,618284,Assam,Ministry of Road Transport & Highways,Roads & Highways,03/2023,12/2026,12/2026,1457.59,1457.59,926.96,85.87,2026-06,0.0,0.0,45
861,Construction of New 2-Lane Bridge with its approaches from km 0000 to Km 4385 across River Brahmaputra on NH-17 at Jogighopa in Assam on EPC mode,NHIDCL,618286,Assam,Ministry of Road Transport & Highways,Roads & Highways,09/2021,11/2024,12/2026,746.76,746.76,426.91,81.07,2026-06,0.0,25.0,38
862,"Widening/Improvement to 4-Lane with paved Shoulder from Ch. 25.633 Km to Ch. 52.470 Km Design Ch. 21.850 Km to Ch.48.670 Km for Package-2 of Bilasipura- Guwahati road NH-17 Section Near Mowatari, before Chapar Bypass to Tulungia junction with NH-17 in the state of Assam on HAM mode under NHO-NE Package-2",NHIDCL,618287,Assam,Ministry of Road Transport & Highways,Roads & Highways,11/2023,06/2027,06/2027,1338.61,1338.61,0.0,12.45,2026-06,0.0,0.0,43
863,"Widening/lmprovement to 4-Lane with Paved Shoulder from Ch.5.580 Km to Ch.25.633 Km Design Ch.0.000 Km to Ch.17.737km Km 901.100 to Km 921.145 of old NH-31 of Bilasipara- Guwahati road NH-17 Section Near Chirakuta to near Mowatari, before Chapar Bypass in the state ol Assam on HAM mode Package-1",NHIDCL,618288,Assam,Ministry of Road Transport & Highways,Roads & Highways,02/2024,08/2027,08/2027,1081.15,1081.15,0.0,32.59,2026-06,0.0,0.0,42
864,Construction and up gradation to 4-Lane of existing two lane with paved shoulder from Hapachara to Tulungia road of NH-117 of existing Km 0.00 to km 14.050 and Design Km 0.000 to km 14.660 under BMP on EPC mode,NHIDCL,618289,Assam,Ministry of Road Transport & Highways,Roads & Highways,03/2020,12/2022,03/2026,224.85,224.85,209.94,97.76,2026-06,0.0,39.0,33
865,Construction of 4-Lane Panchgram Bypass from Design Chainage km 15500 on NH- 37 Old NH-53 at Kalinagar Pt.-I Village to Design Chainage km 27300 at crossing with NH-6 Old NH-44 Near Siddeswar Pt.-I Village on Silchar - Churaibari stretch in the State of Assam on EPC Mode under Bharatmala Pariyojana in Economic Corridors Silchar- Churaibari Package-2,NHIDCL,618308,Assam,Ministry of Road Transport & Highways,Roads & Highways,03/2023,02/2027,02/2027,676.18,728.97,0.0,57.17,2026-06,7.8071,0.0,47
866,Widening/lmprovement to 4-Laning and Greenfield alignment with Paved shoulder of Silchar-Badarpur Churaibari section of NH-37 & NH-8 from Design chainage 38.600 End point of proposed Badarpur Bypass to Km. 62.800 Start point of proposed Nilambazar/Cheragi Bypass in the state of Assam on HAM Mode Package-4,NHIDCL,618309,Assam,Ministry of Road Transport & Highways,Roads & Highways,02/2024,08/2027,08/2027,1319.55,1319.55,0.0,25.16,2026-06,0.0,0.0,42
867,Widening/lmprovement to 4-L of Karimgani - sutarkandi section of NH 37 from design Ch 0020 Start of proposed Karimganj Bypass from NH -8 to design Chainage Km 14380 near Sutarkandi Spur Connectivity to Indo/Bangladesh Border on Silchar- Churaibari in the State of Assam on HAM Mode Package-7,NHIDCL,618310,Assam,Ministry of Road Transport & Highways,Roads & Highways,02/2024,02/2027,02/2027,791.79,791.79,0.06,41.88,2026-06,0.0,0.0,36
868,Widening/lmprovement to 4-Lane with Paved shoulder for existing as well as Greenfield alignment of Badarpur Churaibari section of NH-8 from Design chainage 87.700 Chandkhira to Km. 106.500 Churaibari section Assam-Tripura border in the state of Assam on HAM Mode Package-6,NHIDCL,618311,Assam,Ministry of Road Transport & Highways,Roads & Highways,03/2024,03/2027,03/2027,870.0,870.0,0.0,40.99,2026-06,0.0,0.0,36
869,Widening/lmprovement to 4-Lane with Paved Shoulder from existing road and Greenfield alignment form Design Ch. 62.800 start of proposed Nilambazar/Cheragi Bypass to Design Ch. 87.700 near Chandkhira Village of NH-8 on Silchar-Churaibari in the state of Assam on HAM Mode Package-5,NHIDCL,618312,Assam,Ministry of Road Transport & Highways,Roads & Highways,02/2024,10/2027,10/2027,1258.13,1258.13,0.0,14.04,2026-06,0.0,0.0,44
870,Widening/lmprovement of Existing 2 lane to 4-Laning of Karimganj-Silchar section of NH-37 from Design Ch 0.000 near Silchar ISBT to Design Ch 15.970 near Kalinagar Pt I on NH-37 in Assam on HAM Mode Pkg-1,NHIDCL,618313,Assam,Ministry of Road Transport & Highways,Roads & Highways,03/2024,09/2027,09/2027,1181.55,1181.55,0.0,41.26,2026-06,0.0,0.0,42
871,4-Laning of Dhanehari Lailapur / Vairengte section from Existing Chainage km 12920 to km 43000 of NH 306 Design Chainage km 20000 to km 49360 on Silchar - Vairengte Sairang road in the State of Assam under Bharatmala Pariyojna on EPC mode. Project Length 29.360 km under NHO-NE Package-2,NHIDCL,618314,Assam,Ministry of Road Transport & Highways,Roads & Highways,03/2023,08/2026,08/2026,1716.21,1716.21,970.37,81.65,2026-06,0.0,0.0,41
872,4-Laning of Silchar - Dhanehari section from Existing Chainage km 263800 of NH 37 to km 12920 of NH 306 Design Chainage km 0000 to km 20000 on Silchar - Vairengte - Sairang road in the State of Assam under Bharatmala Pariyojna on EPC mode Package-1,NHIDCL,618315,Assam,Ministry of Road Transport & Highways,Roads & Highways,02/2023,07/2026,07/2026,1256.9,1256.9,575.03,59.65,2026-06,0.0,0.0,41
873,Dillai to Lahorijan Package-7,NHIDCL,618325,Assam,Ministry of Road Transport & Highways,Roads & Highways,11/2021,07/2024,04/2026,204.1,204.1,142.21,0.0,2026-06,0.0,21.0,32
874,Widening/Improvement to 4-Lane with Paved Shoulder from KM 38500 to Km 51246 Design Chainage 38500 to 50959 with proposed Daboka Bypass of Daboka- Parokhaowa of NH 29 on EPC under NHO-NE Package-1,NHIDCL,618326,Assam,Ministry of Road Transport & Highways,Roads & Highways,01/2023,11/2025,06/2026,516.88,516.88,0.0,99.7,2026-06,0.0,7.0,34
875,lmprovement to 4-Lane with Paved Shoulder from existing km 260000 Design Ch.4560 km to existing km Ch.233000 D. Ch.24560 of Silchar near Nutan Dayapur village - Budha Nagar Section Length-20.00 Km of NH-37 under Package Silchar- Jiribam Pkg-1 in the state of Assam on HAM Mode,NHIDCL,618331,Assam,Ministry of Road Transport & Highways,Roads & Highways,01/2024,01/2028,01/2028,957.95,957.95,165.23,47.27,2026-06,0.0,0.0,48
876,Widening/Improvement to 2-Lane Lane with Paved Shoulder from km 16900 Bogapani to km 27150 Golai Goan on existing Dibrugarh to Ledo section with proposed Digboi Bypass Green Field and Brownfield 2-LanePS of NH-315 OLD NH-38 in Tinsukia District under NHO- NE Package-4,NHIDCL,618339,Assam,Ministry of Road Transport & Highways,Roads & Highways,01/2023,12/2025,12/2026,356.65,356.65,80.08,20.45,2026-06,0.0,12.0,35
877,Widening/Improvement to 4-Lane with Paved Shoulder from km 626030 Nalani hulla Gaon to km 650450 Chotahapjan on existing Tinsukhia -Makum Bypass of NH-15 OLD NH-37 and Strengthening of existing NH-315 OLD NH-38 from Km 0000 Chotahapjan to Km 16900 Bogapani section 2-Lane PS in Assam on EPCMode under NHO-NE Package-3,NHIDCL,618340,Assam,Ministry of Road Transport & Highways,Roads & Highways,01/2023,05/2025,10/2026,458.59,458.59,249.84,88.99,2026-06,0.0,17.0,28
878,Widening & Upgradation to 2 lanes with paved shoulders road from Tamenglong to Mahur NH-137 in the State of Assam starting from km 156.489 near P. Leikul to km 176.410 near Borowapu on EPC mode under NHO-NE Assam portion Package-10,NHIDCL,618351,Assam,Ministry of Road Transport & Highways,Roads & Highways,03/2023,08/2025,09/2026,890.33,693.15,604.86,90.5,2026-06,-22.1468,13.0,29
879,Widening & Upgradation to 2 lanes with paved shoulders road from Tamenglong to Mahur NH-137 in the State of Assam starting from km 136.500 near Hejaichak to km 156.489 near P. Leikul Package-9 on EPC mode under NHO-NE Package-9,NHIDCL,618352,Assam,Ministry of Road Transport & Highways,Roads & Highways,03/2023,08/2025,07/2026,860.37,614.43,559.69,87.5,2026-06,-28.5854,11.0,29
880,Widening & Upgradation to 2-lanes with paved shoulders road from Tamenglong to Mahur NH-137 in the State of Assam starting from km 116.480 near Hangrum to km 136.500 near Hejaichak Package-8 on EPC mode under NHO-NE Package 8,NHIDCL,618353,Assam,Ministry of Road Transport & Highways,Roads & Highways,03/2023,08/2025,09/2026,904.04,904.04,557.37,85.2,2026-06,0.0,13.0,29
881,Wideinig & Upgradation to 2-lanes with paved shoulders road from Tamenglong to Mahur NH-137 in the State of Assam starting from km 96.870 near Jiri River to km 116.550 near Hangrum Package-7 on EPC mode Package7,NHIDCL,618354,Assam,Ministry of Road Transport & Highways,Roads & Highways,12/2023,03/2026,12/2026,846.82,846.82,0.0,90.36,2026-06,0.0,9.0,27
882,"Widening/Improvement to 4-Lane with Paved Shoulder configuration of existing single lane road from Srirampur near Bhairiguri Village to Kachukhana Harichara Paglagaunj Package-I of Srirampur - Dhubri Section of NH-127B from existing Km 0.000 to Km 28.050 Design Km 0.000 to Km 27.650, Design Length27.650 Km under JICA ODA Loan assistance Phase-V -Balance work",NHIDCL,618371,Assam,Ministry of Road Transport & Highways,Roads & Highways,03/2022,11/2026,11/2026,613.89,613.89,384.24,89.5,2026-06,0.0,0.0,56
883,"Construction of 4-Lane Bridge including approaches over River Brahmaputra between Dhubri on North Bank,Assam and Phulbari on south Bank,Meghalaya on NH-127B under JICA ODA Loan assistance Phase-III",NHIDCL,618373,Assam,Ministry of Road Transport & Highways,Roads & Highways,05/2019,09/2028,09/2028,4997.04,4997.04,3033.59,77.14,2026-06,0.0,0.0,112
884,4-Laning from Rangagara to Kaliabor Tiniali from km 297.00 to km 315.315 of NH-37 on EPC basis under SARDP-NE in state of Assam,NHIDCL,618435,Assam,Ministry of Road Transport & Highways,Roads & Highways,01/2016,04/2020,07/2026,386.51,386.51,360.25,97.13,2026-06,0.0,75.0,51
885,4-Laning of Jamugurihat to end of Biswanath Chariali By-Pass from Km 182.000 to Km 208.000 of NH-52 on EPC mode in state of Assam under SARDP-NE,NHIDCL,618436,Assam,Ministry of Road Transport & Highways,Roads & Highways,03/2015,06/2019,07/2025,599.0,599.0,434.89,100.0,2026-06,0.0,73.0,51
886,"Construction of Balance Work of 4-Laning of NH-37 Section between End of Moran Bypass to Bogibeel junction near Lapetketa Km. 561.700-Km. 580.875 under SARDP- NE, Phase 'A' in the State of Assam on EPC mode Pkg-I Road works & Toll Plaza",NHIDCL,618437,Assam,Ministry of Road Transport & Highways,Roads & Highways,01/2016,03/2025,08/2025,274.34,274.34,96.67,100.0,2026-06,0.0,5.0,110
887,"4-Laning of NH-37 Section between Demow to End of Moran Bypass From Km. 534.800 to Km. 561.700 including Emergency Landing Facility ELF under SARDP-NE, Phase 'A' in the State of Assam on EPC mode",NHIDCL,618438,Assam,Ministry of Road Transport & Highways,Roads & Highways,01/2016,07/2024,08/2025,385.57,385.57,685.73,100.0,2026-06,0.0,13.0,102
888,"Construction of Balance Work of 4-Laning of the Section from Jorhat to Jhanji of NH- 37 Old from Km 453000 to Km 463000 10.000 Km, under SARDP- NE under EPC Mode in the state of Assam Pkg-I Road Works",NHIDCL,618439,Assam,Ministry of Road Transport & Highways,Roads & Highways,01/2024,08/2024,06/2026,478.3,478.3,0.0,96.79,2026-06,0.0,22.0,7
889,"Construction of Balance Work of 4-Laning of the Section from Jhanji to Demow of NH- 37 Old from Km 490.800 to Km 534.800, under SARDP- NE on EPC Mode in the state of Assam Pkg- IV Structures & Toll Plaza",NHIDCL,618440,Assam,Ministry of Road Transport & Highways,Roads & Highways,01/2016,10/2025,07/2026,187.09,100.22,0.0,58.19,2026-06,-46.4322,9.0,117
890,"Construction of Balance Work of 4-Laning of the Section from Jhanji to Demow of NH- 37 Old from Km 490.800 to Km 501.800 11.000 Km, under SARDP- NE under EPC Mode in the state of Assam Pkg-I Road Works",NHIDCL,618441,Assam,Ministry of Road Transport & Highways,Roads & Highways,01/2016,09/2025,07/2026,467.79,476.5,0.0,87.33,2026-06,1.8619,10.0,116
891,"Construction of Balance Work of the 4-Laning of the Section from Jorhat to Jhanji of NH-37 Old from Km 477.000 to Km 490800 13.800 Km, under SARDP- NE under EPC Mode in the state of Assam Pkg-III Road Works",NHIDCL,618442,Assam,Ministry of Road Transport & Highways,Roads & Highways,01/2024,08/2024,06/2026,358.72,358.72,398.28,100.0,2026-06,0.0,22.0,7
892,"Construction of Balance Work of the 4-Laning of the Section from Jorhat to Jhanji of NH-37 Old from Km 463.00 to Km 477.000 14.000 Km, under SARDP- NE under EPC Mode in the state of Assam Pkg-II Road Works",NHIDCL,618443,Assam,Ministry of Road Transport & Highways,Roads & Highways,01/2024,08/2024,03/2026,438.44,438.44,0.0,95.86,2026-06,0.0,19.0,7
893,"Construction of Balance Work of the 4-Laning of the Section from Jorhat to Jhanji of NH-37 Old from Km 453.000 to Km 490.800, under SARDP- NE , under EPC Mode in the state of Assam Pkg-IV Structures & Toll Plaza",NHIDCL,618444,Assam,Ministry of Road Transport & Highways,Roads & Highways,01/2024,08/2024,07/2026,279.01,279.01,398.54,94.73,2026-06,0.0,23.0,7
894,"Earthwork in Formation, Road Work, Construction of Bridges, Blanketing, P. Way Linking works including Supply of P. Way Fittings and Track Ballast in connection with Construction of Railway Siding from Jogighopa Railway Station to MMLP at Jogighopa from Ch. 00 to 3760 on Item Rate basis Package -3, Railway Siding from Jogighopa Railway Station to MMLP",NHIDCL,618454,Assam,Ministry of Road Transport & Highways,Roads & Highways,02/2020,06/2022,09/2024,693.97,693.97,41.78,93.23,2026-06,0.0,27.0,28
895,Development of External Trunk Connectivity and Internal Infrastructure Works at Multi Model Logistics ParkMMLP at Jogighopa in the State of Assam on EPC Mode Package-I Road and Utility Works,NHIDCL,618455,Assam,Ministry of Road Transport & Highways,Roads & Highways,02/2020,04/2022,09/2024,693.97,693.97,310.1,100.0,2026-06,0.0,29.0,26
896,Guwahati Ring Road in the State of Assam,NHAI,618934,Assam,Ministry of Road Transport & Highways,Roads & Highways,08/2024,01/2030,01/2030,5729.47,5729.47,328.42,0.0,2026-06,0.0,0.0,65
897,2L with ES of Yagyi - Kalewa section from Milepost 40/0 to Milepost 115/5 in Myanmar,NHAI,618958,Assam,Ministry of Road Transport & Highways,Roads & Highways,12/2017,06/2023,07/2027,1200.14,1200.14,0.0,52.0,2026-06,0.0,49.0,66
898,"Construction of Balance Work of 4-Laning of the Section from Jhanji to Demow of NH- 37 Old from Km 501.800 to Km 514.800 13.000 Km, under SARDP- NE under EPC Mode in the state of Assam Pkg-II Road Works",NHIDCL,619013,Assam,Ministry of Road Transport & Highways,Roads & Highways,10/2014,01/2026,07/2026,508.76,542.87,111.01,73.88,2026-06,6.7045,6.0,135
899,Construction of 4-Lane Badarpur Bypass from Design Chainage km 27300 at crossing with NH-6 Old NH-44 Near Siddeswar Pt.-I Village to Design Chainage km 38600 on NH-37 Old NH-44 at Kandigram Chaita Village on Silchar - Churaibari stretch in the State of Assam on EPC Mode under Bharatmala Pariyojana in Economic Corridors Silchar- Churaibari Pkg-3,NHIDCL,619057,Assam,Ministry of Road Transport & Highways,Roads & Highways,02/2023,08/2026,08/2026,574.26,574.26,318.82,71.09,2026-06,0.0,0.0,42
900,"Construction of Balance Work of 4-Laning of the Section from Jhanji to Demow of NH- 37 Old from Km 514.800 to Km 534.800 20.000 Km, under SARDP- NE under EPC Mode in the state of Assam Pkg-III Road Works",NHIDCL,619060,Assam,Ministry of Road Transport & Highways,Roads & Highways,10/2014,09/2025,07/2026,344.71,619.7,54.48,72.0,2026-06,79.7743,10.0,131
901,Balance work of 4L of NarimbangloJatinga Junction- Harangajoroad section from Km 0.000 to Km 49.230 of NH-27,NHAI,619089,Assam,Ministry of Road Transport & Highways,Roads & Highways,03/2022,01/2026,07/2026,1909.98,2745.74,1386.87,94.59,2026-06,43.7575,6.0,46
902,Construction of proposed 4Lane Revelgunj bypass NH-19 in the State of Bihar on EPC mode connecting NH 19 to 85 origin,MoRTH,617897,Bihar,Ministry of Road Transport & Highways,Roads & Highways,03/2022,07/2025,10/2026,295.24,295.24,44.18,86.02,2026-06,0.0,15.0,40
903,Widening & Strenthening from km132.895 to km 190.15 NH-80,MoRTH,617958,Bihar,Ministry of Road Transport & Highways,Roads & Highways,03/2021,11/2024,08/2026,566.1,566.1,292.35,95.1,2026-06,0.0,21.0,44
904,Gaya-Hisua-Rajgir-Nalanda-Biharsharif section km0.00 to 92.935 NH-82,MoRTH,617961,Bihar,Ministry of Road Transport & Highways,Roads & Highways,01/2014,11/2019,10/2026,1408.85,2138.16,0.0,97.0,2026-06,51.7663,83.0,70
905,Rehabilitation and Upgrading to 2 lanes/2-lane with paved shoulders configuration and strengthening of of Birpur and Bihpur Section from km 0.0 to Km 106 of NH 106 under phase I of National Highways Interconnectivity Improvement Projects NHIIP ICB No. NHIIP-BR-106-7 [NHIIP-BR-106-7],MoRTH,617966,Bihar,Ministry of Road Transport & Highways,Roads & Highways,01/2014,10/2019,07/2026,780.77,961.33,0.04,99.74,2026-06,23.1259,81.0,69
906,Construction of 4 Lane ROB and its approaches at the level crossing LC No 29 B of Km 29 Ekangarsarai at NH 110 New NH 33 & Railway Km 32.63 at Fatwa FUT Islampur IPR section in the state of Bihar on EPC mode.,MoRTH,617969,Bihar,Ministry of Road Transport & Highways,Roads & Highways,03/2023,07/2026,12/2026,201.08,201.08,0.01,62.0,2026-06,0.0,5.0,40
907,Construction of Bhabhua Bypass from Ch. 10800Design Ch. 10800 to Ch. 19860 Design Ch. 18150 and Chand Bypass from Ch. 38060 Design Ch. 36250 to Ch. 40460 Design Ch. 38650 and widening of existing road to 2 - lane with Paved shoulder from Ch. 40460 Design Ch. 38650 to Ch. 46860 Design Ch. 45050 of NH-219 Total length- 16.150 Kmunder EPC mode in the state of Bihar,MoRTH,618004,Bihar,Ministry of Road Transport & Highways,Roads & Highways,02/2022,12/2027,12/2027,179.86,179.86,2.37,2.0,2026-06,0.0,0.0,70
908,Sheohar-Sitamarhi Section km 40.000 to 79.400 km Lot-I,MoRTH,618005,Bihar,Ministry of Road Transport & Highways,Roads & Highways,02/2016,05/2018,09/2026,178.85,278.53,0.0,98.65,2026-06,55.7339,100.0,27
909,Improvement to Two lane with Paved Shoulder from Junction of NH22 near Hajipur to Junction of NH -122 at Bachhwara via Mahnar and Mohiuddin Nagar from Km 0.00 to Km 29.730 of NH 122 B in the State of Bihar.,MoRTH,618073,Bihar,Ministry of Road Transport & Highways,Roads & Highways,02/2024,02/2026,02/2027,226.16,226.16,0.0,53.0,2026-06,0.0,12.0,24
910,Pre construction activity of NH 122B from km 0 to 72.348 and Improvement to two lane with paved shoulders of NH 122B from km 29.730 to km 72.348 in state of Bihar under EPC mode,MoRTH,618074,Bihar,Ministry of Road Transport & Highways,Roads & Highways,02/2022,11/2024,08/2026,624.43,624.43,154.25,95.0,2026-06,0.0,21.0,33
911,Improvement to two lane with paved shoulders of BH WB Border Amdabad Manihari section from design Km 0.000 to Km 23.945 of NH 131 A Total length 23.945 Km under EPC mode in the state of Bihar,MoRTH,618080,Bihar,Ministry of Road Transport & Highways,Roads & Highways,01/2022,11/2026,06/2027,353.27,353.27,0.0,7.0,2026-06,0.0,7.0,58
912,construction of Four-Lane of chausa-Buxar Bypass from Km 45.000 to Km 65.915 Package - 2 in the State of Bihar on EPC Mode.,MoRTH,618120,Bihar,Ministry of Road Transport & Highways,Roads & Highways,09/2022,01/2028,01/2028,1060.16,1060.16,0.0,4.0,2026-06,0.0,0.0,64
913,Improvement to two lane with paved shoulders of NH-319A from km 0 to km 45 in state of Bihar under EPC mode,MoRTH,618121,Bihar,Ministry of Road Transport & Highways,Roads & Highways,02/2022,12/2024,09/2026,427.29,427.29,198.15,93.0,2026-06,0.0,21.0,34
914,"Pre-Construction activities from Km 134.000 to Km 190.233 of NH-333A and Construction of 4 no. of Bypasses at Katoria, Lakhpura, Banka & Panjwara total length-14.359 Km to two lane with paved shoulders standard in State of Bihar.",MoRTH,618126,Bihar,Ministry of Road Transport & Highways,Roads & Highways,11/2022,12/2026,03/2027,479.37,479.37,67.37,58.1,2026-06,0.0,3.0,49
915,Estimate for Improvement to two lane with paved shoulder from Ramnagar to Roseda from km 3.500 to 43.000 of NH 527 E on EPC mode in State of Bihar,MoRTH,618146,Bihar,Ministry of Road Transport & Highways,Roads & Highways,01/2022,04/2026,04/2027,495.16,495.16,0.0,37.0,2026-06,0.0,12.0,51
916,construction of a new 4 lane Parallel to existing MG Setu with its approaces from km 0.00 to km 14.500 across river Ganga on NH-19 at Patna in the state of Bihar.,MoRTH,618228,Bihar,Ministry of Road Transport & Highways,Roads & Highways,02/2019,09/2024,09/2027,2926.42,2926.42,0.0,74.93,2026-06,0.0,36.0,67
917,Construction of a new 4-lane major bridge across river Kosi at Phulaut including Rehabilitation and upgradation of existing Birpur and Bihpur section of NH-106 from km 106.000 to km 136.000 to 2-lane with paved shoulders in the State of Bihar on EPC mode,MoRTH,618234,Bihar,Ministry of Road Transport & Highways,Roads & Highways,09/2018,06/2024,02/2027,1478.4,1478.4,901.32,97.5,2026-06,0.0,32.0,69
918,Construction of New 4-Lane Bridge Parallel to existing Vikramashila Setufrom km 8920 to Km 13375including approach road 35m Naugachhia side &53 m Bhagalpur sideacross River Ganga on newly declared NH-131B at Bhagalpur in the State of Bihar,MoRTH,618246,Bihar,Ministry of Road Transport & Highways,Roads & Highways,07/2020,05/2027,03/2029,1110.23,1110.23,0.0,51.91,2026-06,0.0,22.0,82
919,Construction of 6-Lane Elevated / Extra Dose Cable Bridge on River Ganga parallel to & Western side of Digha-Sonepur Rail cum-Road Bridge of NH 139W in the State of Bihar,MoRTH,618250,Bihar,Ministry of Road Transport & Highways,Roads & Highways,01/2024,11/2027,12/2028,3064.45,3064.45,0.0,17.24,2026-06,0.0,13.0,46
920,"Improvement and Up gradation to four lane with Paved shoulder configuration from Existing Km 0000 to Km 39500 design km 0500 to Km 40342, Design length km of NH 227A near Mehrauna GhatUP Bihar Border to Siwan on the state of Bihar on Hybrid Annuity Model HAM basis",MoRTH,618251,Bihar,Ministry of Road Transport & Highways,Roads & Highways,03/2023,03/2028,03/2028,1661.25,1661.25,0.83,7.89,2026-06,0.0,0.0,60
921,Balance work - WB-10 Gandak Bridge Km 402.00 to Km 440.00 Devanpur - Kotwa,NHAI,618569,Bihar,Ministry of Road Transport & Highways,Roads & Highways,11/2021,01/2024,02/2027,210.05,358.3,181.96,64.05,2026-06,70.5784,37.0,26
922,Permanent rectification of 3 nos. of black spots in project Highway NH-27 of U.P border - Dewapur - Kotwa section from Km.360.915 to km.440.000 Total Length of 79.085 Km of NH-27& Permanent rectification of 5 nos. of black spots of project Highway NH-27 of Kotwa - Mehsi - Muzaffarpur Section from km.440.000 to km.520.000 Total length 80.00Km,NHAI,618571,Bihar,Ministry of Road Transport & Highways,Roads & Highways,04/2022,12/2025,10/2026,227.25,321.23,233.7,83.0,2026-06,41.3553,10.0,44
923,6L Greenfield Varanasi-Ranchi-Kolkata Highway from Pachmon village to Anarbansalea village From KM. 116000 to KM. 151200 Package-6,NHAI,618725,Bihar,Ministry of Road Transport & Highways,Roads & Highways,03/2023,09/2027,09/2027,1915.99,1920.21,405.1,23.77,2026-06,0.2203,0.0,54
924,6L Greenfield Varanasi-Ranchi-Kolkata Highway from junction with Chandauli- Chainpur Road near Khainti village to junction with Bhabhua-Adhaura road near Palka village from Km. 27.000 to Km. 54.000 Pkg-2,NHAI,618726,Bihar,Ministry of Road Transport & Highways,Roads & Highways,03/2023,10/2027,10/2027,1240.93,1341.52,244.38,25.37,2026-06,8.106,0.0,55
925,6L Greenfield Varanasi-Ranchi-Kolkata Highway from junction with Bhabhua-Adhaura road in Bhairopur village to Konki village From KM. 54.000 to KM. 90.000Pkg-3,NHAI,618727,Bihar,Ministry of Road Transport & Highways,Roads & Highways,03/2023,10/2027,10/2027,1576.94,1711.44,313.1,22.0,2026-06,8.5292,0.0,55
926,6L Bridge and its approaches across River Ganga as Part of Patna Ring Road NH- 131G starting from Km 8.480 near Sherpur to Km 23.000 near Dighwara,NHAI,618738,Bihar,Ministry of Road Transport & Highways,Roads & Highways,09/2022,09/2027,03/2029,6291.69,3351.62,733.93,21.21,2026-06,-46.7294,18.0,60
927,4L Greenfield Alignment of Amas to Shivrampur from 0.000 Km. to 55.002 Km. of NH 119 D Pkg-I,NHAI,618739,Bihar,Ministry of Road Transport & Highways,Roads & Highways,02/2022,03/2025,07/2027,1390.92,1427.43,604.49,54.1,2026-06,2.6249,28.0,37
928,4L Greenfield Alignment of Shivrampur to Ramnagar from Km. 55.002 to Km. 109.300 of NH 119 D Pkg-II,NHAI,618740,Bihar,Ministry of Road Transport & Highways,Roads & Highways,02/2022,07/2025,11/2027,1494.31,1546.07,664.55,50.15,2026-06,3.4638,28.0,41
929,4L Greenfield Alignment from Kalyanapur to Tal Dashraha of NH-119D Pkg-III,NHAI,618741,Bihar,Ministry of Road Transport & Highways,Roads & Highways,03/2022,02/2025,03/2028,1857.58,1969.3,929.35,33.48,2026-06,6.0143,37.0,35
930,"Construction of 6-lane Greenfield corridor from Ramnagar to Kacchi Dargah NH-119D from Km 109700 to Km 122300, including widening of the existing NH-31 from Km 196700 to Km 198600, as part of the Amas-Darbhanga.",NHAI,618742,Bihar,Ministry of Road Transport & Highways,Roads & Highways,01/2025,04/2028,04/2028,1113.46,1113.46,12.43,0.5,2026-06,0.0,0.0,39
931,Ara Bypass,NHAI,618775,Bihar,Ministry of Road Transport & Highways,Roads & Highways,03/2025,04/2027,04/2027,226.32,226.32,5.62,24.84,2026-06,0.0,0.0,25
932,Construction of four laning of Bakarpur- Manikpur road section starting from village Chitarsenpur km 0000 and terminating at SH-74 near Manikpur 38814 at NH-139W under Bharatmalapariyona,NHAI,618790,Bihar,Ministry of Road Transport & Highways,Roads & Highways,03/2023,04/2027,09/2027,1422.37,1537.99,623.75,46.1,2026-06,8.1287,5.0,49
933,4L PS under NH configuration of Manikpur-Sahebganj of NH-139W,NHAI,618791,Bihar,Ministry of Road Transport & Highways,Roads & Highways,10/2024,12/2027,12/2027,1538.76,1538.76,564.37,26.6,2026-06,0.0,0.0,38
934,Simaria Km. 206.050 to Khagaria Km. 266.282,NHAI,618840,Bihar,Ministry of Road Transport & Highways,Roads & Highways,12/2015,04/2019,10/2026,664.02,891.64,813.98,97.72,2026-06,34.2791,90.0,40
935,4L Elevated Section and at-grade improvements at Begusarai town Simaria - Khagaria section from Km. 221.047 to Km. 225.302 of NH-31,NHAI,618841,Bihar,Ministry of Road Transport & Highways,Roads & Highways,10/2021,12/2024,08/2026,491.04,348.38,348.04,95.72,2026-06,-29.0526,20.0,38
936,Bakhtiyarpur-Rajauli Pkg-II from km. 54.405 to km.101.630,NHAI,618861,Bihar,Ministry of Road Transport & Highways,Roads & Highways,09/2020,07/2023,07/2026,897.45,1397.47,914.25,97.85,2026-06,55.7156,36.0,34
937,Bakhtiyarpur-Rajauli Pkg-III from km. 101.630 to km.152.520,NHAI,618862,Bihar,Ministry of Road Transport & Highways,Roads & Highways,09/2020,06/2024,07/2026,2156.22,3046.61,1815.2,99.14,2026-06,41.294,25.0,45
938,Maheshkunt-Saharsa-Purnea Pkg I km 0.00 to km. 90.00 of NH-107,NHAI,618902,Bihar,Ministry of Road Transport & Highways,Roads & Highways,02/2017,12/2021,09/2026,662.44,1311.22,1125.2,90.07,2026-06,97.9379,57.0,58
939,Maheshkunt -Saharsa-Purnea Pkg II,NHAI,618903,Bihar,Ministry of Road Transport & Highways,Roads & Highways,03/2017,12/2020,09/2026,1028.28,1244.09,1220.65,94.0,2026-06,20.9875,69.0,45
940,Chhapra - Hajipur from km. 143.200 to km. 209.200,NHAI,618904,Bihar,Ministry of Road Transport & Highways,Roads & Highways,07/2010,07/2013,04/2026,2127.86,2171.6,526.04,89.81,2026-06,2.0556,153.0,36
941,Widening with additional 3L abetting Chhapra Bypass Section of NH-19 from Km. 143.200 to Km. 159.255 Pkg-1,NHAI,618905,Bihar,Ministry of Road Transport & Highways,Roads & Highways,02/2024,08/2026,10/2026,470.5,528.48,287.52,73.26,2026-06,12.3231,2.0,30
942,"4L Elevated Corridor and at-grade improvements from Design Ch0000 to Design Ch 19870 of Danapur Bihta Section, Design Ch0000 to Design Ch0231 connecting the existing RoB near Danapur station ,1.35 Km ramps and at-grade improvements to 4- lane section on Danapur side and Upgradation of existing Two lane carriageway to Four Lane carriageway from Design Ch19870 to Design Ch23500 of Bihta - Koilwar se",NHAI,618914,Bihar,Ministry of Road Transport & Highways,Roads & Highways,10/2022,09/2026,08/2027,4432.97,2625.4,1517.29,61.12,2026-06,-40.7756,11.0,47
943,4L Greenfield starting from NH-30 near Saristabad Patna to Nathupur Project end point of Patna-Gaya-Dobhi Section of NH-83,NHAI,618917,Bihar,Ministry of Road Transport & Highways,Roads & Highways,07/2023,08/2025,09/2026,488.24,419.66,101.06,87.03,2026-06,-14.0464,13.0,25
944,4L of Siwan- Masrakh section of Ram Janki Marg from Km 230.385 to Km 281.391 of NH-227A,NHAI,618926,Bihar,Ministry of Road Transport & Highways,Roads & Highways,08/2022,11/2026,11/2028,1431.36,1927.04,502.89,10.33,2026-06,34.63,24.0,51
945,Umagaon-Saharsa Package-IV Koshi Bridge & approach Road - Bheja-Bakaur,NHAI,618953,Bihar,Ministry of Road Transport & Highways,Roads & Highways,02/2019,08/2023,03/2027,1199.58,1223.94,1308.0,91.99,2026-06,2.0307,43.0,54
946,Umagaon - Saharsa Package - I Combined Umagaon-Kaluahi0.000KM to 21.609Km of NH227LSaharghat-Rahika0.000 Km to 26.130KM of NH227JRahika-Rampatti 0.00 KM to 15.00KM of NH527ABideshwarsthan-Bheja0.000KM to 25.915KM of NH527A.,NHAI,618954,Bihar,Ministry of Road Transport & Highways,Roads & Highways,08/2022,07/2027,07/2027,1473.2,1703.02,641.88,21.5,2026-06,15.6001,0.0,59
947,2L PS of Majhauli to Charout section from km. 0.00 to km. 63.655,NHAI,618955,Bihar,Ministry of Road Transport & Highways,Roads & Highways,01/2018,11/2021,07/2026,638.29,1067.51,1096.09,99.8,2026-06,67.2453,56.0,46
948,Construction of Major Bridge over Baghmati and Lakhandei River along with Approaches from Design km.16.500 to km.21.500,NHAI,618956,Bihar,Ministry of Road Transport & Highways,Roads & Highways,02/2024,04/2027,03/2028,498.97,380.3,43.95,25.03,2026-06,-23.783,11.0,38
949,4L of Greenfield Alignment from Km. 47.000 to Km. 89.210 of Balbhadarpur to Bela Nawda Section of NH-119D,NHAI,619127,Bihar,Ministry of Road Transport & Highways,Roads & Highways,03/2022,03/2026,03/2028,2185.75,2118.46,717.01,29.13,2026-06,-3.0786,24.0,48
950,Rehabilitation and Upgradation of Chorma - Bairgania Section of National Highway No 227F to 2 lane with paved shoulders from Design Ch.0.000 to Ch. 34.566,NHAI,619136,Bihar,Ministry of Road Transport & Highways,Roads & Highways,06/2022,01/2026,07/2026,610.78,628.65,336.7,100.0,2026-06,2.9258,6.0,43
951,Bakhtiyarpur Km 153.300 to Mokama Km 197.900,NHAI,619152,Bihar,Ministry of Road Transport & Highways,Roads & Highways,12/2015,12/2019,07/2026,1182.94,1898.84,1797.43,99.95,2026-06,60.5187,79.0,48
952,Umagaon-Saharsa Package-V Bakaur-Parsarma-Bangaon-Bariyahi & Spur to Mahishi,NHAI,619166,Bihar,Ministry of Road Transport & Highways,Roads & Highways,10/2022,12/2025,08/2026,768.35,968.42,503.02,99.5,2026-06,26.0389,8.0,38
953,4L of Munger Mirzachauki section from Munger to Kharia village junction from Km 69520 to Km 95580 Pkg-1,NHAI,619289,Bihar,Ministry of Road Transport & Highways,Roads & Highways,01/2021,03/2024,10/2026,1659.81,1696.66,670.56,82.72,2026-06,2.2201,31.0,38
954,Construction of Approach Road to Rail-cum- Road Bridge across river Ganga at Munger Ghat NH-333 B,NHAI,619301,Bihar,Ministry of Road Transport & Highways,Roads & Highways,07/2013,05/2021,07/2026,537.88,633.91,573.9,99.99,2026-06,17.8534,62.0,94
955,4L of Munger Mirzachauki section from start of existing Bhagalpur bypass to Rasulpur from Km 125000 to Km 157350 Pkg-3,NHAI,619305,Bihar,Ministry of Road Transport & Highways,Roads & Highways,01/2021,04/2024,12/2026,1769.5,2024.59,672.67,77.3,2026-06,14.4159,32.0,39
956,4L of Munger Mirzachauki section from Km 95580 to Km 125000 Pkg-2,NHAI,619306,Bihar,Ministry of Road Transport & Highways,Roads & Highways,02/2021,03/2024,07/2026,1020.84,1235.65,633.41,95.31,2026-06,21.0425,28.0,37
957,4L of Hajipur-Muzaffarpur Section of the existing NH-77 from Km. 0000 Ramashish Chowk to Km. 46300 and new bypass starting at Km. 46300 and connecting NH-28 of E-W Corridor at Km. 515045,NHAI,619317,Bihar,Ministry of Road Transport & Highways,Roads & Highways,08/2010,02/2013,08/2026,2723.39,2906.78,2160.8,99.45,2026-06,6.7339,162.0,30
958,Bemetara Bypass NH 30,MoRTH,617908,Chhattisgarh,Ministry of Road Transport & Highways,Roads & Highways,01/2024,04/2027,04/2027,161.96,161.96,0.0,42.0,2026-06,0.0,0.0,39
959,Construction of 4 Nos Grade separtor between km. 281.000 to km. 307.600 km. 286.400 kumhari km. 299.000 Transport Nagar km. 302.000 Power House km. 304.000 Chandra Moura Chowk to km. 305.000 supeia of NH-53 old NH-06 Raipur - Durg 4 Lane on EPC mode in the state of chhattisgarh job NO. NH-53old NH-06 CG- 2017-18-56,MoRTH,617919,Chhattisgarh,Ministry of Road Transport & Highways,Roads & Highways,03/2018,01/2021,08/2025,349.03,349.03,0.0,97.9,2026-06,0.0,55.0,34
960,Up-gradation to Two/Four lane with paved shoulder Configuration of Kondagaon- Narayanpur from design ch. 0.00 - 48.693 Design Length 47.493 Km. 1.20 Km. retained on NH-130D under EPC mode in the State Chhattisgarh.,MoRTH,617971,Chhattisgarh,Ministry of Road Transport & Highways,Roads & Highways,12/2022,03/2027,03/2027,322.4,322.4,1.14,70.0,2026-06,0.0,0.0,51
961,Upgradation to Two lane with Paved Shoulder Configuration of Narayanpur Kasturmeta pkg-II from design ch. 48.693 to 70.453 design length21.760 Km. on NH-130D under EPC mode in the state of Chhattisgarh.,MoRTH,617972,Chhattisgarh,Ministry of Road Transport & Highways,Roads & Highways,12/2022,06/2026,-,200.67,200.67,0.0,0.0,2026-06,0.0,,42
962,"Upgradation of Ambikapur-Ramanujganj-Garwa road of NH-343, Package-III, Badki mahri village to Ramanujganj section from existing km 80.600 to km 110.330 Design Ch. 85.370 to Ch. 114.800 of total length 29.430 km to two lane with paved shoulders udner corridor scheme under EPC Mode in the of Chhattisgarh",MoRTH,618014,Chhattisgarh,Ministry of Road Transport & Highways,Roads & Highways,03/2022,10/2026,10/2026,199.05,199.05,52.96,33.58,2026-06,0.0,0.0,55
963,"Upgradation of Keonchi - Ratanpur Road of NH 45 Package-I, from design chainage km 237.860 to km 273.200 of length 35.340 km to two lane with paved shoulders under Corridor scheme on EPC mode in the state of Chhattisgarh.",MoRTH,618015,Chhattisgarh,Ministry of Road Transport & Highways,Roads & Highways,03/2022,01/2026,12/2026,225.41,228.93,77.46,60.0,2026-06,1.5616,11.0,46
964,"Upgradation of Ambikapur Ramanujganj - Garhwa Road NH 343 of Package-I, Rajpuri Khurd Village to Padih Village section from existing km 7.830 to km 57.650 Design Ch. 13.700 to Ch. 62.700 of total length 49.00 km to two lane with paved shoulders under EPC mode in the state of Chhattisgarh",MoRTH,618016,Chhattisgarh,Ministry of Road Transport & Highways,Roads & Highways,03/2022,05/2027,05/2027,397.44,397.44,56.95,26.26,2026-06,0.0,0.0,62
965,"Upgradation of Keonchi - Ratanpur Road of NH 45 Package-II, from design chainage km 278.75 to km 321.348 of length 42.598 km to two lane with paved shoulders under Corridor scheme on EPC mode in the state of Chhattisgarh.",MoRTH,618017,Chhattisgarh,Ministry of Road Transport & Highways,Roads & Highways,03/2022,01/2026,12/2026,286.0,286.0,87.54,60.0,2026-06,0.0,11.0,46
966,Upgradation of Bilaspur-Takhatpur-Mungeli-Pandariya-Pondi Road on N.H.-130A Package IIIA Takhatpur By-pass from existing Ch. 26.542 to 32.093 [Design Ch. 18.700 to 25.900] & Mungeli By-pass from existing Ch. 45.786 to 56.275 [Design Ch. 29.600 to 51.600] and Package IIIB Pandariya By-Pass from existing Ch. 82.582 to 87.133 [Design Ch. 77.900 to 81.1000 & Pondi By-pass from existing Ch. 103.166 to ,MoRTH,618018,Chhattisgarh,Ministry of Road Transport & Highways,Roads & Highways,03/2022,07/2025,12/2026,351.19,351.19,11.63,11.0,2026-06,0.0,17.0,40
967,Durg-Raipur Bypass Section Package - 1 from km. 0.00 to km. 44.50 near Tendesara to near Khatti Village,NHAI,618589,Chhattisgarh,Ministry of Road Transport & Highways,Roads & Highways,06/2022,07/2025,03/2027,1828.0,1656.73,1016.41,74.93,2026-06,-9.3693,20.0,37
968,Durg-Raipur-Arang Package - 2 from km. 44.50 to km. 92.23 near Khatti Village to near Aurang,NHAI,618590,Chhattisgarh,Ministry of Road Transport & Highways,Roads & Highways,06/2022,05/2025,03/2027,1958.9,1561.97,1000.81,73.96,2026-06,-20.2629,22.0,35
969,4L of Bilaspur to Urga km 0.00 to 70.2 of NH-130A,NHAI,618639,Chhattisgarh,Ministry of Road Transport & Highways,Roads & Highways,04/2020,03/2024,07/2026,1855.59,2523.86,1468.47,94.81,2026-06,36.0139,28.0,47
970,4L of Urga - Pathalgaon from Km. 70.200 to km. 157.745 of NH-130A,NHAI,618640,Chhattisgarh,Ministry of Road Transport & Highways,Roads & Highways,03/2022,08/2026,08/2026,2261.3,2860.36,1050.51,80.05,2026-06,26.4918,0.0,53
971,4L of Pathalgaon-Kunkuri-CG/JH Border section of NH-43 from Km. 00.000 to Km.104.250,NHAI,618646,Chhattisgarh,Ministry of Road Transport & Highways,Roads & Highways,08/2024,04/2029,04/2029,3147.07,3147.07,0.03,0.0,2026-06,0.0,0.0,56
972,Development of 6L of Jhanki Sargi Section Road from km 0.000 to km 42.800 of NH- 130CD Pkg-CG-1,NHAI,618673,Chhattisgarh,Ministry of Road Transport & Highways,Roads & Highways,11/2021,09/2024,02/2027,1368.19,1129.14,715.25,99.35,2026-06,-17.472,29.0,34
973,Development of 6L Sargi Basanwahi Section from km 42.800 to km 99.500 of NH- 130CD Pkg-CG-2,NHAI,618674,Chhattisgarh,Ministry of Road Transport & Highways,Roads & Highways,12/2021,01/2025,07/2026,1470.73,1461.81,757.59,100.0,2026-06,-0.6065,18.0,37
974,Development of 6L of Basanwahi Marangpuri Section from km 99.500 to km 124.661 of NH-130-CD,NHAI,618675,Chhattisgarh,Ministry of Road Transport & Highways,Roads & Highways,03/2022,10/2025,03/2027,1307.16,1303.63,481.63,66.8,2026-06,-0.2701,17.0,43
975,4 laning of Champa - Korba from km 0.00 to km 38.2,NHAI,618957,Chhattisgarh,Ministry of Road Transport & Highways,Roads & Highways,02/2021,01/2024,07/2026,1002.33,1304.47,944.63,98.75,2026-06,30.1438,30.0,35
976,"Balance Works of Rehabilitation and Up gradation of NH-43 New NH-30 from Krn 162120 to Krn 173500 Length 11.380 Km. Keshkal Bypass 4-Lane with Paved shoulder in the State Of Chhattisgarh under NHDP-IV through Engineering, Procurement & Construction EPC Basis",MoRTH,619039,Chhattisgarh,Ministry of Road Transport & Highways,Roads & Highways,06/2025,06/2028,-,307.96,307.96,0.0,0.0,2026-06,0.0,,36
977,4/6 Laning of Raipur-Simga Pkg-I from km. 0.00 to km. 48.58,NHAI,619103,Chhattisgarh,Ministry of Road Transport & Highways,Roads & Highways,10/2015,04/2018,07/2026,1096.52,1172.36,905.25,100.0,2026-06,6.9164,99.0,30
978,4 Laning with PS of Pathrapalli-Katghora km 53.3 to km 92.6 Pkg-II of Bilaspur Kathghora,NHAI,619167,Chhattisgarh,Ministry of Road Transport & Highways,Roads & Highways,12/2019,12/2022,07/2026,865.1,1275.26,851.38,93.1,2026-06,47.4119,43.0,36
979,Balance Work Estimate of Rehabilitation and Up-gradation of NH- 43 from Km. 468.600 to Km. 531.250 Pathalgaon to kunkuri Section to two-lane with paved shoulder in the State of Chhattisgarh on SBD mode under NHO under Annual plan 2025-26,MoRTH,619347,Chhattisgarh,Ministry of Road Transport & Highways,Roads & Highways,03/2026,06/2028,-,201.16,201.16,0.0,0.0,2026-06,0.0,,27
980,Widening of Existing Road from Intermediate Lane 2-lane to 4-lane Between Km 19.994 to Km 35.180 of NH-848A Rakholi-Khadoli-Velugam Section in U.T. of Dadra and Nagar Haveli and Daman and Diu (MoRTH) (619183) (-) (-) Dadra & Nagar Haveli and Daman & Diu 10/2022 (02/2024) 06/2026 (07/2026) 198.06 (239.57) 75.95 80 981 Development of 6L UER II [Package - I] NH-1 Near Bakoli till Karala Kanjhawala Ro,NHAI,618509,Delhi,Ministry of Road Transport & Highways,Roads & Highways,07/2020,10/2023,06/2026,2089.94,2203.45,1825.54,99.99,2026-06,5.4313,32.0,39
982,8L of Dwarka Expressway Pkg-II RuB near Dwarka Sector 21-DL/HR Border from 5.300 Km.to 9.500 Km. of NH-248BB,NHAI,619090,Delhi,Ministry of Road Transport & Highways,Roads & Highways,01/2018,10/2021,06/2026,2067.67,2670.22,2341.79,100.0,2026-06,29.1415,56.0,45
983,Dwarka Expressway from Km -0.600 to Km 5.300 - Pkg-I Shivmurti Chowk-RuB near Dwarka Sector 21,NHAI,619202,Delhi,Ministry of Road Transport & Highways,Roads & Highways,03/2018,09/2022,06/2026,2144.67,3929.5,3329.23,98.8,2026-06,83.2217,45.0,54
984,4-Laning from End of Zuari approaches to Start of Margao Bypass section of NH-66 from Km 536.800 to Km 543.450,MoRTH,617941,Goa,Ministry of Road Transport & Highways,Roads & Highways,07/2024,02/2028,02/2028,398.25,398.25,0.0,0.5,2026-06,0.0,0.0,43
985,Construction of Six lane Elevated Corridor from Km. 508.000 to Km. 513.150 including approaches on NH-66,MoRTH,617942,Goa,Ministry of Road Transport & Highways,Roads & Highways,04/2023,04/2026,10/2026,641.46,641.46,0.0,97.1,2026-06,0.0,6.0,36
986,4-laning of Navelim to Cuncolim Section of NH-66 from Km 554.245 to Km 561.480 on HAM Mode,MoRTH,617943,Goa,Ministry of Road Transport & Highways,Roads & Highways,12/2024,10/2028,10/2028,746.75,746.75,0.0,0.0,2026-06,0.0,0.0,46
987,Construction of 4L Flyover from MES College Junction to Bogmalo Junction on NH- 566 from Km. 7.106 to Km. 10.460 and 4L VUP at Queeny Nagar Junction from Km. 3.330 to Km. 4.550,NHAI,618609,Goa,Ministry of Road Transport & Highways,Roads & Highways,01/2024,07/2026,05/2027,463.08,316.28,168.21,57.3,2026-06,-31.7008,10.0,30
988,Up-gradation of Dhoraji-Jamkandorna-Kalavad Section of NH-927D from Design Chainage km 0/00 to km 58/115 to Two lane with PS configuration in the State of Gujarat on EPC,MoRTH,617906,Gujarat,Ministry of Road Transport & Highways,Roads & Highways,10/2022,01/2027,01/2027,246.6,291.19,0.0,35.0,2026-06,18.0819,0.0,51
989,Work of 6 laning/Construction of elevated corridor from km 0/0 to 10/170 Narol Junction to Sarkhej junction including 4 lane Shastri Bridge on Sabarmati river on NH 47 in the State of Gujarat on HAM mode,MoRTH,617916,Gujarat,Ministry of Road Transport & Highways,Roads & Highways,03/2024,02/2028,02/2028,1295.39,1295.39,0.0,30.0,2026-06,0.0,0.0,47
990,Construction of new 4 lane major bridge with approaches on Sabarmati River near Dharoi at Km. 82/00 to 86/00 Design length 3.300 km on NH-58 in the State of Gujarat on Hybrid Annuity Mode HAM,MoRTH,617926,Gujarat,Ministry of Road Transport & Highways,Roads & Highways,03/2024,08/2027,08/2027,398.4,398.4,0.0,44.0,2026-06,0.0,0.0,41
991,Widening to 2LPS between Km 0/0 to 56/0 Khokhara Gujarat Border Vijayanagar Antrasuba Mathasur road of NH 58 in the State of Gujarat,MoRTH,617927,Gujarat,Ministry of Road Transport & Highways,Roads & Highways,03/2024,09/2027,09/2027,699.19,699.19,0.0,35.0,2026-06,0.0,0.0,42
992,"Widening 2 lane to 4-lane from KM 92/320 to Km 115/320 Vav Chokdi-Satlasana to to Vrundavan Chokdi, Kheralu on NH-58 in the State of Gujarat.",MoRTH,617928,Gujarat,Ministry of Road Transport & Highways,Roads & Highways,03/2022,03/2026,07/2026,151.13,171.27,0.0,98.0,2026-06,13.3263,4.0,48
993,Work of development and construction of elevated corridorfrom km 38/660 to km 42/690 Iscon junction to start point of approach of sanand flyover of NH-147 in the sate of Gujarat,MoRTH,617976,Gujarat,Ministry of Road Transport & Highways,Roads & Highways,03/2023,06/2026,08/2026,530.2,530.2,58.29,90.0,2026-06,0.0,2.0,39
994,Upgradation to two lane with paved Shoulder Configuaration from Km. 0/00 to 47/000 of NH 351 Mahuva to Badhada section in the State of Gujarat,MoRTH,618022,Gujarat,Ministry of Road Transport & Highways,Roads & Highways,12/2022,08/2025,12/2026,173.06,219.08,22.63,74.0,2026-06,26.5919,16.0,32
995,Upgradation of Mehsana-Visnagar-vadnagar-Kheralu-Idar section from km 0/00 to 81/300 of NH 168G Mehsana to Idar in the State of GujaratTotal Length 81.300 Km on Hybrid Annuity Mode HAM,MoRTH,618107,Gujarat,Ministry of Road Transport & Highways,Roads & Highways,02/2024,06/2028,06/2028,1155.21,1155.21,378.6,16.0,2026-06,0.0,0.0,52
996,Up-gradation and strengthening to 2lanePS from Km 95/500 to km 129/775 of Nh 168G Idar-Bhiloda-Samlaji in the state of Gujarat Length 34.275 km,MoRTH,618108,Gujarat,Ministry of Road Transport & Highways,Roads & Highways,09/2022,12/2025,12/2026,237.28,237.28,0.0,63.0,2026-06,0.0,12.0,39
997,Delhi-Vadodara Greenfield Alignment NH-148N Pkg-26 Ch.696890 to Ch.726390,NHAI,618459,Gujarat,Ministry of Road Transport & Highways,Roads & Highways,09/2020,08/2024,02/2027,1555.2,1556.4,1273.31,81.6,2026-06,0.0772,30.0,47
998,Delhi-Vadodara Greenfield Alignment NH-148N Pkg-28 Ch.756052 to Ch.781282,NHAI,618460,Gujarat,Ministry of Road Transport & Highways,Roads & Highways,09/2020,11/2023,04/2026,1263.38,1266.98,934.98,100.0,2026-06,0.2849,29.0,38
999,Delhi-Vadodara Greenfield Alignment NH-148N Pkg-31 Ch.824920 to Ch.844382 [Junction near Pratap nagar Village - Junction near Dodka Village],NHAI,618462,Gujarat,Ministry of Road Transport & Highways,Roads & Highways,11/2019,05/2023,06/2026,1644.85,1651.14,1297.47,100.0,2026-06,0.3824,37.0,42
1000,Vadodara Mumbai Expressway Kim to Ankleshwar Phase IA - Pkg V,NHAI,618463,Gujarat,Ministry of Road Transport & Highways,Roads & Highways,02/2018,10/2021,07/2026,1324.84,2807.48,1471.27,91.34,2026-06,111.9109,57.0,44
1001,Vadodara Mumbai Expressway Jujuwa - Gandeva from Km. 154.600 to Km. 190.000 Phase-I Package-VIII,NHAI,618466,Gujarat,Ministry of Road Transport & Highways,Roads & Highways,07/2023,03/2026,11/2026,3834.24,3820.2,197.98,4.85,2026-06,-0.3662,8.0,32
1002,Vadodara Mumbai Expressway Karvad - Jujuwa from Km. 128.000 to Km. 154.600 Phase-I Package-IX,NHAI,618467,Gujarat,Ministry of Road Transport & Highways,Roads & Highways,07/2023,10/2025,07/2027,2594.17,2587.04,226.62,21.75,2026-06,-0.2748,21.0,27
1003,Ahmedabad - Dholera Pkg III from km. 48.52 to km. 71.06 [Vejallka Village - Start of DSIR zone],NHAI,618503,Gujarat,Ministry of Road Transport & Highways,Roads & Highways,05/2020,07/2023,07/2026,1034.04,1155.41,1125.55,100.0,2026-06,11.7375,36.0,38
1004,Ahmedabad - Dholera Pkg IV from km. 71.06 to km. 109.019 [Start of DSIR zone - Adhelai Village],NHAI,618504,Gujarat,Ministry of Road Transport & Highways,Roads & Highways,05/2020,12/2023,07/2026,1181.76,1358.73,1222.65,97.99,2026-06,14.9751,31.0,43
1005,"Balance work of Six Laning of Shamlaji-Motachiloda from Km. 401.200 to Km.494.410 section Design Chainage Km.447.385 to Km 540.595, Length- 93.210 Km of old NH-8 NH-48 in the state of Gujarat on single Percentage Item Rate Contract",NHAI,618507,Gujarat,Ministry of Road Transport & Highways,Roads & Highways,06/2024,06/2025,07/2026,466.8,501.48,577.31,91.8,2026-06,7.4293,13.0,12
1006,Construction of Additional Structures including Approaches in Vadodara Surat Section of NH48 between existing Km. 108.000 to Km. 250.000,NHAI,618508,Gujarat,Ministry of Road Transport & Highways,Roads & Highways,03/2024,01/2027,06/2027,907.39,907.39,346.17,48.73,2026-06,0.0,5.0,34
1007,6L with PS of Samakhiyali to Santalpur section from km. 339.700 to Km. 430.100 of NH-27,NHAI,618564,Gujarat,Ministry of Road Transport & Highways,Roads & Highways,01/2023,12/2025,03/2027,1553.76,34.34,28.59,64.52,2026-06,-97.7899,15.0,35
1008,Sanchore - Santalpur from km 99.000 - km 130.073 of NH-754K AJ-RGBS-Package-4,NHAI,618615,Gujarat,Ministry of Road Transport & Highways,Roads & Highways,02/2020,03/2023,07/2026,778.15,835.55,764.0,99.7,2026-06,7.3765,40.0,37
1009,4L of Dhrol bypass section of NH-151A Approx. length 5.7 Km & widening upto 4 laning of missing link of Amran section of NH-151A Approx. length 6.55 Km from existing Ch. 42000 to 48500 of ongoing Dhrol-Bhadra-Pipaliya section of NH-151A,NHAI,618616,Gujarat,Ministry of Road Transport & Highways,Roads & Highways,03/2024,02/2027,02/2027,625.58,455.54,140.05,32.1,2026-06,-27.1812,0.0,35
1010,"Upgradation to 4L PS from Bhimasar, Junction of NH-41 to Anjar- Bhuj upto Airport Junction from Km 0.000 to Km 65.478 of NH-341",NHAI,618787,Gujarat,Ministry of Road Transport & Highways,Roads & Highways,03/2022,06/2025,03/2027,1373.06,1687.25,837.7,96.0,2026-06,22.8825,21.0,39
1011,Kodinar - Veraval Package VI from km. 221.610 to km. 263.00 of NH-8E & km. 120.900 to km. 121.150 of NH-8D,NHAI,618833,Gujarat,Ministry of Road Transport & Highways,Roads & Highways,02/2016,07/2020,07/2026,894.01,1127.42,730.04,98.79,2026-06,26.1082,72.0,53
1012,4L PS Divided Carriageway from Patan Near Rajpur to Gojariya From Km 52.000 to Km 128.940 of NH-68,NHAI,618901,Gujarat,Ministry of Road Transport & Highways,Roads & Highways,12/2021,03/2025,10/2026,1181.34,1098.23,923.85,87.12,2026-06,-7.0352,19.0,39
1013,4L PS from Ch. 94.030 in Jabugam Village to Ch. 132.320 in Dhamasiya Village of NH-56 Pkg-III,NHAI,618930,Gujarat,Ministry of Road Transport & Highways,Roads & Highways,03/2023,11/2027,11/2027,1188.46,898.0,147.42,23.82,2026-06,-24.44,0.0,56
1014,4L PS from Ch. 179.780 in Bitada/Movi Village to Ch. 208.900 in Nasarpore Village of NH-56 Pkg-V,NHAI,618931,Gujarat,Ministry of Road Transport & Highways,Roads & Highways,03/2023,11/2027,11/2027,764.02,566.96,79.56,7.59,2026-06,-25.7925,0.0,56
1015,Construction of 4 lane with PS Idar-Badoli bypass section from design km 81/300 to km 95/500 of NH 168G in the State of Gujarat,MoRTH,619061,Gujarat,Ministry of Road Transport & Highways,Roads & Highways,03/2025,05/2028,05/2028,705.09,705.09,0.0,4.0,2026-06,0.0,0.0,38
1016,Widening to 6L of Existing 4L Jetpur - Gondal - Rajkot Section from Km. 117.600 to Km. 185.00 on NH-27,NHAI,619087,Gujarat,Ministry of Road Transport & Highways,Roads & Highways,03/2022,09/2025,01/2027,2070.44,1390.29,1048.83,73.08,2026-06,-32.8505,16.0,42
1017,Four Laning of Una to Kodinar from km. 180.478 to km. 221.610 Package-V,NHAI,619145,Gujarat,Ministry of Road Transport & Highways,Roads & Highways,02/2016,08/2019,07/2026,877.71,1126.66,1008.77,100.0,2026-06,28.3636,83.0,42
1018,Kagvadar - Una Package-IV,NHAI,619146,Gujarat,Ministry of Road Transport & Highways,Roads & Highways,02/2016,09/2019,07/2026,750.53,955.78,833.12,97.93,2026-06,27.3473,82.0,43
1019,Delhi-Vadodara Greenfield Alignment NH-148N Pkg-27 Ch.729.700 to Ch.756.052,NHAI,619197,Gujarat,Ministry of Road Transport & Highways,Roads & Highways,09/2020,02/2024,06/2026,1185.69,1259.27,1037.33,97.21,2026-06,6.2057,28.0,41
1020,Delhi-Amritsar-Katra Expressway Phase-I Pkg-I from Jussur Kheri on NH-KMP Expressway to Junction with Rohtak-Panipat road NH-709 near Rukhi Paani village Km 0000 to Km 34000,NHAI,618482,Haryana,Ministry of Road Transport & Highways,Roads & Highways,12/2020,12/2023,07/2026,1866.49,2429.9,1609.72,99.91,2026-06,30.1855,31.0,36
1021,Delhi-Amritsar-Katra Expressway Phase-I Pkg-II from Junction with Rohtak-Panipat road NH-709 near Rukhi Paani village to Junction with Jind-Panipat road NH-352A near Gangana village Km 34000 to Km 60800,NHAI,618483,Haryana,Ministry of Road Transport & Highways,Roads & Highways,12/2020,01/2024,07/2026,1533.87,1792.53,1176.23,99.89,2026-06,16.8632,30.0,37
1022,"Construction of Additional Structures, Improvement of Service Road & Maintenance of Six Lane Gurgaon-Jaipur Section of NH-48 old NH-8 between km 42700 to km 107100 in the State of Haryana",NHAI,618506,Haryana,Ministry of Road Transport & Highways,Roads & Highways,05/2024,05/2027,05/2027,401.74,240.02,116.43,56.05,2026-06,-40.2549,0.0,36
1023,Gohana - Sonipat PKG-2,NHAI,618580,Haryana,Ministry of Road Transport & Highways,Roads & Highways,01/2019,07/2022,07/2026,1275.31,1957.44,1225.85,97.86,2026-06,53.4874,48.0,42
1024,4L Greenfield Jalbhera Shahbad section from km. 0.000 to km. 22.850 of NH-152G,NHAI,618788,Haryana,Ministry of Road Transport & Highways,Roads & Highways,03/2022,05/2025,08/2026,927.22,1173.66,544.51,87.05,2026-06,26.5784,15.0,38
1025,4L Bhiwani-Hansi road section of NH-148B,NHAI,618792,Haryana,Ministry of Road Transport & Highways,Roads & Highways,11/2022,12/2025,08/2026,1330.23,1144.21,455.02,99.5,2026-06,-13.984,8.0,37
1026,Jagadhari - Tajewala from Km -0.175 to 32.337 km of NH-344,NHAI,618936,Haryana,Ministry of Road Transport & Highways,Roads & Highways,03/2022,02/2025,03/2027,1269.5,919.43,708.89,67.8,2026-06,-27.5754,25.0,35
1027,4L PS of Ambala Ring Road of New NH-44,NHAI,619080,Haryana,Ministry of Road Transport & Highways,Roads & Highways,02/2023,10/2025,09/2026,1093.35,1225.41,590.67,88.77,2026-06,12.0785,11.0,32
1028,4L of Jind-Gohana road Package-1 from km. 0.00 to km. 40.601 of NH-352 A under NHO,NHAI,619092,Haryana,Ministry of Road Transport & Highways,Roads & Highways,01/2019,07/2022,07/2026,994.22,1606.82,1064.47,99.97,2026-06,61.6161,48.0,42
1029,4/6L of Gurgaon - Pataudi - Rewari from km. 0.00 to km.43.87 of NH-352W,NHAI,619132,Haryana,Ministry of Road Transport & Highways,Roads & Highways,05/2020,11/2023,08/2026,1810.04,1917.5,1267.19,76.98,2026-06,5.9369,33.0,42
1030,Karnal ring road Lot-4/Pkg-1,NHAI,619201,Haryana,Ministry of Road Transport & Highways,Roads & Highways,11/2022,08/2025,10/2026,1741.45,2041.54,831.11,96.42,2026-06,17.2322,14.0,33
1031,Rehabilitation and Upgrading of NH-707 OLD 72-B Package - 2 Hewna to Ashyari,MoRTH,618051,Himachal Pradesh,Ministry of Road Transport & Highways,Roads & Highways,04/2020,03/2023,12/2025,242.8,220.95,145.49,98.38,2026-06,-8.9992,33.0,35
1032,"Improvement/construction of existing CL-5 Road to NH Intermediate lane specification with hard shoulder from Km 166.000 to 203.77 net Length 37.770 kms of NH-505 Sumdo-Kaza-Gramphoo road in the state of Himachal Pradesh on EPC mode under project Deepak, BRO",MoRTH,618215,Himachal Pradesh,Ministry of Road Transport & Highways,Roads & Highways,06/2021,06/2027,06/2027,274.36,194.0,0.0,22.26,2026-06,-29.29,0.0,72
1033,"Improvement/construction of existing CL-5 Road to NH Intermediate lane specification with hard shoulder from Km 133.000 to 166.000 net Length 33.000 kms of NH-505 Sumdo-Kaza-Gramphoo road in the state of Himachal Pradesh on EPC mode under project Deepak, BRO",MoRTH,618216,Himachal Pradesh,Ministry of Road Transport & Highways,Roads & Highways,03/2021,06/2026,09/2027,230.55,203.15,31.4,23.24,2026-06,-11.8846,15.0,63
1034,Improvement/construction of existing Class-5 Road to NH Intermediate lane specification with hard shoulder from existing Km 76/340 to 134/940 Design chainage from Km 76/300 to 133/000 net Length 56.700 kms of NH-505 Sumdo-Kaza- Gramphoo road in the state of Himachal Pradesh Package I,MoRTH,618217,Himachal Pradesh,Ministry of Road Transport & Highways,Roads & Highways,03/2021,05/2026,08/2027,314.67,244.15,93.27,60.02,2026-06,-22.4108,15.0,62
1035,Rehabilitation and Upgradation to 2-lane configuration of Kalwahn-Mandi Section km 208.950 to 250.592 of NH-70 in the State of Himachal Pradesh under Green National Highways Corridor Project GNHCP with the loan assistance of World Bank on EPC mode.Package-3,MoRTH,618230,Himachal Pradesh,Ministry of Road Transport & Highways,Roads & Highways,08/2020,04/2025,12/2026,314.32,314.32,0.0,70.39,2026-06,0.0,20.0,56
1036,Rehabilitation and Upgradation to 2-lane configuration of Hamirpur-Karnohal Section km 141.00 to 181.00 of NH-70 in the State of Himachal Pradesh under Green National Highways Corridor Project GNHCP with the loan assistance of World Bank on EPC mode.Package-1,MoRTH,618231,Himachal Pradesh,Ministry of Road Transport & Highways,Roads & Highways,08/2020,12/2024,09/2026,371.93,371.93,198.34,93.61,2026-06,0.0,21.0,52
1037,Rehabilitation and Upgradation to 2-lane configuration of Karnohal- Kalwahn Section km 181.00 to 208.950 of NH-70 in the State of Himachal Pradesh under Green National Highways Corridor Project GNHCP with the loan assistance of World Bank on EPC mode.Package-2,MoRTH,618232,Himachal Pradesh,Ministry of Road Transport & Highways,Roads & Highways,08/2020,05/2026,12/2026,251.62,190.02,75.89,58.0,2026-06,-24.4814,7.0,69
1038,Construction of missing link from Birhu to Lathiani from Km 35/550 Design chainage Km 0.000 to Km 42/800 Design Chainage Km 8.153on NH-503A including Lathiani Bridge on back water of Govindsagar and its approaches in Himachal Pradesh.,MoRTH,618253,Himachal Pradesh,Ministry of Road Transport & Highways,Roads & Highways,06/2023,03/2029,03/2029,870.95,896.86,0.0,0.0,2026-06,2.9749,0.0,69
1039,Nerchowk km 190.000 to Pandoh including Pandoh bypass km221.305,NHAI,618850,Himachal Pradesh,Ministry of Road Transport & Highways,Roads & Highways,03/2016,07/2020,07/2026,1464.12,1651.67,1567.12,100.0,2026-06,12.8097,72.0,52
1040,Pandoh bypass 221.305 to Takoli 242.000 of NH-21 in the state of Himachal Pradesh,NHAI,618851,Himachal Pradesh,Ministry of Road Transport & Highways,Roads & Highways,06/2017,09/2021,03/2027,3419.95,4465.94,2881.19,95.65,2026-06,30.585,66.0,51
1041,4L Sundar Nagar Bypass from Km.173.900 to Km.179.600 of NH-21,NHAI,618852,Himachal Pradesh,Ministry of Road Transport & Highways,Roads & Highways,02/2022,06/2024,07/2026,191.11,192.11,182.26,100.0,2026-06,0.5233,25.0,28
1042,Rehabilitation and Upgradation to 4L configuration & Strengthening of Sihuni to Rajol from Km 51.000 to Km 72.000 of NH-154 Package-IIA,NHAI,618878,Himachal Pradesh,Ministry of Road Transport & Highways,Roads & Highways,03/2022,09/2025,09/2026,696.65,776.59,493.1,98.58,2026-06,11.4749,12.0,42
1043,Rehabilitation and Upgradation to 2L PS configuration & Strengthening of Padhar to Bijni section from Km 180.000 to Km 202.815 of NH-154 Pkg-VA,NHAI,618879,Himachal Pradesh,Ministry of Road Transport & Highways,Roads & Highways,06/2022,11/2026,11/2026,930.86,930.86,665.28,99.19,2026-06,0.0,0.0,53
1044,Rehabilitation and Up-gradation to 4L configuration & Strengthening of Thanpuri to Paror section from Km 85.135 to Km 100.840 of NH-154 Pkg-IIC,NHAI,618880,Himachal Pradesh,Ministry of Road Transport & Highways,Roads & Highways,07/2022,12/2025,04/2027,815.68,666.79,486.73,54.91,2026-06,-18.2535,16.0,41
1045,4L PS bijni to mandi section from Km 202.815 to Km 208.000 of NH-20 New NH-154 of Pathankot-Mandi Package-VB,NHAI,618881,Himachal Pradesh,Ministry of Road Transport & Highways,Roads & Highways,02/2023,09/2027,09/2027,1113.02,1112.39,525.23,34.57,2026-06,-0.0566,0.0,55
1046,Rehabilitation and Up-gradation of existing road to 2L PS from End of Hamirpur Bypass near Chilbahal to Bhangbar section from Km. 138.295 to Km.175.270 of NH- 88 Pkg-IV,NHAI,618888,Himachal Pradesh,Ministry of Road Transport & Highways,Roads & Highways,03/2022,04/2025,08/2026,1146.19,1358.62,987.23,95.72,2026-06,18.5336,16.0,37
1047,"4L of Bhangbar Near Ranital to Kangra Bypass Section of Old NH-88 New NH- 303,503 up to Intersection with NH-154 from Km 175.270 to Km 193.400 Pkg-VB",NHAI,618889,Himachal Pradesh,Ministry of Road Transport & Highways,Roads & Highways,03/2021,12/2024,09/2026,1322.95,1829.49,1101.15,97.45,2026-06,38.2887,21.0,45
1048,2L PS of Hamirpur Bypass from Km 121.175 to Km.138.295 of NH-103&3,NHAI,618890,Himachal Pradesh,Ministry of Road Transport & Highways,Roads & Highways,08/2022,10/2025,09/2026,739.39,754.82,369.59,93.25,2026-06,2.0869,11.0,38
1049,4L PS from Kalar Bala Village to Nauni Chowk of NH 205 from Km 41.000 to Km 58.450,NHAI,618891,Himachal Pradesh,Ministry of Road Transport & Highways,Roads & Highways,01/2024,05/2027,09/2027,1244.43,786.91,117.5,30.43,2026-06,-36.7654,4.0,40
1050,"4 Lane with Paved Shoulder from Dareota Village to Kalar Bala NH 205, Design Chainage -Km 33185 to Km 41000, Design Length-7.815 Km Package-IIB",NHAI,618892,Himachal Pradesh,Ministry of Road Transport & Highways,Roads & Highways,06/2025,06/2028,06/2028,992.85,992.85,5.15,0.0,2026-06,0.0,0.0,36
1051,4L of Kathlighat to Shakral Village from Km 128.835 to Km 146.300 of NH- 5 Shimla Bypass - Pkg I,NHAI,618921,Himachal Pradesh,Ministry of Road Transport & Highways,Roads & Highways,03/2022,04/2026,07/2027,1703.48,2648.8,1139.72,63.14,2026-06,55.4935,15.0,49
1052,4L of Shakral Village to Dhalli Section from Km 146.300 to Km 156.560 Shimla Bypass - Pkg II and Shimla connectivity from Km 0.000 to Km 0.725 of NH-5,NHAI,618922,Himachal Pradesh,Ministry of Road Transport & Highways,Roads & Highways,04/2022,03/2027,12/2027,1956.26,2880.72,1452.65,63.17,2026-06,47.2565,9.0,59
1053,Solan - Kaithlighat Section of NH-22 Now NH-5 from Km. 106.139 to Km.129.05,NHAI,619003,Himachal Pradesh,Ministry of Road Transport & Highways,Roads & Highways,03/2018,05/2021,11/2026,881.74,1519.53,1345.12,90.11,2026-06,72.3331,66.0,38
1054,4L of HP/Punjab Border - Mo from km. 11.00 to km. 42.00 of Old NH-20 New NH-154 Package-IA,NHAI,619153,Himachal Pradesh,Ministry of Road Transport & Highways,Roads & Highways,03/2021,05/2024,10/2026,1002.11,1363.04,819.71,67.66,2026-06,36.017,29.0,38
1084,"4L of Km.165.092 to Km.171.855 North Bound and from Km.166.895 to Km.173.638 South Bound, excl. certain reaches of North Bound and South Bound of Ramban to Banihal Pkg-III of Old NH-1A New NH-44 (NHAI) (618545) (-) (-) Jammu and Kashmir 07/2021 (02/2022) 08/2024 (06/2027) 614.48 (444.76) 306.05 42.8 1085 2L NH-1 from km 8.660 to km 33.775 Sumbal to Wayul to 4L dual carriageway NH standard as part ",MoRTH,618060,Jharkhand,Ministry of Road Transport & Highways,Roads & Highways,01/2022,07/2024,07/2026,315.21,315.21,143.35,87.0,2026-06,0.0,24.0,30
1091,Widening to 2-lane with paved shoulder from km 0.00 to 44.00 Kuru-Ghaghra section of NH-143A including re-construction of culverts and bridges.,MoRTH,618084,Jharkhand,Ministry of Road Transport & Highways,Roads & Highways,02/2020,08/2023,09/2026,153.01,133.67,100.77,95.0,2026-06,-12.6397,37.0,42
1092,Widening and Strengthening/Reconstruction to Two Lane with Paved Shoulder/ Two Lane with paved shoulders with service road from km 0000 to km 42250 excluding design Ch. 03220 to 04200 & 28350 to 29060 of NH-320G in the state of Jharkhand under EPC mode,MoRTH,618123,Jharkhand,Ministry of Road Transport & Highways,Roads & Highways,03/2022,08/2025,-,423.18,423.18,5.46,0.01,2026-06,0.0,,41
1093,Construction of 2- Lane with paved shoulder from km 56.45 Dharampur More to 93.050 Pakur of NH-333A in the State of Jharkhand on EPC mode,MoRTH,618127,Jharkhand,Ministry of Road Transport & Highways,Roads & Highways,03/2023,05/2027,05/2027,255.73,255.73,10.06,10.4,2026-06,0.0,0.0,50
1094,Widening and Reconstruction to 4-lane/4-lane with service road including structures from Pokharia More at Km 47.600 Ex. Km 50.230 to Govindpur at km 62.949 Ex. Km 65.325 of Nh-419 in the State of Jharkhand on EPC mode.,MoRTH,618242,Jharkhand,Ministry of Road Transport & Highways,Roads & Highways,05/2022,01/2026,01/2027,300.46,300.46,86.07,52.14,2026-06,0.0,12.0,44
1095,Construction of Six lane elevated flyover including reconstruction/rehabilitation of existing pavement from Km 426230 to Km 430500 Length 4.27 Km at Nirsa in the Barwa Adda Panagarh section of NH-19 from Km.398.240 to Km.521.120 including Panagarh Bypass in the State of Jharkhand on EPC Mode.,NHAI,618534,Jharkhand,Ministry of Road Transport & Highways,Roads & Highways,01/2025,08/2028,08/2028,470.75,470.75,0.04,0.0,2026-06,0.0,0.0,43
1096,Construction of Six lane elevated flyover including reconstruction/rehabilitation of existing pavement from Km 406100 to Km 411150 Length 5.05 Km at Gobindpur area in the Barwa Adda Panagarh section of NH-19 from Km.398.240 to Km.521.120 including Panagarh Bypass in the State of Jharkhand on EPC Mode.,NHAI,618535,Jharkhand,Ministry of Road Transport & Highways,Roads & Highways,01/2025,03/2028,03/2028,687.77,442.52,66.59,16.1,2026-06,-35.6587,0.0,38
1097,4 Lane of CG/JH Border-Gumla from km 0.000 to km 32.370 of NH-43 in the State of Jhrkhand,NHAI,618641,Jharkhand,Ministry of Road Transport & Highways,Roads & Highways,08/2024,02/2028,02/2028,1325.8,1325.8,292.91,5.73,2026-06,0.0,0.0,42
1098,4L of Palma to Gumla from km. 26.00 to km. 89.170 of NH-23,NHAI,618642,Jharkhand,Ministry of Road Transport & Highways,Roads & Highways,03/2020,03/2024,07/2026,1882.93,1895.75,1369.19,99.89,2026-06,0.6809,28.0,48
1099,4L of Ormanjhi-Gola section from Km 81.450 to Km 53.600 of NH- 320BPKG-II,NHAI,618644,Jharkhand,Ministry of Road Transport & Highways,Roads & Highways,02/2022,06/2025,12/2026,1214.93,1462.19,993.58,86.57,2026-06,20.3518,18.0,40
1100,4L of Gola-BokaroJaina More section from Km 53.600 to Km 21.110 of NH-320PKG-1,NHAI,618645,Jharkhand,Ministry of Road Transport & Highways,Roads & Highways,02/2022,06/2025,10/2026,1007.97,1030.64,609.9,78.1,2026-06,2.2491,16.0,40
1101,6 Lane Greenfield Varanasi- Ranchi- Kolkata Highway from Donoreshan village to junction with NH-20 in Bongabar village from km 288.600 to km 325.500 Pkg -11,NHAI,618729,Jharkhand,Ministry of Road Transport & Highways,Roads & Highways,03/2023,07/2028,-,1856.12,1856.12,261.76,0.0,2026-06,0.0,,64
1102,6 Lane Greenfield Varanasi- Ranchi- Kolkata Highway from Deoria village to Donoreshan village from km 253.000 to km 288.600 Pkg -10,NHAI,618730,Jharkhand,Ministry of Road Transport & Highways,Roads & Highways,03/2023,05/2028,05/2028,1546.27,1546.27,82.65,3.96,2026-06,0.0,0.0,62
1103,6L Greenfield Varanasi- Ranchi- Kolkata Highway from junction with NH-20 in Bongabar village to junction with NH-30 in Lepo village from km 325.500 to km 358.500 Pkg -12,NHAI,618733,Jharkhand,Ministry of Road Transport & Highways,Roads & Highways,03/2023,07/2028,-,1525.52,1525.52,218.27,0.0,2026-06,0.0,,64
1104,4L Elevated corridor of Kalimandir-Dimna Chowk-Baliguma Jamshedpur Section of NH-33 New NH-18 from km 241940 to km 251961 Length 10.021 km,NHAI,618736,Jharkhand,Ministry of Road Transport & Highways,Roads & Highways,03/2024,03/2027,03/2027,936.26,832.2,310.35,46.79,2026-06,-11.1144,0.0,36
1105,Grade separated Interchanges at Km. 113.730 junction with Ranchi Hazaribagh Road & Km. 139.225 junction with Ranchi Jamshedpur road on 4L Ranchi Bypass of NH-33,NHAI,618737,Jharkhand,Ministry of Road Transport & Highways,Roads & Highways,01/2025,12/2027,12/2027,303.53,5.58,4.98,0.0,2026-06,-98.1616,0.0,35
1106,4L from Km 147.450 Bhogu to Km 196.870 Sankha on NH-75 Sec-III,NHAI,618830,Jharkhand,Ministry of Road Transport & Highways,Roads & Highways,10/2022,11/2025,03/2027,1517.87,1652.09,1103.0,76.95,2026-06,8.8427,16.0,37
1107,4L from Km 95.400 Udaipura to Km 147.450 Bhogu on NH-75 Sec-II,NHAI,618831,Jharkhand,Ministry of Road Transport & Highways,Roads & Highways,03/2023,10/2026,03/2027,1436.8,1301.54,419.61,27.9,2026-06,-9.414,5.0,43
1108,4L from Km 55.00 Kuru to Km 95.400 Udaipura on NH-75 Sec-I,NHAI,618832,Jharkhand,Ministry of Road Transport & Highways,Roads & Highways,02/2024,01/2028,01/2028,1274.82,1274.82,231.62,9.66,2026-06,0.0,0.0,47
1109,Barhi-Koderma Section of NH31 km 0.00 - km 27.5,NHAI,618863,Jharkhand,Ministry of Road Transport & Highways,Roads & Highways,02/2017,08/2024,07/2026,662.44,826.59,824.95,98.5,2026-06,24.7796,23.0,90
1110,4L of NH-80 from km 215.00 to km 260.00 Mirza Chauki to Farkka Pkg-I,NHAI,618947,Jharkhand,Ministry of Road Transport & Highways,Roads & Highways,03/2018,07/2023,10/2026,1504.8,1508.21,1029.73,91.83,2026-06,0.2266,39.0,64
1111,4L of Basukinath- Deoghar Section of NH-114A,NHAI,618949,Jharkhand,Ministry of Road Transport & Highways,Roads & Highways,09/2022,12/2025,08/2026,1444.94,1553.76,723.48,90.02,2026-06,7.5311,8.0,39
1112,Construction of Bypass to NH-114A Connecting NH-333 and NH-133 Deoghar Bypass from design km 0.000 to design Km 49.000,NHAI,618950,Jharkhand,Ministry of Road Transport & Highways,Roads & Highways,11/2024,01/2028,01/2028,1565.47,1565.47,55.24,9.0,2026-06,0.0,0.0,38
1113,Construction of bypass around Chatra Town on NH-22 old NH-99 in the state of Jharkhand under EPC Mode,MoRTH,619005,Jharkhand,Ministry of Road Transport & Highways,Roads & Highways,03/2023,01/2028,01/2026,235.42,199.2,0.86,12.0,2026-06,-15.3853,-24.0,58
1114,"Construction of Elevated corridor from Km. 135.650 to 136.300 on 63, from Km. 249 to Km. 250.050 on old NH-4 and from Km. 192.910 to Km. 193.350 on NH-218 from decongestion of traffic in Ranichennamma circle in Hubli city in the state of Karnataka on EPC basis",MoRTH,617935,Karnataka,Ministry of Road Transport & Highways,Roads & Highways,08/2020,06/2024,11/2026,298.0,349.49,232.09,65.0,2026-06,17.2785,29.0,46
1115,Construction of Srinivasapura Bypass from existing Km 453.890 Design Ch. 0000 to existing Km 461.450 Design Ch 10080 on NH-69 in the State of Karnataka Under NH O in EPC mode under Annual Plan 2022-23 NH-69-KNT-2022-23-966 dated 22.11.2022,MoRTH,617950,Karnataka,Ministry of Road Transport & Highways,Roads & Highways,11/2022,01/2027,01/2027,204.42,204.42,0.0,20.0,2026-06,0.0,0.0,50
1116,Construction of Chintamani Bypass from Design Ch.0000 Existing Ch.428880 to Design Ch.15400 Existing Ch.444010 on NH-69 in the State of Karnataka in EPC Mode under NHO Annual Plan 2022-23. NH-69-KNT-2022-23-989 dated 24.03.2023,MoRTH,617951,Karnataka,Ministry of Road Transport & Highways,Roads & Highways,03/2023,07/2027,07/2027,314.55,314.55,4.03,10.0,2026-06,0.0,0.0,52
1117,Widening to two lane with paved Shoulders from Km 40.00 to Km 75.00 Existing chainages of Mangalore - Tumkur section of NH-73 in the State of Karnataka on EPC Mode under Annual Plan 2021-22 Job No NH-73-KNT-2021-22-945,MoRTH,617955,Karnataka,Ministry of Road Transport & Highways,Roads & Highways,03/2022,03/2025,12/2026,718.52,718.52,308.99,84.0,2026-06,0.0,21.0,36
1118,Construction of Major Bridge at Km.180.865 across river Krishna on NH 167 Hagari Jadcherla section,MoRTH,617989,Karnataka,Ministry of Road Transport & Highways,Roads & Highways,03/2019,11/2021,04/2027,157.32,187.61,103.33,69.0,2026-06,19.2538,65.0,32
1119,Widening of existing 2 lane to 4 lane with paved shoulder from Designed km 25.15 to km 56.70 Except Km 52.70 to 53.50 of NH-169 Nellisara Camp to Thirthahalli of NH- 169 on Shimoga-Mangalore section in the state of Karnataka on EPC mode under Annual plan 2022-23 NH-169-KNT-2022-23-978 dated 08.03.2023,MoRTH,617997,Karnataka,Ministry of Road Transport & Highways,Roads & Highways,03/2023,02/2028,02/2028,538.71,538.71,14.63,6.0,2026-06,0.0,0.0,59
1120,Widening to existing 2 lane with paved Shoulder to 4 Lane with paved shoulder from design Km 153.00 to 168.27 Mala Gate to Karkala of NH -169 on Shimoga - Mangalore section in the state of Karnataka on EPC mode under Annula Plan 2021-22 Job No. NH-169-KNT-2021-22-949,MoRTH,617998,Karnataka,Ministry of Road Transport & Highways,Roads & Highways,03/2022,02/2025,11/2026,177.94,177.94,115.6,83.0,2026-06,0.0,21.0,35
1121,Widening to 2LPS from Km 67 to Km 115 on Kadur-Hosadurga section NH 173 in the state of Karnataka NH-173-KNT-2022-23-980 dated 13.03.2023,MoRTH,617999,Karnataka,Ministry of Road Transport & Highways,Roads & Highways,03/2023,05/2026,04/2027,471.62,471.62,91.74,69.54,2026-06,0.0,11.0,38
1122,Widening to 2-Lane with Paved Shoulders from Km 116.800 to 149.070Design Changes on Hosadurga - Holalkere Section of NH-173 in the State of Karnataka on EPC mode under Annual Plan 2021-22 Job no. NH-173-KNT-2021-22-946,MoRTH,618000,Karnataka,Ministry of Road Transport & Highways,Roads & Highways,03/2022,02/2024,06/2026,170.34,147.39,106.96,100.0,2026-06,-13.4731,28.0,23
1123,Widening to 2LPS from Km 71.00 to 104.00 Existing chainages Sarjapur to Pattadkallu on Bhanapur to Gaddanakeri section NH-367 in the State of Karnataka under NHO on EPC mode under Annual Plan 2022-23 NH-367-KNT-2022-23-972 dated 08.02.2023,MoRTH,618027,Karnataka,Ministry of Road Transport & Highways,Roads & Highways,02/2023,03/2026,12/2026,445.62,445.62,0.0,90.0,2026-06,0.0,9.0,37
1124,"Construction of Bypass at Kuknoor, Yelburga, Gajendragada of Bhanapur Gaddanakeri section of NH-367 in the State of Karnataka under NHO on EPC mode under Annual Plan 2022-23. NH-367-KNT-2022-23-973 dated 08.02.2023",MoRTH,618028,Karnataka,Ministry of Road Transport & Highways,Roads & Highways,02/2023,06/2027,06/2027,333.96,333.96,63.57,36.0,2026-06,0.0,0.0,52
1125,Widening to 4 lane from Km. 133.00 to 158.04 design Chainage Km. 130.88 to 155.145 Shirur Cross to Gaddankeri of NH-367 in the State of Karnataka on EPC mode. Job No. NH-367-KNT-2021-22-930,MoRTH,618029,Karnataka,Ministry of Road Transport & Highways,Roads & Highways,01/2022,01/2025,03/2027,350.69,312.06,199.09,81.62,2026-06,-11.0154,26.0,36
1126,Widening to 2 lane with paved shoulder from Km. 103.225 Pattadakal to Km. 133.00 Shirur cross of NH-367 in the state of Karnataka on EPC Mode.Job No. NH-367-KNT- 2021-22-934,MoRTH,618030,Karnataka,Ministry of Road Transport & Highways,Roads & Highways,02/2022,05/2024,12/2026,264.14,264.14,3.78,0.0,2026-06,0.0,31.0,27
1127,Balance work of Construction of Two/Four lane with paved shoulder from Km 422.000 to 523.600 Chitradurga to Shivamogga of NH-13 in the state of Kanataka on EPC mode.,MoRTH,618031,Karnataka,Ministry of Road Transport & Highways,Roads & Highways,01/2021,12/2025,08/2026,516.96,516.96,121.75,98.0,2026-06,0.0,8.0,59
1128,"Widening to Two Lane with Paved Shoulders from KB Cross to Chunchanahalli ie., Design Ch. 485240 Km Existing Km 494.000 to Design Ch. 523393 Km Existing km 533.152 & From Design Ch. 530393 Existing Km 540.175 to Design Ch. 534476 Existing Km 544.200 at Nelligere of NH-150A on EPC mode under Annual Plan 2022-23 NH-150A-KNT-2022-23-977 dated 08.03.2023",MoRTH,618086,Karnataka,Ministry of Road Transport & Highways,Roads & Highways,03/2023,01/2027,01/2027,617.28,617.28,7.59,48.5,2026-06,0.0,0.0,46
1129,Widening to intermediate/two lane to 2 lane with paved shoulder from Existing chanages Km 112.750 to 142.00 Liingasur to Mudabal cross & from Km. 147.070 to Km. 149.070 Maski city limit of Jewargi Chamrajnagar setion of NH-150A in the state of Karnataka on EPC mode. Job No. NH-150A-KNT-2021-22-951,MoRTH,618087,Karnataka,Ministry of Road Transport & Highways,Roads & Highways,03/2022,07/2024,08/2026,255.88,255.88,182.8,96.0,2026-06,0.0,25.0,28
1130,Widening to Two Lane with Paved Shoulders from Km 0.00 Design Chainage 0.00 to Km 23.338 Design Chainage 23310 of NH-166E MH/KNT Border- Kanamadi- Bijjargi- Tikota section in the state of Karnataka in EPC Mode under Annual plan 2022-23 NH- 166E-KNT-2022-23-974,MoRTH,618095,Karnataka,Ministry of Road Transport & Highways,Roads & Highways,02/2023,03/2026,03/2027,196.05,196.05,0.0,71.0,2026-06,0.0,12.0,37
1131,Widening to 4 lane from Km 51.60 to 76.20 Hebri to Parkala and from Km 85.20 to 88.90 Karavali junction to Malpe of Thirthahalli-Udupi-Malpe Section of NH-169A in the State of Karnataka on EPC Mode under Annual plan 2021-22 Job No. NH-169A- KNT-2021-22-927,MoRTH,618109,Karnataka,Ministry of Road Transport & Highways,Roads & Highways,01/2022,12/2024,11/2026,355.72,355.72,215.43,88.33,2026-06,0.0,23.0,35
1132,Widening to 2 Lane with Paved Shoulders from design Km 103.200 Existing Km 103.200 to design Km 116.700 Existing Km 118.470 on AP/KNT Border to Sira Section of NH-544E in the State of Karnatakaon EPC mode under Annual plan 2022- 23,MoRTH,618147,Karnataka,Ministry of Road Transport & Highways,Roads & Highways,01/2023,09/2025,08/2026,166.58,166.58,42.48,65.0,2026-06,0.0,11.0,32
1133,Widening to 4LPS of NH-548B from Km 80.000 Near Murgundi to Km 140.200 Near Chikkodi excluding length from Km 118.450 to Km 128.450 in the State of Karnataka under NH O on EPC Mode under Annual Plan 2022-23 - Package 1 NH-548B-KNT- 2022-23-979 dated 09.03.2023,MoRTH,618148,Karnataka,Ministry of Road Transport & Highways,Roads & Highways,03/2023,04/2028,04/2028,785.79,785.79,6.15,0.0,2026-06,0.0,0.0,61
1134,Widening to two lane with paved shoulders from Km 0.00 to 102.310 Design Chainage of NH-548B Murrum-Maharashtra Border in the State of Karnataka,MoRTH,618149,Karnataka,Ministry of Road Transport & Highways,Roads & Highways,02/2023,01/2027,01/2027,957.09,957.09,288.15,60.21,2026-06,0.0,0.0,47
1135,Widening to 4LPS of NH-548B from Km 118.450 Near Shirguppi to Km 128.450 Near Ankali in the State of Karnataka under NH O on EPC Mode Under Annual Plan 2022- 23 NH-548B-KNT-2022-23-982,MoRTH,618151,Karnataka,Ministry of Road Transport & Highways,Roads & Highways,03/2023,05/2029,-,1084.29,1084.29,0.0,0.0,2026-06,0.0,,74
1136,Construction of 2 Lane with paved shoulder from km 55.6 to km 90.7 existing chainages of NH-766C complete Realignment of 13.76 km with 2 major Bridges across Sharavathi Backwaters on EPC mode under Annual Plan 2022-23 in the state of Karnataka NH-766C-KNT-2022-23 dated 14.10.2022,MoRTH,618184,Karnataka,Ministry of Road Transport & Highways,Roads & Highways,01/2023,02/2026,12/2027,313.56,313.56,151.04,65.0,2026-06,0.0,22.0,37
1137,Widening to 2LPS from Km 0.000 to 37.850 Except Ex. Km 24.45 to 27.20 of NH-766c Byndoor-Ranebennur Section in the state of Karnataka on EPC Mode under Annual Plan 2022-23 NH-766C-KNT-2022-23-969 dated 30.12.2022,MoRTH,618185,Karnataka,Ministry of Road Transport & Highways,Roads & Highways,12/2022,08/2027,08/2027,394.95,394.95,0.0,12.0,2026-06,0.0,0.0,56
1138,Widening to two lane with paved shoulder of NH-73New spur road Ujire - Dharmasthala - Periyashanthi in the State of Karnataka under NHO on HAM Mode Job No. NH-73Spur-KNT-2023-24-996,MoRTH,618189,Karnataka,Ministry of Road Transport & Highways,Roads & Highways,01/2024,11/2027,11/2027,613.65,613.65,0.0,23.16,2026-06,0.0,0.0,46
1139,4/6L of Bangalore - Pune Section of bypass connecting Dharwad - Hubli from km. 403.80 to km. 433.20,NHAI,618517,Karnataka,Ministry of Road Transport & Highways,Roads & Highways,12/2021,09/2025,05/2027,1135.39,763.36,744.25,83.19,2026-06,-32.7667,20.0,45
1140,Davanagere - Haveri of NH-48 Old NH-4 from km. 260.00 to km. 338.923,NHAI,618518,Karnataka,Ministry of Road Transport & Highways,Roads & Highways,01/2017,07/2020,09/2026,1454.67,1805.84,1273.49,98.87,2026-06,24.1409,74.0,42
1141,4L of km 0.00 to km 42.00 of Dobbaspet to Doddaballapura Bypass section of NH-648 old NH-207] [Bangalore Ring Road Pkg 1],NHAI,618520,Karnataka,Ministry of Road Transport & Highways,Roads & Highways,08/2020,04/2023,08/2026,1438.74,1786.57,1228.99,99.2,2026-06,24.176,40.0,32
1142,6L of MH/KN Border Nimbal Village to KN/TS Border Singnodi Village from Km. 26.000 to Km. 97.000 in Gulbarga of NH-150C Pkg-II,NHAI,618630,Karnataka,Ministry of Road Transport & Highways,Roads & Highways,02/2022,06/2025,11/2026,2355.56,1923.3,964.75,79.87,2026-06,-18.3506,17.0,40
1143,4 Lane with PS from Des. Ch 228.500 to Des. Ch. 273.400 of Belgaum-Hungund- Raichur Section of NH 748 A Package-6,NHAI,618649,Karnataka,Ministry of Road Transport & Highways,Roads & Highways,03/2023,11/2026,06/2027,1246.15,1012.78,381.27,53.8,2026-06,-18.7273,7.0,44
1144,4 Lane with PS from Des. Ch 89.900 to Des. Ch. 136.100 of Belgaum-Hungund- Raichur Section of NH-748A Package-3,NHAI,618650,Karnataka,Ministry of Road Transport & Highways,Roads & Highways,01/2024,04/2027,02/2028,1363.9,1219.62,302.3,22.5,2026-06,-10.5785,10.0,39
1145,4 Lane with PS from Des. Ch 43.800 to Des. Ch. 89.900 of Belgaum-Hungund- Raichur Section of NH-748A Package-2,NHAI,618651,Karnataka,Ministry of Road Transport & Highways,Roads & Highways,02/2024,02/2027,07/2027,1427.88,1293.94,594.55,48.8,2026-06,-9.3803,5.0,36
1146,4LPS Access Controlled Highway of Bellary Bypass Balance work from Ch. 254750 to Ch. 266837 and construction of 4LPS from Ch. 277.690 to Ch. 278.690 at D. Hirehal Village Balance work of NH 150A of Bellary Byrapura Section,NHAI,618697,Karnataka,Ministry of Road Transport & Highways,Roads & Highways,02/2024,07/2026,10/2027,626.01,284.05,112.21,38.08,2026-06,-54.6253,15.0,29
1147,4L of Addahole Near Gundya to Bantwal Cross section Pkg-02 from Design Km 270.270 to Design km 318.55 including flyover at Kalladka Town including approaches from Km. 311.57 to Km. 313.67 of NH-75 Old NH-48,NHAI,618702,Karnataka,Ministry of Road Transport & Highways,Roads & Highways,12/2020,11/2023,12/2026,1660.19,1318.24,1451.9,94.21,2026-06,-20.597,37.0,35
1148,Bangalore-Nidagatta Pkg. I,NHAI,618706,Karnataka,Ministry of Road Transport & Highways,Roads & Highways,02/2018,11/2021,07/2026,3496.01,4087.42,4315.22,99.19,2026-06,16.9167,56.0,45
1149,Additional works under BM1 to ensure road safety under 6L of Bengaluru Mysuru Access control with close toll from Km.17.300 to Km.136.300 of NH-275,NHAI,618707,Karnataka,Ministry of Road Transport & Highways,Roads & Highways,11/2024,01/2028,05/2028,738.37,738.37,17.91,9.67,2026-06,0.0,4.0,38
1150,4L of Left-Over Works of Hospet-Bellary -Karnataka/AP border from Km.280.080 Dec.Ch. to Km.375450Des.Ch. of NH-63 New-67,NHAI,618709,Karnataka,Ministry of Road Transport & Highways,Roads & Highways,03/2023,05/2025,04/2028,1340.15,992.6,922.07,91.67,2026-06,-25.9337,35.0,26
1151,Belakeri Port to Kumta - Sirsi road from km 0.00 - km 4.265 of Belekeri Port Road Link Rd. and km 4.965 - km 60.00 of SH-69,NHAI,618799,Karnataka,Ministry of Road Transport & Highways,Roads & Highways,03/2018,12/2022,08/2026,456.79,456.79,471.29,94.98,2026-06,0.0,44.0,57
1152,4L PS from near Hemmige Village Periyapatna - Hassan Road Jn. to near Hunsur - KR Nagar Jn section from Km. 144.900 to Km. 169.000 of NH-275 Pkg. III,NHAI,618870,Karnataka,Ministry of Road Transport & Highways,Roads & Highways,02/2023,04/2027,01/2028,883.62,1726.65,437.77,24.27,2026-06,95.4064,9.0,50
1153,4L PS from Near Guddehosur to Start of Kushalnagara Bypass to near Hemmige Village Periyapatna - Hassan Road Jn from Km. 122.200 to Km. 144.900 of NH-275 Pkg. II,NHAI,618871,Karnataka,Ministry of Road Transport & Highways,Roads & Highways,02/2023,12/2027,04/2028,909.86,896.42,313.21,13.61,2026-06,-1.4772,4.0,58
1154,4L PS from near Hunsur - KR Nagar Junction to near Yalachahalli village KR Nagara - Yelawala Road Junction fcrom Km 169.000 to Km 195.550 of NH-275 Pkg-IV,NHAI,618872,Karnataka,Ministry of Road Transport & Highways,Roads & Highways,02/2023,04/2027,03/2028,1062.76,952.03,272.54,18.13,2026-06,-10.4191,11.0,50
1155,4L PS from near Yalachahalli village KR Nagara - Yelawala Road junction to Srirangapatna Bypass Near Paschima Vahini from km 195.550 to Km 214.535 of NH- 275 Pkg-V,NHAI,618873,Karnataka,Ministry of Road Transport & Highways,Roads & Highways,01/2023,04/2027,03/2028,1272.71,1203.2,462.59,16.45,2026-06,-5.4616,11.0,51
1156,4L of Bettadahalli- Shivamogga section from Km.170.415 to km. 226.750 of NH-206 Tumkur- Shivamogga Pkg-IV,NHAI,618887,Karnataka,Ministry of Road Transport & Highways,Roads & Highways,01/2019,10/2023,03/2027,2082.98,2545.11,1621.81,83.78,2026-06,22.186,41.0,57
1157,4L of Sannur to Bikarnakatte section from Km 691.350 to Km 736.362 of NH-169 Karkala - Mangalore Package-III,NHAI,618896,Karnataka,Ministry of Road Transport & Highways,Roads & Highways,03/2021,10/2024,04/2027,1386.41,2038.71,1213.06,76.1,2026-06,47.0496,30.0,43
1158,4L Expressway from Km 26.400 to km 53.500 of Malur to Bangarpet section of Bangalore-Chennai Expressway Phase-I Package-II,NHAI,619065,Karnataka,Ministry of Road Transport & Highways,Roads & Highways,12/2020,09/2023,09/2026,1745.0,1729.63,1103.13,99.8,2026-06,-0.8808,36.0,33
1159,Tumkur - Nelamangala 6L,NHAI,619071,Karnataka,Ministry of Road Transport & Highways,Roads & Highways,03/2021,08/2025,03/2027,2032.15,1664.2,1069.89,61.16,2026-06,-18.1064,19.0,53
1160,Bangalore/TN border to Hoskote,NHAI,619072,Karnataka,Ministry of Road Transport & Highways,Roads & Highways,02/2022,02/2025,11/2026,1181.68,1297.76,1150.16,94.89,2026-06,9.8233,21.0,36
1161,4L of 42.000 to km 80.00 of Dodaballapur Bypass to Hoskote section of NH-648 Old NH-207 [Bangalore Ring Road Pkg 2],NHAI,619073,Karnataka,Ministry of Road Transport & Highways,Roads & Highways,02/2020,02/2023,08/2026,1317.74,1846.52,1304.65,99.2,2026-06,40.1278,42.0,36
1162,Goa / Karnataka Km.93.700 to Kundapur Km.283.30,NHAI,619096,Karnataka,Ministry of Road Transport & Highways,Roads & Highways,07/2012,08/2016,07/2026,1644.92,1990.99,1848.87,97.94,2026-06,21.0387,119.0,49
1163,4 Lane with PS from Des. Ch 182.300 to Des. Ch. 228.500 of Belgaum-Hungund- Raichur Section of NH 748 A Package-5,NHAI,619106,Karnataka,Ministry of Road Transport & Highways,Roads & Highways,03/2023,11/2026,08/2027,1141.88,868.65,254.24,37.9,2026-06,-23.9281,9.0,44
1164,4 Lane with PS from Des. Ch 136.100 to Des. Ch. 182.300 of Belgaum-Hungund- Raichur Section of NH-748A Package-4,NHAI,619107,Karnataka,Ministry of Road Transport & Highways,Roads & Highways,02/2024,09/2027,04/2028,1311.41,1123.35,227.3,13.18,2026-06,-14.3403,7.0,43
1165,4 Lane with PS from Des. Ch 0.000 to Des. Ch. 43.800 of Belgaum-Hungund-Raichur Section of NH-748A Package-1,NHAI,619108,Karnataka,Ministry of Road Transport & Highways,Roads & Highways,02/2024,06/2027,10/2027,1452.43,1256.55,490.31,38.45,2026-06,-13.4864,4.0,40
1166,Hassan km 184.912 to Maranahally km 230.060 of NH - 75 in Karnataka,NHAI,619117,Karnataka,Ministry of Road Transport & Highways,Roads & Highways,12/2015,03/2019,07/2026,1021.57,1091.4,1068.77,97.8,2026-06,6.8356,88.0,39
1167,Nidagatta-Mysore Pkg II,NHAI,619120,Karnataka,Ministry of Road Transport & Highways,Roads & Highways,02/2018,06/2022,07/2026,2919.8,4113.89,3713.89,99.19,2026-06,40.8963,49.0,52
1168,Yekkambi-Haveri,NHAI,619138,Karnataka,Ministry of Road Transport & Highways,Roads & Highways,09/2021,03/2024,01/2028,309.9,309.9,94.8,24.7,2026-06,0.0,46.0,30
1169,BRT Tiger Reserve Boundary Km.287.500 to Bangalore Section Km.458.420 of NH- 209 in Karnataka,NHAI,619150,Karnataka,Ministry of Road Transport & Highways,Roads & Highways,04/2016,08/2019,07/2026,2082.69,2859.93,2242.71,99.7,2026-06,37.319,83.0,40
1170,Belgaum-Khanapur Pkg I Km 0.000-Km 30.800 of NH-4A,NHAI,619164,Karnataka,Ministry of Road Transport & Highways,Roads & Highways,03/2018,09/2021,03/2027,1214.3,1195.74,917.82,75.63,2026-06,-1.5285,66.0,42
1171,6L of MH/KN Border Nimbal Village to KN/TS Border Singnodi Village from Km. 97.000 to Km. 162.500 in Yadgir of NH-150C Pkg-III,NHAI,619211,Karnataka,Ministry of Road Transport & Highways,Roads & Highways,03/2022,10/2025,11/2026,2104.7,2065.83,983.95,73.9,2026-06,-1.8468,13.0,43
1172,4L of Channarayapatna Bypass and Hassan Bypass with structures in Devihalli - Hassan section,NHAI,619214,Karnataka,Ministry of Road Transport & Highways,Roads & Highways,04/2020,01/2023,10/2026,688.0,684.54,600.43,82.34,2026-06,-0.5029,45.0,33
1173,4L Tumkur-Shimoga Pkg-I from Mallasandra to Karadi village of NH-206 from Km. 12.300 to Km. 65.195,NHAI,619218,Karnataka,Ministry of Road Transport & Highways,Roads & Highways,02/2018,10/2021,07/2026,1364.14,1692.12,1336.5,100.0,2026-06,24.043,57.0,44
1174,4L of Tumkur-Shimoga Pkg-II from Km 65.195 Karadi to Km 121.900 Banawara of NH-206,NHAI,619219,Karnataka,Ministry of Road Transport & Highways,Roads & Highways,02/2018,10/2021,12/2026,1505.85,1989.89,1297.99,99.98,2026-06,32.144,62.0,44
1175,Tumkur-Shimoga Pkg-III from Km 121.900 Banawara to Km 170.415 Bettadahalli of Old NH-206,NHAI,619220,Karnataka,Ministry of Road Transport & Highways,Roads & Highways,02/2018,03/2023,12/2026,1444.5,1834.81,872.92,98.0,2026-06,27.0204,45.0,61
1176,Widening to 2 Lanes with paved shoulders from Km.87/000 to 133/720 Nattukal to Thanau Jn. in Palakkad of NH-966 Old NH-213 on EPC mode Basis under NHO Annual Plan 2016-17 in the state of Kerala,MoRTH,618070,Kerala,Ministry of Road Transport & Highways,Roads & Highways,02/2017,08/2019,06/2026,294.28,315.63,0.0,98.0,2026-06,7.255,82.0,30
1177,6L of Chengala - Neeleshwaram from km. 56.200 to km. 93.468,NHAI,618595,Kerala,Ministry of Road Transport & Highways,Roads & Highways,06/2020,04/2024,03/2027,1746.45,2538.06,1447.31,90.82,2026-06,45.3268,35.0,46
1178,6L of Taliparamba to Muzhappilangad from Km 134.650 to Km 170.6 of NH-66,NHAI,618596,Kerala,Ministry of Road Transport & Highways,Roads & Highways,08/2020,05/2024,01/2028,2714.6,3557.65,2020.24,83.4,2026-06,31.0561,44.0,45
1179,6L of Azhiyur-Vengalam from km. 189.200 to km. 230.400 of NH-66,NHAI,618597,Kerala,Ministry of Road Transport & Highways,Roads & Highways,10/2020,07/2024,03/2028,3205.77,3898.46,2406.73,60.07,2026-06,21.6076,44.0,45
1180,6L Minor Bridge Paloli Palam at km. 203.160 & Major Bridge Morad at km. 204.895 and allied works,NHAI,618598,Kerala,Ministry of Road Transport & Highways,Roads & Highways,03/2020,06/2022,07/2026,210.0,216.94,190.46,100.0,2026-06,3.3048,49.0,27
1181,6L of Ramanatukkara Junction to start of Valanchery bypass section of NH-66,NHAI,618599,Kerala,Ministry of Road Transport & Highways,Roads & Highways,01/2021,07/2024,07/2026,4924.11,4919.46,3635.17,100.0,2026-06,-0.0944,24.0,42
1182,6L of Valanchery bypass to Kappirikkad of NH 66 from km. 298500 to km 335850,NHAI,618600,Kerala,Ministry of Road Transport & Highways,Roads & Highways,02/2021,07/2024,07/2026,4023.94,4023.94,2476.49,100.0,2026-06,0.0,24.0,41
1183,6L of Kappirikkad to Thalikulam section from km 335.85 to km 369.015 of NH - 66 old NH-17,NHAI,618601,Kerala,Ministry of Road Transport & Highways,Roads & Highways,06/2021,01/2025,06/2027,4225.59,4225.59,3329.11,95.27,2026-06,0.0,29.0,43
1184,6L of Thalikulam to Kodugallur section from km 369.015 to km 397.850 of NH - 66 old NH-17,NHAI,618602,Kerala,Ministry of Road Transport & Highways,Roads & Highways,06/2021,02/2025,06/2027,4302.06,4302.06,3312.67,94.55,2026-06,0.0,28.0,44
1185,6L of Kodugallur to Edapppally section from km 397.750 to km 423.780 of NH - 66 old NH-17,NHAI,618603,Kerala,Ministry of Road Transport & Highways,Roads & Highways,11/2021,04/2025,05/2027,3465.82,3606.2,2171.55,70.99,2026-06,4.0504,25.0,41
1186,Aroor-Thuravoor Thekku,NHAI,618604,Kerala,Ministry of Road Transport & Highways,Roads & Highways,08/2022,01/2026,12/2026,2429.52,2382.83,1791.8,91.27,2026-06,-1.9218,11.0,41
1187,Thuravoor Thekku-Paravoor,NHAI,618605,Kerala,Ministry of Road Transport & Highways,Roads & Highways,09/2021,09/2024,05/2027,2878.97,2638.67,2495.62,80.85,2026-06,-8.3467,32.0,36
1188,Paravoor-Kottankulangara,NHAI,618606,Kerala,Ministry of Road Transport & Highways,Roads & Highways,12/2021,02/2025,03/2027,3273.61,3200.24,2858.39,71.2,2026-06,-2.2413,25.0,38
1189,Kottankulangara- Start of Kollam Bypass,NHAI,618607,Kerala,Ministry of Road Transport & Highways,Roads & Highways,06/2021,10/2024,03/2027,2842.14,3680.49,2373.25,73.89,2026-06,29.4971,29.0,40
1190,Widening/Development of Existing NH-85 from Km 0.000 to Km 124.636 section to 2L/LPS section in the state of Kerala on EPC Mode under Bharatmala Pariyojana,NHAI,618708,Kerala,Ministry of Road Transport & Highways,Roads & Highways,09/2022,06/2025,03/2027,1187.47,1265.47,778.5,66.88,2026-06,6.5686,21.0,33
1191,Kozhikode Bypass Calicut Bypass Vengalam Jn. to Ramanattukara Jn.,NHAI,619098,Kerala,Ministry of Road Transport & Highways,Roads & Highways,02/2018,02/2023,07/2026,1424.77,2139.18,1064.53,98.75,2026-06,50.1421,41.0,60
1192,6L of Perole Nileshwar town to Taliparamba from Km 94.248 to Km 134.650 of NH-66,NHAI,619206,Kerala,Ministry of Road Transport & Highways,Roads & Highways,06/2020,01/2024,03/2027,3041.65,3867.66,2526.41,86.65,2026-06,27.1566,38.0,43
1193,Start of Kollam Bypass - Kadambattukonam,NHAI,619207,Kerala,Ministry of Road Transport & Highways,Roads & Highways,06/2021,03/2025,06/2027,2641.37,3309.06,1990.7,81.8,2026-06,25.2782,27.0,45
1194,Kadambattukonam-Kazhakuttom,NHAI,619208,Kerala,Ministry of Road Transport & Highways,Roads & Highways,12/2021,01/2025,05/2027,3635.64,3526.33,2124.09,44.34,2026-06,-3.0066,28.0,37
1195,Kargil Zanskar Road,NHIDCL,618408,Ladakh,Ministry of Road Transport & Highways,Roads & Highways,03/2021,01/2023,08/2026,398.37,398.37,325.95,95.02,2026-06,0.0,43.0,22
1196,Widening & Up-gradation to 2 lane with Paved shoulder of NH-301 Kargil- Zanskar Road from Design km 57.000 Ex. Km. 57.905 to Km 87.000 Ex. Km. 88.2491 of 30.000 Km length Pkg-lll,NHIDCL,618409,Ladakh,Ministry of Road Transport & Highways,Roads & Highways,03/2021,01/2023,07/2026,381.01,381.01,299.33,89.3,2026-06,0.0,42.0,22
1197,Widening & Up-gradation to 2 lane with paved shoulder of NH-301 Kargil- Zanskar Road from Design Km .30.040 Ex. Km. 30.000 to Design Km 57.000 Ex. Km. 57.905 of 26.960 Km length Pkg-II,NHIDCL,618410,Ladakh,Ministry of Road Transport & Highways,Roads & Highways,03/2021,01/2023,10/2026,404.89,404.89,359.99,84.68,2026-06,0.0,45.0,22
1198,Construction of Rewa Bypass to 4-lane with paved shoulder along with service road from Ratahara Chowk to Chorhata Chowk Road section of NH-30 from km 00.000 to 19.200 in the State of Madhya Pradesh on Hybrid Annuity Mode HAM.,MoRTH,617909,Madhya Pradesh,Ministry of Road Transport & Highways,Roads & Highways,03/2024,02/2027,02/2027,648.05,648.05,0.0,50.0,2026-06,0.0,0.0,35
1199,Rehabilitation and upgradation Umaria to Shahdol section of NH-78 from Existing Km. 68/4 to Km. 142/2 to 2LPS including construction of Birshinghpur and Shahdol Bypass on EPC mode under NHDP-IVA,MoRTH,617911,Madhya Pradesh,Ministry of Road Transport & Highways,Roads & Highways,03/2015,07/2017,08/2026,511.83,613.16,0.0,94.5,2026-06,19.7976,109.0,28
1200,Upgradation and reconstruction of Shahpura-Dindori Section of NH 45 from Km 103.700 Design to Km 164.580 Design including 3 bypasses Total length 60.88km to Two lane with paved shoulder configuration along with One time improvement in 03 nos of bypassed built-up areas in a total length of 12.341 km in the State of Madhya Pradesh on EPC mode,MoRTH,617914,Madhya Pradesh,Ministry of Road Transport & Highways,Roads & Highways,03/2022,12/2025,06/2027,241.23,250.09,0.0,32.52,2026-06,3.6728,18.0,45
1201,Upgradation of Dindori-Sagartola-kabichabutra MP-CG border section of NH -45 from km 000Design to km 77.00 Design to Two lane with paved shoulder configration along with one time improvement in 04 nos. of bypaased built-up areas in a total length of 9.1 km in the state of Madhya Pradesh on EPC mode.,MoRTH,617915,Madhya Pradesh,Ministry of Road Transport & Highways,Roads & Highways,01/2022,09/2025,07/2026,329.14,319.09,0.0,100.0,2026-06,-3.0534,10.0,44
1202,Upgradation & widening of Jharkheda- Berasia - Dholkhedi from design km 0000 to km 87900 Design length 87.90km of NH-346 including 3 nos. bypasses of 13.10 Km in the State of Madhya Pradesh under EPC mode.,MoRTH,618019,Madhya Pradesh,Ministry of Road Transport & Highways,Roads & Highways,03/2022,05/2025,09/2026,365.21,365.21,0.0,89.0,2026-06,0.0,16.0,38
1203,"Rehabilitation & Upgradation of KurwaiMungaoliChanderi Road section of NH-346, from Design Chainge 0.000 to 81.300 Km Total length 83.1 km to Two lane with paved shoulder configuration along with One time improvement in 07 nos of bypassed built- up areas in a total length of 22.615 km in the state of Madhya Pradesh on EPC mode.",MoRTH,618020,Madhya Pradesh,Ministry of Road Transport & Highways,Roads & Highways,03/2022,02/2025,12/2026,386.49,386.49,164.41,67.57,2026-06,0.0,22.0,35
1204,Up-gradation of Pichhore- Dinara section of NH-346 from Km 292.750 to 334.550 to two lane with paved shoulders in the state of Madhya Pradesh on EPC mode,MoRTH,618021,Madhya Pradesh,Ministry of Road Transport & Highways,Roads & Highways,02/2024,06/2027,06/2027,425.97,425.97,0.0,31.29,2026-06,0.0,0.0,40
1205,Rehabilitation & Upgradation of existing intermediate lane to two Lane with paved shoulder from km. 0.600 Gulganj bypass on NH-34 to km. 43.00 Barna River length 42.400 km. on Gulganj-Amanganj-Pawai-Katni NH43 Extn. in the state of Madhya Pradesh on EPCmode.,MoRTH,618035,Madhya Pradesh,Ministry of Road Transport & Highways,Roads & Highways,03/2023,05/2026,12/2026,275.4,275.4,0.0,54.25,2026-06,0.0,7.0,38
1206,Upgradation and reconstruction of existing intermediate lane to two Lane with paved shoulder configuration from km. 43.00 Barna River to km. 77.00 ken river length 34.00 km. on Gulganj-Amanganj-Pawai-Katni NH43 Extn. along with One time improvement in 01 no. of bypassed built-up area in a total length of 1.585 km in the state of Madhya Pradesh on EPCmode.,MoRTH,618036,Madhya Pradesh,Ministry of Road Transport & Highways,Roads & Highways,03/2023,11/2026,03/2027,315.55,315.55,0.0,40.02,2026-06,0.0,4.0,44
1207,Upgradation and reconstruction of Dindori - Mandla Section of NH 543 from Km 77100 Design to Km 170580 Design Total length 93.48km to Two lane with paved shoulder configuration along with One time improvement in 04 nos of bypassed built-up areas in a total length of 7.23 km in the state of Madhya Pradesh on EPC mode,MoRTH,618043,Madhya Pradesh,Ministry of Road Transport & Highways,Roads & Highways,03/2022,07/2026,09/2026,492.12,523.71,0.0,88.0,2026-06,6.4192,2.0,52
1208,Upgradation of Shahdol- Sagartola Section of NH 543 from km 0000 to km 69400 to 2 lane with paved shoulders under Hybrid Annuity Mode HAM in the State of Madhya Pradesh,MoRTH,618044,Madhya Pradesh,Ministry of Road Transport & Highways,Roads & Highways,02/2024,03/2028,-,851.4,851.4,0.0,0.0,2026-06,0.0,,49
1209,"Construction of Kaithi-Padaria Kala bypass, Patna-Tamoli bypass, Jaso bypass and Nagod bypass total length 15.44 Km to 2-lane with paved shoulders flexible pavement on NH-943 in the State of Madhya Pradesh on EPC Mode.",MoRTH,618068,Madhya Pradesh,Ministry of Road Transport & Highways,Roads & Highways,03/2022,10/2025,12/2026,158.36,158.36,0.0,60.0,2026-06,0.0,14.0,43
1210,Upgradation of Nasrullagani-Rehti-Budhni Scction to 2-lane with paved shoulder from Km 0150 to Km 50500 of NH-146B in the state of Madhya Pradesh on EPC mode.,MoRTH,618085,Madhya Pradesh,Ministry of Road Transport & Highways,Roads & Highways,12/2021,10/2024,08/2026,305.12,293.74,0.0,89.07,2026-06,-3.7297,22.0,34
1211,"Construction of Kasrawad bypass, Selani bypass, Khargone bypass & Bistan bypass Total length. 31.950 km Section of NH-347 C to Two lane with paved shoulder configuration in the State of Madhya Pradesh on EPC mode.",MoRTH,618129,Madhya Pradesh,Ministry of Road Transport & Highways,Roads & Highways,03/2023,12/2026,12/2026,467.93,467.93,0.0,86.03,2026-06,0.0,0.0,45
1212,"Construction of Morena bypass, Ambah bypass & Porsa bypass Totat length 27.16 km Section of NH-552 Ext. to TWo lane with paved shoulder configuration in the state of Madhya Pradesh on EPC mode",MoRTH,618156,Madhya Pradesh,Ministry of Road Transport & Highways,Roads & Highways,02/2023,10/2026,10/2026,492.66,492.66,0.0,73.5,2026-06,0.0,0.0,44
1213,Construction of Ater realignment & Bhind bypass Total length. 21.50 km Section of NH-552Extn. to Two lane with paved shoulder configuration in the State of Madhya Pradesh on EPC mode.,MoRTH,618157,Madhya Pradesh,Ministry of Road Transport & Highways,Roads & Highways,03/2023,06/2026,12/2026,348.06,348.06,0.0,79.0,2026-06,0.0,6.0,39
1214,"Upgradation of Goras to Shyampur Road section of NH-552 Ext., from Design Chainge 48.400 to 111.800 Km Total length 63.40 km to two lane with paved shoulder configuration along with One time improvement of 8.91 km in the state of Madhya Pradesh on EPC mode",MoRTH,618158,Madhya Pradesh,Ministry of Road Transport & Highways,Roads & Highways,03/2023,12/2026,12/2026,416.96,416.96,0.0,15.49,2026-06,0.0,0.0,45
1215,Construction of Two lane with paved shoulder configuration of Shujalpur Bypass section of NH-752C from km 33100 Design to km. 42570 Design total design length 10.470 km in the State of Madhya Pradesh on EPC mode.,MoRTH,618170,Madhya Pradesh,Ministry of Road Transport & Highways,Roads & Highways,03/2023,09/2025,12/2026,214.07,214.07,0.0,41.59,2026-06,0.0,15.0,30
1216,"Work of Upgradation of Jirapur-Pachore Road including Pachore, Jirapur, Chhapiheda & Khujner Bypasses from 0000 to 58790 Design Length 58.79 Km section of NH-752C to 2LPS in the State of Madhya Pradesh under EPC mode",MoRTH,618171,Madhya Pradesh,Ministry of Road Transport & Highways,Roads & Highways,03/2022,01/2026,12/2026,352.69,352.69,0.0,57.26,2026-06,0.0,11.0,46
1217,Bypass on Western side of Gwalior City,NHAI,618619,Madhya Pradesh,Ministry of Road Transport & Highways,Roads & Highways,03/2025,01/2028,01/2028,998.95,998.95,195.11,0.0,2026-06,0.0,0.0,34
1218,"Additional works 2VUPs, MR-10 junction flyover and underpass in Six lane Indore- Dewas section of NH-52 in the state of Madhya Pradesh on EPC Mode",NHAI,618620,Madhya Pradesh,Ministry of Road Transport & Highways,Roads & Highways,08/2022,07/2024,03/2027,207.77,211.27,142.54,79.72,2026-06,1.6846,32.0,23
1219,Indore - Edlabad Pkg-II [Tejajinagar to Balwara],NHAI,618621,Madhya Pradesh,Ministry of Road Transport & Highways,Roads & Highways,03/2022,01/2025,10/2026,1162.8,1530.82,811.16,87.3,2026-06,31.6495,21.0,34
1220,4L of Indore - Boregaon Pkg-III [Balwara to Dhangaon] from km. 42.260 to km. 82.660 of NH347BG & 753L,NHAI,618622,Madhya Pradesh,Ministry of Road Transport & Highways,Roads & Highways,01/2021,04/2024,10/2026,1001.69,888.81,825.56,90.5,2026-06,-11.269,30.0,39
1221,4L Boregaon Buzurg to Shahpur Pkg I of Boregaon Buzurg to Muktainagar of NH 753L,NHAI,618623,Madhya Pradesh,Ministry of Road Transport & Highways,Roads & Highways,11/2022,01/2026,10/2026,1504.37,1132.34,527.34,90.1,2026-06,-24.73,9.0,38
1222,4L Greenfield Rudhi to Deshgaon Pkg V of Betul-Khandwa/Deshgaon,NHAI,618654,Madhya Pradesh,Ministry of Road Transport & Highways,Roads & Highways,11/2022,10/2025,08/2027,521.21,469.68,199.48,63.79,2026-06,-9.8866,22.0,35
1223,2L PS of Roshni to Ashapur Section of NH-347B from Design KM Ch. 89.900 to 114.000 KM Package III of Betul Khandwa,NHAI,618655,Madhya Pradesh,Ministry of Road Transport & Highways,Roads & Highways,03/2024,08/2026,08/2026,200.99,120.75,126.72,98.26,2026-06,-39.9224,0.0,29
1224,4L from km 0.000 to 42.040 Bhopal Ratnaigiri Tiraha to Vidisha Morikodi,NHAI,618661,Madhya Pradesh,Ministry of Road Transport & Highways,Roads & Highways,10/2024,11/2027,11/2027,1032.3,1038.18,178.3,17.11,2026-06,0.5696,0.0,37
1225,4L Vidisha Gyaraspur section of NH-146 from Design Chainage km 59475 existing chainage km 81240 to Design Chainage km 88361 existing chainage km 110.315,NHAI,618662,Madhya Pradesh,Ministry of Road Transport & Highways,Roads & Highways,10/2024,03/2028,03/2028,980.2,980.2,96.41,11.1,2026-06,0.0,0.0,41
1226,i 4L Vidisha to Hinotiya from km 0.000 to Km 27.000 Vidisha Mehulwa-Talbehat Pkg- I Section of NH- 346 and ii 4L Vidisha to Morikori from Km 39.000 to 59.476 section of NH-146,NHAI,618663,Madhya Pradesh,Ministry of Road Transport & Highways,Roads & Highways,09/2022,12/2025,12/2026,1003.87,941.12,398.13,90.04,2026-06,-6.2508,12.0,39
1227,Berkhedi to Godpehra on NH-44 Sagar link road,NHAI,618664,Madhya Pradesh,Ministry of Road Transport & Highways,Roads & Highways,02/2022,11/2024,12/2026,524.84,471.31,385.96,92.05,2026-06,-10.1993,25.0,33
1228,4- Laning of Mohari to Satai Ghat section NH-934 from Km 50300 to Km 89875 Total length 39.575 km Package-2 in the State of Madhya Pradesh on EPC Mode,NHAI,618666,Madhya Pradesh,Ministry of Road Transport & Highways,Roads & Highways,08/2022,08/2026,08/2026,710.92,539.08,505.77,95.66,2026-06,-24.1715,0.0,48
1229,4L of near Satai Ghat to Chowka section of NH-34 from D. Ch. 89.875 to D. Ch. 145.000 Package-3,NHAI,618667,Madhya Pradesh,Ministry of Road Transport & Highways,Roads & Highways,10/2024,10/2027,10/2027,1005.59,882.21,193.1,34.92,2026-06,-12.2694,0.0,36
1230,4-lanning of Rahatgarh to Berkhedi section of NH-146 from Design Ch 124470 to Ch. 134.549,NHAI,618671,Madhya Pradesh,Ministry of Road Transport & Highways,Roads & Highways,03/2025,12/2027,12/2027,618.33,342.69,53.13,12.07,2026-06,-44.5781,0.0,33
1231,4-lanning of Gyaraspur to Rahatgarh section of NH-146 from Design Ch. 88361 to Ch 124470 in the state of MP on HAM mode,NHAI,618672,Madhya Pradesh,Ministry of Road Transport & Highways,Roads & Highways,10/2024,11/2027,11/2027,903.44,592.44,169.75,33.14,2026-06,-34.424,0.0,37
1232,Outer Ring Road of Jabalpur Town from Manegaon to NH-45 Pkg-2,NHAI,618684,Madhya Pradesh,Ministry of Road Transport & Highways,Roads & Highways,11/2022,03/2026,03/2027,917.26,786.47,512.57,75.61,2026-06,-14.2588,12.0,40
1233,Outer Ring Road of Jabalpur Town from NH45 to Kushner Pkg-3,NHAI,618685,Madhya Pradesh,Ministry of Road Transport & Highways,Roads & Highways,09/2022,03/2026,12/2026,911.24,773.23,552.0,79.8,2026-06,-15.1453,9.0,42
1234,Outer Ring Road of Jabalpur Town from Kushner to Amjhar Road including Airport Connectivity Pkg-IV,NHAI,618686,Madhya Pradesh,Ministry of Road Transport & Highways,Roads & Highways,08/2022,03/2026,11/2026,612.94,509.82,363.91,79.63,2026-06,-16.8238,8.0,43
1235,Outer Ring Road of Jabalpur Town from Barela to Manegaon Pkg-1,NHAI,618687,Madhya Pradesh,Ministry of Road Transport & Highways,Roads & Highways,09/2022,03/2025,08/2026,652.33,651.88,483.18,89.72,2026-06,-0.069,17.0,30
1236,Outer Ring Road of Jabalpur Town from Amjhar Road including Airport Connectivity to barela Pkg-V,NHAI,618688,Madhya Pradesh,Ministry of Road Transport & Highways,Roads & Highways,10/2024,10/2027,10/2027,794.7,539.9,84.37,30.26,2026-06,-32.0624,0.0,36
1237,Indore - Harda Pkg-I [Indore to Raghav Garh from km. 0.25 to km. 26.903],NHAI,618694,Madhya Pradesh,Ministry of Road Transport & Highways,Roads & Highways,01/2022,10/2024,07/2026,1011.29,813.03,687.94,93.84,2026-06,-19.6047,21.0,33
1238,4L of Chandesara to Khedakhajuriya from Km. 0.000 to - 750 & Km 0.000 to km 41.400 of NH-148NG Pkg-I,NHAI,618735,Madhya Pradesh,Ministry of Road Transport & Highways,Roads & Highways,12/2021,05/2024,09/2026,909.84,976.55,587.8,99.0,2026-06,7.3321,28.0,29
1239,2L PS of Hinotiya-Mehulwa section of NH-346 from Km. 27.000 to Km 75.700 Vidisha Mehulwa-Talbehat Pkg-II Section of NH- 346,NHAI,618751,Madhya Pradesh,Ministry of Road Transport & Highways,Roads & Highways,10/2022,09/2025,03/2027,581.65,592.71,273.54,69.04,2026-06,1.9015,18.0,35
1240,Itarsi Km. 63.000 to Betul Km. 137.000 of NH-69 in Madhya Pradesh,NHAI,618762,Madhya Pradesh,Ministry of Road Transport & Highways,Roads & Highways,08/2017,02/2020,07/2026,950.27,788.33,663.67,100.0,2026-06,-17.0415,77.0,30
1241,Balance works of 4 lane divided carriageway of Missing Link section of NH-39 Rewa Bypass from junction with NH 30 near Bela to Junction with MPRDC ring road near Silpara on SH 9 design length 13.100 km on EPC Mode under Bharatmala Pariyojana in the State of Madhya Pradesh,NHAI,618784,Madhya Pradesh,Ministry of Road Transport & Highways,Roads & Highways,08/2023,04/2026,01/2027,355.36,355.36,238.95,84.44,2026-06,0.0,9.0,32
1242,Construction of 6 lane Indore western bypass from km 0000 to Km 34000 Pkg -l in the State of Madhya Pradesh on Hybrid Annuity Mode under NHO,NHAI,618932,Madhya Pradesh,Ministry of Road Transport & Highways,Roads & Highways,02/2024,12/2027,12/2027,1534.7,1472.68,655.83,22.96,2026-06,-4.0412,0.0,46
1243,Construction of 6 lane Indore western bypass from km 34000 to Km 64000 Pkg-II in the state of Madhya Pradesh on Hybrid Annuity Mode under NHO,NHAI,618933,Madhya Pradesh,Ministry of Road Transport & Highways,Roads & Highways,03/2024,02/2028,02/2028,1430.56,1430.56,662.12,17.5,2026-06,0.0,0.0,47
1244,4L of Budhni to Shahganj Bypass End Package-III of NH-146B from Km. 73.750 to Km. 102.000,NHAI,618962,Madhya Pradesh,Ministry of Road Transport & Highways,Roads & Highways,03/2024,08/2027,05/2027,1102.97,770.21,174.55,27.25,2026-06,-30.1695,-3.0,41
1245,Construction work of 4-laning of Shahganj bypass end to Badi Package-IV of NH-146B from design km 102.000 to design km 142.357 Design length 40.357 km,NHAI,618963,Madhya Pradesh,Ministry of Road Transport & Highways,Roads & Highways,02/2024,03/2027,03/2027,784.14,836.64,318.15,50.13,2026-06,6.6952,0.0,37
1246,4 Laning of Sandalpur to Nasrullaganj Pkg-1 section of NH-146B Length 43.2 Km.,NHAI,618964,Madhya Pradesh,Ministry of Road Transport & Highways,Roads & Highways,03/2025,01/2028,01/2028,1425.98,1425.98,197.48,10.9,2026-06,0.0,0.0,34
1247,Six laning with both sides Service Road of Ayodhya Bypass from Design Km 0000 near Ashram Tiraha on NH-46 to Km 16439 end at Ratnagiri Tiraha on Nh-146,NHAI,618966,Madhya Pradesh,Ministry of Road Transport & Highways,Roads & Highways,02/2024,08/2027,08/2027,1123.17,1103.22,141.71,20.09,2026-06,-1.7762,0.0,42
1248,Upgradation of Sarvardewla to Pal MP/MH Border Road section of NH-347 C from Design Chainge km 81.600 to 137.400 Total length 55.80 km to two lane with paved shoulder configuration along with One time improvement of 1 .95 km in the State of Madhya Pradesh on EPC mode.,MoRTH,619007,Madhya Pradesh,Ministry of Road Transport & Highways,Roads & Highways,03/2023,01/2028,-,461.23,461.23,0.0,0.0,2026-06,0.0,,58
1249,Dhangaon - Borgaon section km 81.000 to km 139.000 [Indore - Edlabad Pkg IV],NHAI,619100,Madhya Pradesh,Ministry of Road Transport & Highways,Roads & Highways,01/2020,08/2023,08/2026,866.0,1185.04,746.36,99.8,2026-06,36.8406,36.0,43
1250,Indore - Harda Pkg-II [Raghavgarh to Nanasa from km. 29.30 to km. 92.30],NHAI,619114,Madhya Pradesh,Ministry of Road Transport & Highways,Roads & Highways,01/2023,03/2026,11/2027,1081.51,1146.63,369.26,40.25,2026-06,6.0212,20.0,38
1251,Construction of 6 lane flyover from Khapari ROB to Mihan Interchange design chainage km 8760 to 11450 L- 2.69 km and upgradation of existing 4L PS road to 6LPS with service road by flexible pavement design chainage km 11450 to 14500 L- 3.05 [total project length 5.74 km] in section of Nagpur - Hyderabad NH-44 Old NH-7 in Nagpur district in the state of Maharashtra on HAM mode.,MoRTH,617912,Maharashtra,Ministry of Road Transport & Highways,Roads & Highways,03/2024,10/2027,10/2027,619.55,619.55,0.0,8.24,2026-06,0.0,0.0,43
1252,Construction of New Four Lane Bypass to Parbhani City Parwa to Asola Km 463/265 to Km 481/180 Design Ch. 19220 to Ch. 34434 Length-15.214 Km section of NH-61 on EPC mode in the State of Maharashtra.,MoRTH,617932,Maharashtra,Ministry of Road Transport & Highways,Roads & Highways,03/2022,10/2024,10/2026,496.64,496.64,0.0,70.14,2026-06,0.0,24.0,31
1253,Nasratpur to Barasgaon section of NH-61 2L / 4L PS from Km.514/00 to 558/200,MoRTH,617934,Maharashtra,Ministry of Road Transport & Highways,Roads & Highways,07/2017,09/2019,08/2026,406.54,406.54,0.0,95.84,2026-06,0.0,83.0,26
1254,Udgir Raavi Degloor Aadampur phata to Sagroli fata,MoRTH,617937,Maharashtra,Ministry of Road Transport & Highways,Roads & Highways,11/2024,04/2028,-,809.77,809.77,0.0,12.0,2026-06,0.0,,41
1255,Rehabilitation And Upgradation to four lane with paved shoulder configuration from km 24350 to km 61875 Jawale - Borgaon Kale of NH-63 in the State of Maharashtra on EPC mode under Annual Plan 2024-25 Total length - 37.525 Km.,MoRTH,617938,Maharashtra,Ministry of Road Transport & Highways,Roads & Highways,12/2024,03/2027,03/2027,574.18,574.18,7.49,20.0,2026-06,0.0,0.0,27
1256,Balance work of NH-66 from design Km 84/00 to Km 87/100 Indapur Bypass and Km 91/600 to Km 99/100 Mangaon Bypass to four lane with paved shoulder in State of Maharashtra under NHO on EPC Mode.,MoRTH,617945,Maharashtra,Ministry of Road Transport & Highways,Roads & Highways,03/2025,04/2027,04/2027,354.21,354.21,0.0,66.44,2026-06,0.0,0.0,25
1257,Kashedi to Parshuram Ghat section of NH-66 from Km 161/600 - Km 205/400 - 4L PS,MoRTH,617946,Maharashtra,Ministry of Road Transport & Highways,Roads & Highways,03/2016,02/2020,12/2025,1142.62,1142.62,0.0,97.5,2026-06,0.0,70.0,47
1258,Arawali Kante section of NH-17New NH-66 4L PS from Km.241/300 to 281/300,MoRTH,617947,Maharashtra,Ministry of Road Transport & Highways,Roads & Highways,03/2016,11/2019,03/2026,1006.99,1443.09,0.0,80.06,2026-06,43.3073,76.0,44
1259,Kante - Wakad section of NH-66 4L PS from Km.281/300 to 332/200,MoRTH,617948,Maharashtra,Ministry of Road Transport & Highways,Roads & Highways,03/2016,11/2019,11/2025,1117.75,2020.56,375.93,90.14,2026-06,80.7703,72.0,44
1260,Kopargaon to Savali Vihir section,MoRTH,617965,Maharashtra,Ministry of Road Transport & Highways,Roads & Highways,06/2022,07/2024,08/2026,195.38,195.38,0.0,90.5,2026-06,0.0,25.0,25
1261,"Rehabilitation, upgradation & widening of existing highway to 2L/4LPS Rigid Pavement of NH 160 section- Phaltan to Mhaishal near Karnataka Border including Tasgaon Bypass, from existing chainage Km 301/430 to Km 458/415 in the State of Maharashtra- Package-II & Package III combined- starting from existing chainage Km 341/300 to Km 394/130 and design chainage Km 340/250 at Dahiwadi Village to Km 39",MoRTH,617978,Maharashtra,Ministry of Road Transport & Highways,Roads & Highways,03/2024,05/2027,05/2027,631.76,631.76,187.59,85.0,2026-06,0.0,0.0,38
1262,"Rehabilitation, upgradation & widening of existing highway to 2L/4LPS Rigid Pavement of NH 160 section- Phaltan to Mhaisal near Karnataka Border including Tasgaon Bypass, from existing chainage Km 301/430 to Km 458/415 in the State of Maharashtra. Package-I starting from existing chainage Km 301/430 at Phaltan Village Junction of Phaltan Baramati Road Design Chainage -301/430km & ending at existin",MoRTH,617979,Maharashtra,Ministry of Road Transport & Highways,Roads & Highways,03/2024,05/2027,11/2026,533.76,533.76,0.0,72.05,2026-06,0.0,-6.0,38
1263,"Rehabilitation/ Upgradation of existing Highway to four lane standards in Kurkheda town from km.413257 to km 410775, Two lane in Shankarpur Gurnuli km 42400 to km 43100 section and Reconstruction of Major Bridge at Ch. 448558 Bhuti Nallah and Ch. 411695 Sati River bridge, Minor Bridge at Ch. 411477 and Ch. 405800 Lendhari Bridge of NH 543 Bhamhapuri-wadsa-kurkheda-korchi-Deori-Amgaon road on EPC m",MoRTH,618042,Maharashtra,Ministry of Road Transport & Highways,Roads & Highways,03/2022,05/2025,12/2026,163.86,163.86,0.0,42.78,2026-06,0.0,19.0,38
1264,"Widening, Reconstruction & Up-gradation to 2 lane with Paved Shoulder/Four Lane configuration for the work of Ahmednagar to Sabalkhed & Ashti to Chinchpur Section of NH-561 from Design km 2915 to km 37728 & Design km 55100 to km 70000 in the State of Maharashtra on EPC mode. Length 49.713 km",MoRTH,618047,Maharashtra,Ministry of Road Transport & Highways,Roads & Highways,03/2024,05/2027,05/2027,657.16,657.16,0.0,83.46,2026-06,0.0,0.0,38
1265,Up-gradation to 2/4 lane with paved shoulder configuration of NH-652 from Tuljapur Naldurg-Akkalkot road Chainage from Km. 00.000 to km 30.982 in the State of Maharashtra on EPC mode.,MoRTH,618049,Maharashtra,Ministry of Road Transport & Highways,Roads & Highways,03/2024,07/2026,08/2026,183.41,183.41,64.87,98.0,2026-06,0.0,1.0,28
1266,Construction of four-lane Concrete Road from Police Headquarter Gondia City to Rawanwadi Village Birsi Airport Junction from design km 0.000 to km 15.781 existing km 39/720 of NH-753 to existing Km 8/400 of NH 543 on sections from Kohmara- Goregaon- Police HeadquarterKaranja - Collector Office Square - Balaghat T Point- Rawanwadi- Rajegaon of NH-753 and NH-543 in Gondia District in the state of Ma,MoRTH,618059,Maharashtra,Ministry of Road Transport & Highways,Roads & Highways,02/2023,08/2025,10/2026,328.11,328.11,0.0,34.15,2026-06,0.0,14.0,30
1267,"Strengthening, Widening & Up-gradation of newly declared NH-761 from NH- 61Junction-BelheAlkutiDevibhoyareNighojShirur, from Design chainage Km 0.000 to Km 37.970 from Single/Intermediate/2L to 2LPS in the State of Maharashtra on EPC Mode Length 37.970 Km",MoRTH,618061,Maharashtra,Ministry of Road Transport & Highways,Roads & Highways,03/2024,09/2026,09/2026,386.16,386.16,57.06,62.5,2026-06,0.0,0.0,30
1268,"Rehabilitation/Upgradation of existing Highway to 2LPS/4 lane of Dhawali to Rajoli from Design Km.149476 to 163476 existing Km.150000 to 164000, Pandhasala to Mohadongri from design Km.170476 to 181476 existing Km.171000 to 182000, Ambeshivni Fata to Bodli from design Km.183476 to 185476 existing Km.184000 to 186000 and Made Tukum to Gadchiroli from design Km.188476 to 189476 existing Km.188000 to",MoRTH,618065,Maharashtra,Ministry of Road Transport & Highways,Roads & Highways,03/2022,09/2025,10/2026,316.44,316.44,0.0,34.1,2026-06,0.0,13.0,42
1269,Nandurshingote to Kolhar,MoRTH,618088,Maharashtra,Ministry of Road Transport & Highways,Roads & Highways,09/2024,12/2026,12/2026,325.79,325.79,23.01,37.74,2026-06,0.0,0.0,27
1270,Rehabilitation & Up-gradation of Mudkhed to Nanded section from Km. 372000 to Km 388400 of NH 161A i.e. Nanded-Bhokar-Himayatnagar-Kinwat-Mahur-Arani Road Design chainage from Km 372000 Mudkhed to Km 387650 Nanded of NH 161A Length 15.65 Km to 2/4Lane with paved shoulders configuration in the State of Maharashtra on EPC mode.,MoRTH,618089,Maharashtra,Ministry of Road Transport & Highways,Roads & Highways,03/2022,04/2025,10/2026,206.54,206.54,0.0,65.14,2026-06,0.0,18.0,37
1271,Pen to Khopoli 2LPS,MoRTH,618094,Maharashtra,Ministry of Road Transport & Highways,Roads & Highways,03/2018,12/2019,12/2025,369.39,369.39,333.1,86.3,2026-06,0.0,72.0,21
1272,Rehabilitation and Up-gradation to 2 lane road with paved shoulders configuration for the balance work of 13 km length on Helwak-Patan-Karad section Km. 85000 to 133 417 of NH-166E in the state of Maharashtra on EPC mode.,MoRTH,618096,Maharashtra,Ministry of Road Transport & Highways,Roads & Highways,02/2024,04/2026,12/2026,181.45,181.45,0.0,87.0,2026-06,0.0,8.0,26
1273,Guhagar - Rampur - 2L-PS - km 0/00 Guhagar to 26/230 Rampur and 40/00 Mirjoli to 53/600 Sati on NH-166E,MoRTH,618097,Maharashtra,Ministry of Road Transport & Highways,Roads & Highways,01/2017,06/2019,08/2025,407.2,407.2,0.0,91.89,2026-06,0.0,74.0,29
1274,"Upgradation of exhisting 2 lane flexible pavement to 2 lane paved shoulders rigid pavement from design chainage Km 66.00 to Design Km 82.440 Start of Kolhapur Municipal corporation near Phulewadi to kale, design length 16.440 Km section on Talere Gaganbawada-Kolhapur road NH 166G in the state of Maharashtra on EPC mode",MoRTH,618098,Maharashtra,Ministry of Road Transport & Highways,Roads & Highways,03/2021,05/2024,08/2026,167.97,167.97,0.0,93.75,2026-06,0.0,27.0,38
1275,Strengthening and Widening of road Sakoli- Wadsa-Armori-Gadchiroli-Ashti- Allapalli - Sironcha National highway NH 353C in Km 262/00 to 321/00 including 16 minor Bridges and 2 Major Bridge Total length 59 Km section from repanpalli to sironcha in Gadchiroli Dist in the State of Maharashtra.,MoRTH,618133,Maharashtra,Ministry of Road Transport & Highways,Roads & Highways,03/2021,05/2024,03/2027,280.57,280.57,0.0,65.0,2026-06,0.0,34.0,38
1276,Rehabilitation /Upgradation from Lagam to Alapalli section Desing Km. 199/400 to km 227/400 Length 28.0 Km to 2 lane with Paved Shoulders/ 4 lane configuration section of NH-353 C Sakoli-Wadsa-Armori-Gadchiroli-Ashti-Alapalli Sironcha in Gadchiroli District on EPC mode in the state of Maharashtra.,MoRTH,618134,Maharashtra,Ministry of Road Transport & Highways,Roads & Highways,02/2023,09/2026,09/2026,459.39,459.39,0.0,81.42,2026-06,0.0,0.0,43
1277,Rehabilitation and Up-gradation of Jarud - Sirsala section of NH-361F km 59500 to km11500 to Two lane with paved shoulder/ Four Lane in the state of Maharashtra on EPC mode Length 55.5 Km.,MoRTH,618137,Maharashtra,Ministry of Road Transport & Highways,Roads & Highways,03/2024,05/2027,05/2027,540.35,540.35,139.11,63.67,2026-06,0.0,0.0,38
1278,"Widening, Reconstruction & Up-gradation to 2 lane with Paved Shoulder/Four Lane configuration for the work of Sautada to Shirapur Section of NH-561 from Design km 86300 to km 125589 in the state of Maharashtra on EPC mode. Design length 39.289 km",MoRTH,618138,Maharashtra,Ministry of Road Transport & Highways,Roads & Highways,03/2024,11/2026,11/2026,349.57,349.57,0.0,54.04,2026-06,0.0,0.0,32
1279,Rehabilitation and Up-gradation of Gangakhed Loha section of NH-361F from Km 169/00 to 210/00 to two lane with paved shoulder/ four lane configuration in the state of Maharashtra on EPC mode Length - 41.00 Km.,MoRTH,618139,Maharashtra,Ministry of Road Transport & Highways,Roads & Highways,03/2024,09/2026,09/2026,355.12,355.12,0.0,43.46,2026-06,0.0,0.0,30
1280,Rehabilitation and Up-gradation of i. Deogaon phata to Digras phata Ch. 0/000 to 15/000 & Selu to Borgavhan Ch 20/900 to 35/800 [Length 29.9km] ii. Injegaon Dhamoni to Pohner Phata Ch.58/200 to Ch. 83/700 [Length25.5 km] and iii. Pohner phata to Pathri Design Ch. 42/700 to 58/200 [Length 15.5 km] sections of NH-548B to Two lane with paved shoulder configuartion in the state of Maharashtra on EPC m,MoRTH,618150,Maharashtra,Ministry of Road Transport & Highways,Roads & Highways,03/2024,05/2027,05/2027,761.83,761.83,0.0,15.0,2026-06,0.0,0.0,38
1281,Mhaswad to Tembhurni section of NH-548C - 2L PS,MoRTH,618152,Maharashtra,Ministry of Road Transport & Highways,Roads & Highways,01/2017,07/2019,08/2026,488.6,488.6,0.0,96.19,2026-06,0.0,85.0,30
1282,Satara to Mhaswad,MoRTH,618153,Maharashtra,Ministry of Road Transport & Highways,Roads & Highways,01/2017,08/2019,08/2026,653.46,653.46,7.34,98.08,2026-06,0.0,84.0,31
1283,"Rehabilitation & upgradation of Jamkhed to Sautada Section of NH548 D from km 195.375 to km 208.774, Length 13.399 Km to 2L PS /4L configuration with rigid pavement in the state of Maharashtra on EPC mode.",MoRTH,618154,Maharashtra,Ministry of Road Transport & Highways,Roads & Highways,03/2022,07/2024,06/2026,157.62,157.62,0.0,68.93,2026-06,0.0,23.0,28
1284,Development/Widening of Talegaon Chakan Shikrapur Nhavara Section of NH-548D from existing chainage km. 54/000 to 82/300 and Design chainage Km. 54/000 to 82/120 Shikrapur to Nhavara Section to 2LPS/4L Configuration on EPC Mode in the State of Maharashtra.,MoRTH,618155,Maharashtra,Ministry of Road Transport & Highways,Roads & Highways,03/2024,07/2026,09/2026,396.17,396.17,95.2,76.2,2026-06,0.0,2.0,28
1285,Paithan - Shirur section 2LPS Km 0.0 to 55.00,MoRTH,618172,Maharashtra,Ministry of Road Transport & Highways,Roads & Highways,03/2017,06/2019,10/2026,341.8,341.8,0.0,82.0,2026-06,0.0,88.0,27
1286,Shirur-Kharda section from 55937 km to 114486 km to 2LPS/4L,MoRTH,618173,Maharashtra,Ministry of Road Transport & Highways,Roads & Highways,02/2017,06/2019,08/2026,381.77,381.77,0.0,83.93,2026-06,0.0,86.0,28
1287,Rehabilitation and Upgradation to two lane with paved shoulder configuration of NH- 752G from Sakri to Pimpalner Section Design Ch km 0000 to Ch km 21411 in the state of Maharashtra on EPC Mode. Length 21.411 km.,MoRTH,618174,Maharashtra,Ministry of Road Transport & Highways,Roads & Highways,03/2024,10/2026,10/2026,226.58,226.58,0.0,100.0,2026-06,0.0,0.0,31
1288,Rehabilitation and Upgradation of Satana to Mangrul Chandwad Section of NH752 G Design Ch Km 64.000 to Ch Km 101.140 two lane with paved shoulder/four lane configuration in the state of Maharashtra on EPC mode.,MoRTH,618175,Maharashtra,Ministry of Road Transport & Highways,Roads & Highways,03/2022,05/2025,08/2026,428.8,428.8,0.0,93.46,2026-06,0.0,15.0,38
1289,Rehabilitation and upgradation from ch km 50/200 to 56/800 and km 62/600 to 100/403 of Kolde to Visarwadi Near Junction with NH-6 section of NH 752G total length 44.40 to two-lane with paved shoulder / four lanes in the State of Maharashtra on EPC mode.,MoRTH,618176,Maharashtra,Ministry of Road Transport & Highways,Roads & Highways,03/2025,01/2028,-,349.08,349.08,25.6,35.45,2026-06,0.0,,34
1290,Pal Phata Phulambri - Khultabad 2LPS,MoRTH,618177,Maharashtra,Ministry of Road Transport & Highways,Roads & Highways,03/2018,12/2019,12/2025,227.19,227.19,0.0,95.29,2026-06,0.0,72.0,21
1291,Widening and strengthening of Gangakhed to Kingaon section of NH-752K in Km 38/750 to 72/304 Flexible Pavement Length33.554 km to 2-lane configuration on EPC mode in the State of Maharashtra.,MoRTH,618178,Maharashtra,Ministry of Road Transport & Highways,Roads & Highways,02/2024,06/2026,10/2026,162.67,162.67,0.0,72.0,2026-06,0.0,4.0,28
1292,Rehabilitation and Upgradation of Shewali phata to Kalambhir section i.e. Km 0443 to Km 4500 & Nizampur to Chadwel section i.e. Km 13485 to Km 26265 Length16.317 Km excluding 2 Major Bridges with approaches Km 13735 to Km 14095 & Km 19660 to Km 20030 of NH 753B to 2LPS Configuration in the State of Maharashtra on EPC Mode.,MoRTH,618179,Maharashtra,Ministry of Road Transport & Highways,Roads & Highways,03/2024,02/2026,07/2026,181.58,181.58,0.0,97.0,2026-06,0.0,5.0,23
1293,Pune raigarh District Border To Mangaon Ch 69000 to 103775 NH-753F,MoRTH,618180,Maharashtra,Ministry of Road Transport & Highways,Roads & Highways,03/2018,12/2019,07/2026,223.46,223.46,0.0,89.08,2026-06,0.0,79.0,21
1294,Rehabilitation and Up-gradation to 2 lane with paved shoulder configuration of Mahud Sangola road NH 965 G 159400 to 161900and 162400 to 183960 Design Chainage from km. 32/300 to km. 34/800 and km. 35/800 to km. 56/860 Rigid Pavement on EPC mode in the State of Maharashtra.,MoRTH,618188,Maharashtra,Ministry of Road Transport & Highways,Roads & Highways,02/2023,05/2025,07/2026,253.78,253.78,0.0,99.75,2026-06,0.0,14.0,27
1295,Balance work of Rehabilitation and Up-gradation to 2-lane road with paved shoulders configuration for NH- 965DD from Pacharal-Mandangad-Mhapral-Rajewadi Upto Junction of NH-66 Ch-22700 to 75100 Km and Ambadave connector Birth place of Dr. Babasaheb Ambedkar Ch-0000 to 7325 Km length Km 59.725 in the state of Maharashtra on EPC mode. Balance Work,MoRTH,618198,Maharashtra,Ministry of Road Transport & Highways,Roads & Highways,03/2018,01/2024,08/2026,388.93,341.69,0.0,93.07,2026-06,-12.1461,31.0,70
1296,"Rehabilitation, Upgradation & Widening of existing Highway to Rigid Pavement 2 Lane with Paved Shoulder of NH 965DD from Lonand Shirval-Bhor Mandangad-Pchral Section ShindewadiPhata to Varandah Ghat Dist Border from Km 33/550 to 92/550 in the state of Maharashtra on EPC mode.",MoRTH,618199,Maharashtra,Ministry of Road Transport & Highways,Roads & Highways,02/2023,07/2026,10/2026,723.13,723.13,0.0,53.5,2026-06,0.0,3.0,41
1297,Vadodara Mumbai Expressway Phase II - Pkg XIII [Km. 26.582 to Km. 50.700] Shirsad - Masvan,NHAI,618469,Maharashtra,Ministry of Road Transport & Highways,Roads & Highways,06/2020,02/2024,07/2026,3536.9,4679.54,1844.7,90.86,2026-06,32.3063,29.0,44
1298,Vadodara Mumbai Expressway Phase II - Pkg XIV [Km. 3.000 to Km. 20.200 of Spur] Shirsad - Akloli,NHAI,618470,Maharashtra,Ministry of Road Transport & Highways,Roads & Highways,05/2021,05/2024,07/2026,2058.79,2324.72,634.54,98.0,2026-06,12.9168,26.0,36
1299,Vadodara Mumbai Expressway Phase II - Pkg XV [Km. 20.200 to Km. 43.000 of Spur] Akloli - Amne,NHAI,618471,Maharashtra,Ministry of Road Transport & Highways,Roads & Highways,05/2021,05/2024,07/2026,2610.88,2918.39,622.23,91.5,2026-06,11.778,26.0,36
1300,Vadodara Mumbai Expressway Phase II - Pkg XVI [Km. 43.000 to Km. 69.800 of Spur] Amne - Bhoj,NHAI,618472,Maharashtra,Ministry of Road Transport & Highways,Roads & Highways,06/2021,10/2024,07/2026,4051.8,4315.56,982.89,90.7,2026-06,6.5097,21.0,40
1301,Vadodara Mumbai Expressway Phase II - Pkg XVII [Km. 69.800 to Km. 79.783 of Spur] Bhoj - Morbe,NHAI,618473,Maharashtra,Ministry of Road Transport & Highways,Roads & Highways,09/2021,07/2025,07/2026,2208.68,2463.02,889.44,85.79,2026-06,11.5155,12.0,46
1302,Upgradation & rehabilitation of Service Roads on both sides in urban areas of Pune City on PuneSatara section of NH48,NHAI,618511,Maharashtra,Ministry of Road Transport & Highways,Roads & Highways,01/2025,06/2027,06/2027,604.59,388.78,66.29,22.96,2026-06,-35.6953,0.0,29
1303,Tunnel at Khambataki Ghat Section and its approaches from existing Km. 771.730 to existing Km. 782.000,NHAI,618512,Maharashtra,Ministry of Road Transport & Highways,Roads & Highways,11/2017,02/2022,10/2026,907.03,816.12,677.98,89.16,2026-06,-10.0228,56.0,51
1304,6L of Kagal-Satara section from Km 592.500 to Km 658.000 of NH-48 Pkg-I,NHAI,618513,Maharashtra,Ministry of Road Transport & Highways,Roads & Highways,12/2021,01/2025,02/2027,2111.95,1435.46,634.07,45.47,2026-06,-32.0315,25.0,37
1305,6L of Kagal-Satara section from Km 658.000 to Km 725.000 of NH-48 Pkg-II,NHAI,618514,Maharashtra,Ministry of Road Transport & Highways,Roads & Highways,12/2021,12/2024,12/2026,2330.71,317.4,205.24,73.96,2026-06,-86.3818,24.0,36
1306,4L of Indora Chowk to Pachpaoli and Agrasen Chowk - Ashoka Chowk,NHAI,618557,Maharashtra,Ministry of Road Transport & Highways,Roads & Highways,03/2023,06/2026,07/2026,1038.84,918.53,685.21,84.0,2026-06,-11.5812,1.0,39
1307,6L of Gonde Km. 439.038 to Pimpri Sado Km. 459.905 section of NH-848 Old NH-3,NHAI,618585,Maharashtra,Ministry of Road Transport & Highways,Roads & Highways,02/2024,04/2027,11/2027,856.93,718.84,142.38,38.0,2026-06,-16.1145,7.0,38
1308,Improvement and strengthening of existing 2 lane stretch to 2-Lane with PS 1.5m on both sides on Ghoti-Sinnar section of NH-160A using Thin White Topping 200mm thick in the State Of Maharashtra on EPC Mode,NHAI,618586,Maharashtra,Ministry of Road Transport & Highways,Roads & Highways,03/2025,06/2026,08/2026,254.78,147.64,115.05,77.0,2026-06,-42.052,2.0,15
1309,4L Mitigation Measure structures on CH/MH Border to Wainganga Bridge Section of NH-6 New NH-53,NHAI,618588,Maharashtra,Ministry of Road Transport & Highways,Roads & Highways,02/2021,11/2023,07/2026,540.24,468.92,464.28,99.79,2026-06,-13.2015,32.0,33
1310,Balance work of 4L Panvel to Indapur section of NH-66 Old NH- 17 from km 0.000 Panvel to km 42.300 Kasu,NHAI,618594,Maharashtra,Ministry of Road Transport & Highways,Roads & Highways,12/2022,10/2024,07/2026,329.82,196.87,185.79,96.89,2026-06,-40.3099,21.0,22
1311,Four laning from Dive Ghat Km. 220.900 to Hadapsar Km. 234.150 of Mohol Alandi section Pkg VI of NH-965,NHAI,618626,Maharashtra,Ministry of Road Transport & Highways,Roads & Highways,12/2023,10/2026,04/2027,819.52,400.0,122.8,64.95,2026-06,-51.1909,6.0,34
1312,Construction of 7 Nos of Standalone safety structures/works at different locations on various NHs,NHAI,618627,Maharashtra,Ministry of Road Transport & Highways,Roads & Highways,01/2025,01/2027,01/2027,168.52,112.03,26.55,33.35,2026-06,-33.5212,0.0,24
1313,Strengthening of Existing Alignment of Pandharpur Town Part Bypassed Section of NH 965 from KM 36.230 to KM 44.230 from Chh. Shivaji Maharaj Chowk to Wakhari,NHAI,618628,Maharashtra,Ministry of Road Transport & Highways,Roads & Highways,08/2022,10/2025,03/2027,150.21,87.59,65.36,48.0,2026-06,-41.6883,17.0,38
1314,Loha-Waranga Section of NH-361 from km 187.800 to km 244.369,NHAI,618653,Maharashtra,Ministry of Road Transport & Highways,Roads & Highways,03/2018,03/2021,12/2026,1236.08,3466.58,1503.55,96.22,2026-06,180.4495,69.0,36
1315,Bodhre - Dhule,NHAI,618693,Maharashtra,Ministry of Road Transport & Highways,Roads & Highways,02/2021,07/2024,08/2026,1344.78,1292.7,785.93,97.69,2026-06,-3.8728,25.0,41
1316,Upgradation of 2L/4L with Paved Shoulder of Shirwal-Lonand Section from KM 159900 To KM 188025 of NH-965DD Section I and 2L With Paved Shoulder of Lonand-Satara Section from KM 51500 To KM 96246 Of NH-965D Section II in Satara District in the State of Maharashtra on EPC Mode under NHO-,NHAI,618754,Maharashtra,Ministry of Road Transport & Highways,Roads & Highways,03/2025,06/2027,06/2027,538.11,307.24,160.27,41.08,2026-06,-42.9039,0.0,27
1317,Up-gradation to Four Lane with Paved Shoulder configuration of the highway starting from existing km 88.400 Savali Vihir to km 163.400 start of Ahmednagar bypass Design Length 75.000 km section of NH-160 in the State of Maharashtra under Bharatmala Pariyojana on EPC Mode,NHAI,618766,Maharashtra,Ministry of Road Transport & Highways,Roads & Highways,10/2024,04/2027,04/2027,862.0,617.93,298.23,48.55,2026-06,-28.3144,0.0,30
1318,4L of Ratnagiri - Kolhapur section from km 67.140 to km 112.340 of NH-166 Pkg II,NHAI,618836,Maharashtra,Ministry of Road Transport & Highways,Roads & Highways,02/2022,05/2025,03/2027,1985.38,1798.0,1235.29,79.98,2026-06,-9.438,22.0,39
1319,4L of Ratnagiri - Kolhapur section from km 112.340 to km 145.300 of NH-166 PkgIII,NHAI,618837,Maharashtra,Ministry of Road Transport & Highways,Roads & Highways,02/2022,05/2025,03/2027,1939.23,1910.41,1078.85,67.57,2026-06,-1.4862,22.0,39
1320,4L of Nagpur-Katol Section from Km. 13.00 to Km. 62.900 of NH-353J,NHAI,618937,Maharashtra,Ministry of Road Transport & Highways,Roads & Highways,02/2021,10/2023,10/2026,1166.96,1432.82,1182.28,81.54,2026-06,22.7823,36.0,32
1321,Construction of Standalone Flyover cum ROB from Design Ch.66.600 to Design Ch.68.800 in Gadchandur Town on NH-353B,NHAI,618939,Maharashtra,Ministry of Road Transport & Highways,Roads & Highways,02/2025,07/2027,07/2027,191.31,107.76,33.97,36.99,2026-06,-43.6726,0.0,29
1322,Rehabilitation and Up gradation of Charthana Jintur Section of NH 752 I Km 25100 to 47100 to 2 Lane with Paved Shoulder configuration Flexible Pavement in the state of Maharashtra on EPC mode. Reg- Resubmission of Annual Plan Estimate.,MoRTH,619008,Maharashtra,Ministry of Road Transport & Highways,Roads & Highways,03/2025,07/2027,07/2026,157.69,157.69,0.01,51.0,2026-06,0.0,-12.0,28
1323,"Construction of six lane Flyover at Katraj junction at Km, 3/880 of NH 548-DD Vadgaon - Katraj - Kondhwa - Mantarwadi Chowk - Loni Kalbhor - Theur Phata - Lonikand Road in Pune Dist of the State of Maharashtra. On Engineering Procurement and construction EPC Basis mode L.1.326 Km,",MoRTH,619042,Maharashtra,Ministry of Road Transport & Highways,Roads & Highways,02/2021,02/2026,02/2023,163.51,163.51,0.0,83.19,2026-06,0.0,-36.0,60
1324,Satara Km 725.000 to Pune Km 865.350 of NH - 4 New NH - 48 in Maharashtra,NHAI,619069,Maharashtra,Ministry of Road Transport & Highways,Roads & Highways,09/2009,05/2022,10/2026,361.72,425.51,384.55,99.05,2026-06,17.6352,53.0,152
1325,Balance works of 4L Panvel Indapur section of NH66 old NH17 from km 42.300 kasu to km 84.600 Indapur,NHAI,619095,Maharashtra,Ministry of Road Transport & Highways,Roads & Highways,06/2022,05/2024,07/2026,546.44,472.1,420.7,81.63,2026-06,-13.6044,26.0,23
1326,4L of Ratnagiri - Kolhapur section of NH-166 from km 0.000 to km 19.769 and km 31.000 to km 67.140 Pkg I,NHAI,619149,Maharashtra,Ministry of Road Transport & Highways,Roads & Highways,02/2022,11/2024,11/2026,1774.03,2108.41,1427.82,93.75,2026-06,18.8486,24.0,33
1327,4L of Baramati to Indapur Pkg-II from km. 41.400 to km. 84.550 of NH-965G Saint Tukaram Marg,NHAI,619163,Maharashtra,Ministry of Road Transport & Highways,Roads & Highways,01/2021,09/2023,12/2026,1471.32,1297.48,1071.0,86.2,2026-06,-11.8152,39.0,32
1328,Vadodara Mumbai Expressway Phase II - Pkg XII [Km. 50.700 to Km. 77.000] Masvan - Ganjad,NHAI,619198,Maharashtra,Ministry of Road Transport & Highways,Roads & Highways,08/2020,03/2024,07/2026,1711.38,2388.52,979.41,99.38,2026-06,39.5669,28.0,43
1329,Vadape to Thane from km 539.202 to km 563.000 section of NH-3 new NH-848,NHAI,619203,Maharashtra,Ministry of Road Transport & Highways,Roads & Highways,03/2018,07/2021,07/2026,1252.92,1371.27,491.81,80.78,2026-06,9.4459,60.0,40
1330,"Capacity Augmentation in the stretch of Pimpri Sado Vadape section of NH848 Km. 460900 to Km. 537000 by Construction of Slip/Service Road on either side at various locations total length 25.140 Km LHSRHS, Flyover 2 x 25m at Borivali Junction Km. 528550 & LVUP 1 x 15m at Sherekarpada Km. 528800",NHAI,619204,Maharashtra,Ministry of Road Transport & Highways,Roads & Highways,12/2025,10/2027,10/2027,372.03,372.03,0.0,1.0,2026-06,0.0,0.0,22
1331,Dharampuri-Lonand from km. 117.00 to 166.40 Pkg-IV on Mohol-Alandi Section,NHAI,619210,Maharashtra,Ministry of Road Transport & Highways,Roads & Highways,01/2021,09/2023,07/2026,1411.71,1358.68,1471.41,97.4,2026-06,-3.7564,34.0,32
1332,Construction of 6 Lane Elevated corridor from KM 612582 to KM 617540 including construction of Service Roads in Kolhapur City on NH -48 in the State of Maharashtra on EPC mode under NHO,NHAI,619298,Maharashtra,Ministry of Road Transport & Highways,Roads & Highways,02/2026,06/2029,06/2029,1039.0,1039.0,0.0,0.0,2026-06,0.0,0.0,40
1333,Construction of a 6-Lane Elevated Corridor from Km 593766 to Km 596620 Including Construction of Service Roads in Kagal City on NH-48 in the State of Maharashtra on EPC Mode.,NHAI,619299,Maharashtra,Ministry of Road Transport & Highways,Roads & Highways,03/2026,06/2028,06/2028,357.99,357.99,0.0,0.0,2026-06,0.0,0.0,27
1334,Construction of Four Lane Nagpur-Katol section of NH-353J including Mitigation Structures from Design Ch. 37000 to Ch. 45990 Tiger Corridor-I Mitigation Structures from Design Ch. 37000 to Ch. 45990 Tiger Corridor-I in the State of Maharashtra on EPC Mode,NHAI,619300,Maharashtra,Ministry of Road Transport & Highways,Roads & Highways,01/2026,12/2027,12/2027,300.68,300.68,0.0,0.0,2026-06,0.0,0.0,23
1335,Widening/Improvement of existing 2-Lane road to 4-Lane Divided Highway from Sekmai to Nilakuthi section of Imphal-Kohima Road Design Chainage from Km 297700 to Km 308729 of NH-39 New NH-02 in state of Manipur on EPC mode Pkg-5B,NHIDCL,618298,Manipur,Ministry of Road Transport & Highways,Roads & Highways,03/2021,01/2023,09/2026,211.7,211.7,254.22,93.54,2026-06,0.0,44.0,22
1336,Improvement/Up-gradation of existing 2-Lane Road to 4-Lane Divided Highway from Daili to Kuraopokpi section of Imphal-Kohima road NH-02 Design Chainage from Km 274610 to Km 287000 in the state of Manipur on EPC mode Pkg-4B,NHIDCL,618299,Manipur,Ministry of Road Transport & Highways,Roads & Highways,09/2020,06/2026,01/2027,268.98,268.98,0.0,56.16,2026-06,0.0,7.0,69
1337,Improvement/Up-gradation of existing 2-Lane Road to 4-Lane Divided Highway from Taphukuki to Daili section of Imphal-Kohima road NH-02 Design Chainage from Km 262175 to Km 274610 in the state of Manipur on EPC mode Pkg-4A,NHIDCL,618300,Manipur,Ministry of Road Transport & Highways,Roads & Highways,09/2020,04/2022,08/2026,379.39,379.39,312.58,91.39,2026-06,0.0,52.0,19
1338,Widening/Improvement of existing 2-lane to 4-Lane Divided Highway from Kuraopokpi to Sekmai section of Imphal-Kohima Road Design Ch. km 287.00 to 297.700 of NH-39 New NH-02 in state of Manipur on EPC mode Pkg-5A,NHIDCL,618301,Manipur,Ministry of Road Transport & Highways,Roads & Highways,09/2020,08/2026,08/2026,228.97,228.97,114.62,48.31,2026-06,0.0,0.0,71
1339,Widening/Improvement to 2-lane with earthen shoulder of Yaingangpokpi - Finch corner road section of NH-202 from Km 16.900 to Km 30.970 of NH-202 in the state of Manipur on EPC mode Package-2,NHIDCL,618302,Manipur,Ministry of Road Transport & Highways,Roads & Highways,03/2020,06/2022,08/2026,256.04,256.04,0.0,98.12,2026-06,0.0,50.0,27
1340,Widening/Improvement to 2-lane with earthen shoulder of Yaingangpokpi - Finch corner road section of NH-202 from Km 0.000 to Km 16.900 of NH-202 in the state of Manipur on EPC mode Package-1,NHIDCL,618303,Manipur,Ministry of Road Transport & Highways,Roads & Highways,03/2020,06/2022,08/2026,222.77,222.77,0.0,88.96,2026-06,0.0,50.0,27
1341,"Widening/Improvement to 2 Lane with earthen shoulder of Jessami to Laynen bridge Nagaland border section of NH-29 of Imphal -Ukhrul - Jessami Economic Corridor from km 0.000 to km 11.009 in the State of Manipur on EPC mode under Bharatmala Pariyojana, under NHO-NE Package-7",NHIDCL,618304,Manipur,Ministry of Road Transport & Highways,Roads & Highways,03/2023,06/2026,02/2027,164.89,164.89,127.59,26.67,2026-06,0.0,8.0,39
1342,Widening/Improvement to 2 lane with earthen shoulder of Marrem Khullen to Jessami section of NH-202 of Imphal - Ukhrul - Jessami Economic Corridor from Design Chainage km 95.700 to km 140.180 in the State of Manipur on EPC mode under Bharatmala Pariyojana under NHO-NE Package-6,NHIDCL,618305,Manipur,Ministry of Road Transport & Highways,Roads & Highways,03/2023,12/2026,08/2027,554.66,554.66,221.02,24.43,2026-06,0.0,8.0,45
1343,"Widening/Improvement to 2 lane with earthen shoulder of Choithar to Marrem Khullen section of NH-202 of Imphal Ukhrul Jessami Economic Corridor from Design Chainage km 53.110 to km 95.700 in the State of Manipur on EPC mode under Bharatmala Pariyojana, under NHO-NE Package-5",NHIDCL,618306,Manipur,Ministry of Road Transport & Highways,Roads & Highways,03/2023,03/2027,08/2027,564.05,564.05,172.98,14.5,2026-06,0.0,5.0,48
1344,Widening to 2 lane with Paved shoulder of lmphal to Jiribam section of NH-37 from Design Ch. from km 169570 Near Nungkao vlllage under Tamenglong District to km 205974 near Jiribam Bridge under Jiribam district under NHO-NE PKG-7,NHIDCL,618333,Manipur,Ministry of Road Transport & Highways,Roads & Highways,01/2023,12/2025,12/2026,760.16,760.16,424.3,92.52,2026-06,0.0,12.0,35
1345,Widening to 2 Lane with Paved shoulder of lmphal to Jiribam section of NH-37 from Design Ch. from km 131.280 to km 169.570 on EPC mode in Manipur under NHO- TSP PKG-6,NHIDCL,618334,Manipur,Ministry of Road Transport & Highways,Roads & Highways,12/2021,02/2025,09/2026,504.76,504.76,325.89,95.2,2026-06,0.0,19.0,38
1346,Widening to 2 Lane with Paved shoulder of lmphal to Jiribam section of NH-37 from Design Ch. from Km 101280 Near Khongsang Village to Km 131280 near Puilon Kambiron Village on EPC Mode in Manipur PKG-5,NHIDCL,618335,Manipur,Ministry of Road Transport & Highways,Roads & Highways,12/2021,05/2024,08/2026,410.68,410.68,345.66,90.61,2026-06,0.0,27.0,29
1347,Widening to 2 -Lane with Paved shoulder of Imphal to Jiribam section of NH-37 from Design Chainage 66.110 km to 101.280 Km Existing Chainage km 67.496 to km 103.557 on EPC Mode in Manipur PKG-4,NHIDCL,618336,Manipur,Ministry of Road Transport & Highways,Roads & Highways,09/2021,12/2023,07/2026,579.63,579.63,404.8,85.98,2026-06,0.0,31.0,27
1348,Widening to 2 -Lane with Paved shoulder of Imphal to Jiribam section of NH-37 from Design Chainage 33.000 km to 66.390 Km Existing Chainage from km 33.395 to km 67.496 on EPC Mode in Manipur PKG-3,NHIDCL,618337,Manipur,Ministry of Road Transport & Highways,Roads & Highways,03/2021,03/2023,03/2026,467.0,467.0,593.44,86.33,2026-06,0.0,36.0,24
1349,Widening to 2-Lane with Paved shoulder of Imphal to Jiribam section of NH-37 from Design Chainage 15.940 km to 33.120 Km Existing Chainage Km 15.946 to Km 33.395 Total length17.180 Km in the State of Manipur on EPC mode PKG-2 - Balance Works & Rectification works,NHIDCL,618338,Manipur,Ministry of Road Transport & Highways,Roads & Highways,03/2021,03/2026,08/2026,195.14,195.14,161.96,92.99,2026-06,0.0,5.0,60
1350,Widening to 2-lane with Hard shoulder of Churachandpur to Tuivai Section of NH- 102B from Design Chainage 69.875 Km to 121.769 Km in the State of Manipur on EPC mode Package-3,NHIDCL,618344,Manipur,Ministry of Road Transport & Highways,Roads & Highways,03/2021,08/2023,12/2026,673.27,673.27,563.27,84.72,2026-06,0.0,40.0,29
1351,Widening to 2-lane with Hard shoulder of Churachandpur to Tuivai Section from Km 48.587 to Km 69.875 in the State of Manipur on EPC mode under NHO Package-2B,NHIDCL,618345,Manipur,Ministry of Road Transport & Highways,Roads & Highways,06/2020,08/2022,08/2026,365.53,365.53,195.73,88.2,2026-06,0.0,48.0,26
1352,Widening to 2-lane with Hard shoulder of Churachandpur to Tuivai Section of NH- 102B from km 32.835 to km 48.587 in the State of Manipur on EPC mode under NHO Package-2A,NHIDCL,618346,Manipur,Ministry of Road Transport & Highways,Roads & Highways,04/2020,06/2022,07/2026,232.99,232.99,155.44,100.0,2026-06,0.0,49.0,26
1353,Widening to 2-lane with Hard shoulder of Churachandpur to Tuivai Section of NH- 102B from km 13.747 to km 32.835 in the State of Manipur on EPC mode under NHO Package-1B,NHIDCL,618347,Manipur,Ministry of Road Transport & Highways,Roads & Highways,04/2020,06/2022,07/2026,241.52,241.52,164.85,100.0,2026-06,0.0,49.0,26
1354,Balance work of Widening to 2 Two lane with hard shoulder of Churachandpur to Tuivai section of NH-102B from km 130.000 to km 141.029 Package-4B in the State of Manipur on EPC Mode,NHIDCL,618348,Manipur,Ministry of Road Transport & Highways,Roads & Highways,06/2020,11/2026,11/2026,177.76,177.76,97.93,7.45,2026-06,0.0,0.0,77
1355,Balance work of Widening to 2 Two lane with hard shoulder of Churachandpur to Tuivai section of NH-102B from Design Chainage km 118850 to km 130000 Package- 4A in the State of Manipur on EPC Mode,NHIDCL,618349,Manipur,Ministry of Road Transport & Highways,Roads & Highways,04/2020,08/2026,08/2026,204.12,204.12,0.0,24.66,2026-06,0.0,0.0,76
1356,"Construction of of 2 -Lane with paved shoulders road from Tamenglong-Tousem- Lisang-Mahur Road NH-137 starting near Dialong Village from km 10.000 at Dialong to km 31.430 near Old Tamenglong , near Barak River on EPC Mode Package-2",NHIDCL,618355,Manipur,Ministry of Road Transport & Highways,Roads & Highways,07/2021,03/2023,03/2026,483.87,483.87,372.1,95.28,2026-06,0.0,36.0,20
1357,Construction of 2 -Lane with paved shoulders road from Tamenglong to Mahur in the state of Manipur from km 31.430 at Old Tamenglong to km 43.480 ending near Phelong on EPC Mode Package-3,NHIDCL,618356,Manipur,Ministry of Road Transport & Highways,Roads & Highways,03/2021,12/2022,04/2026,234.08,234.08,201.13,98.5,2026-06,0.0,40.0,21
1358,Construction of 2 -Lane with paved shoulders road from Tamenglong to Mahur NH- 137 in Manipur starting from km 54.180 near Azuram to km 80.630 near Mandeu on EPC Mode Package 5,NHIDCL,618357,Manipur,Ministry of Road Transport & Highways,Roads & Highways,09/2021,05/2023,01/2026,477.86,477.86,330.12,84.87,2026-06,0.0,32.0,20
1359,Construction of 2 -Lane with paved shoulders road from Tamenglong to Mahur NH- 137 starting from km 80.630 near Mandeu to km 96.870 near Jiri River on EPC Mode Package-6,NHIDCL,618358,Manipur,Ministry of Road Transport & Highways,Roads & Highways,09/2021,05/2023,12/2025,311.18,311.18,231.08,87.3,2026-06,0.0,31.0,20
1360,Construction of 2-laning with Hard shoulder of Ukhrul Tolloi - Tadubi section of NH- 102A from Design Chainage km 9450 to km 50850 in the State of Manipur on EPC mode under NHO-NE Package-2,NHIDCL,618387,Manipur,Ministry of Road Transport & Highways,Roads & Highways,03/2023,03/2026,12/2026,578.98,578.98,267.11,80.02,2026-06,0.0,9.0,36
1361,Construction of 2-laning with Hard shoulder road of Ukhrul - Tolloi - Tadubi section of NH-102A from Design Chainage 50.850 km to 81.870 km in the State of Manipur on EPC mode under NHO-TSP Package -3,NHIDCL,618388,Manipur,Ministry of Road Transport & Highways,Roads & Highways,09/2021,01/2025,07/2026,315.56,315.56,251.46,91.11,2026-06,0.0,18.0,40
1362,Construction of 2-laning with Hard shoulder road of Ukhrul - Tolloi - Tadubi section of NH-102A from Design Chainage 81.870 km to 105.825 km in the State of Manipur on EPC mode under NHO-TSP Package -4,NHIDCL,618389,Manipur,Ministry of Road Transport & Highways,Roads & Highways,09/2021,02/2024,08/2026,310.76,310.76,255.6,97.0,2026-06,0.0,30.0,29
1363,"Improvement of existing road to 2 laning with Hard Shoulders of Maram-Peren section Package-1B, length- 17.660 km from Design Chainage 22.340 km to 40.000 km on NH-129A in the State of Manipur on EPC mode",NHIDCL,618415,Manipur,Ministry of Road Transport & Highways,Roads & Highways,02/2021,12/2022,03/2026,188.36,188.36,0.0,100.0,2026-06,0.0,39.0,22
1364,"Improvement of existing road to 2 laning with Hard Shoulders of Maram -Peren section Package-1A, length- 22.340Km from Design Chainage 0.000 km to 22.340 km on NH-129A in the State of Manipur on EPC mode",NHIDCL,618416,Manipur,Ministry of Road Transport & Highways,Roads & Highways,02/2021,12/2022,03/2027,226.32,226.32,189.26,75.08,2026-06,0.0,51.0,22
1365,Rehabilitation and Up-gradation of Nongstoin Wahkaji section of Project Road Km 0000 to Km 43060 to Intermediate Lane with earthern shoulder under SARDP-NE Phase-A in the State of Meghalaya on EPC mode. Job No- SARDP-NE ong-Don- Maw/MG/2020-21/294,MoRTH,617885,Meghalaya,Ministry of Road Transport & Highways,Roads & Highways,08/2020,08/2023,07/2026,302.88,302.88,187.77,99.1,2026-06,0.0,35.0,36
1366,Improvement and Widening two lannig with paved Shoulder of NH 127B from km 31.500 Goeragre to km 63.224 Package-II in state of Meghalaya,MoRTH,618076,Meghalaya,Ministry of Road Transport & Highways,Roads & Highways,12/2023,05/2027,-,504.0,350.67,0.0,2.5,2026-06,-30.4226,,41
1367,Improvement and Widening of National Highway No. 127B Darugiri - Songsak - Williamnagar Junction Section to two lane with paved shoulder from design Km 0000 to Km 36635 Design length 36.635 Km existing Km 112000 to Km 151060 of NH-1278 under Bharatmala Pariyojana Lot-1 Pkg-1B Meghalaya portion,NHIDCL,618294,Meghalaya,Ministry of Road Transport & Highways,Roads & Highways,03/2023,09/2027,09/2027,801.07,801.07,176.12,26.08,2026-06,0.0,0.0,54
1368,Improvement/Widening of New NH-217 Dainadubi-Darugiri section to Two lane with paved shoulder in Meghalaya from design Km 0000 to Km 40840 existing Km 8600 to Km 53000 of Old NH-62 under BMP Lot-1 Pkg-1B Meghalaya portion,NHIDCL,618295,Meghalaya,Ministry of Road Transport & Highways,Roads & Highways,03/2023,03/2027,03/2027,705.83,705.83,0.0,45.52,2026-06,0.0,0.0,48
1369,Improvement/Widening to 2-L with Paved Shoulder/ 4-Laning of NH-40 section from Km 151330 to Km 163400 design Km 63.530 to Km 71.520 including Dawki Bridge of length 368 m between Shillong-Dawki under JICA ODA Loan assistance Phase-II Pkg- 5 -Balance work,NHIDCL,618374,Meghalaya,Ministry of Road Transport & Highways,Roads & Highways,07/2020,11/2026,11/2026,284.21,284.21,170.81,41.92,2026-06,0.0,0.0,76
1370,Improvement/Widening to 2-Lane with Paved Shoulder from design Km 45.760 to Km 63.530 between Shillong-Dawki under JICA ODA Loan assistance Phase-II -Balance work Pkg-4,NHIDCL,618375,Meghalaya,Ministry of Road Transport & Highways,Roads & Highways,07/2020,04/2026,10/2026,445.51,445.51,42.39,53.21,2026-06,0.0,6.0,69
1371,Improvement/Widening to 2-Lane with Paved Shoulder between Shillong-Dawki road up to Bangladesh Border from design Km 10.670 to Km 37.550 under JICA ODA Loan assistance Phase-II -Balance Work-Pkg-2,NHIDCL,618376,Meghalaya,Ministry of Road Transport & Highways,Roads & Highways,07/2020,08/2026,12/2026,525.67,525.67,0.0,51.02,2026-06,0.0,4.0,73
1372,Improvement/Widening to 2-L with Paved Shoulder/4-L from Km 81740 to Km 93490 design Km 0000 to Km 10670 of NH-40 New NH-106 & 206 section & 4-L from design Km 0.00 to Km 0.930 of NH-44 section between Shillong-Dawki under JICA ODA Loan assistance Phase-II -Balance Work Pkg-1,NHIDCL,618377,Meghalaya,Ministry of Road Transport & Highways,Roads & Highways,07/2020,10/2025,06/2026,351.12,351.12,0.0,100.0,2026-06,0.0,8.0,63
1373,Rehabilitation and up gradation of Nongstoin-Rambrai-Kyrshai road up to Meghalaya- Assam border from Km 0.335 to km 34.039 to 2-Lane under NHO - NE in the State of Meghalaya Package-1,NHIDCL,618418,Meghalaya,Ministry of Road Transport & Highways,Roads & Highways,09/2021,05/2024,12/2026,359.86,359.86,299.18,83.02,2026-06,0.0,31.0,32
1374,"Construction of 2-Lane with paved shoulders of Shillong Western Bypass starting from NH-06 near Ladumsaw existing Km 60.900 of old NH40 to NH106 old NH 44E Package-III, from km 24700 to km 38256 under SARDP-NE PHASE A in the state of Meghalaya on EPC Mode Greenfield alignment",NHIDCL,618419,Meghalaya,Ministry of Road Transport & Highways,Roads & Highways,03/2023,09/2026,09/2026,562.48,562.48,254.54,52.0,2026-06,0.0,0.0,42
1375,"Construction of 2 lane with paved shoulder of Shillong Western Bypass starting from NH-06 near Ladumsaw existing km 60.900 of old NH-40 to NH-106 old NH-44E, Package-II km 12800 to km 24700 under SARDP-NE Phase A in the State of Meghalaya on EPC Mode",NHIDCL,618420,Meghalaya,Ministry of Road Transport & Highways,Roads & Highways,03/2023,09/2026,09/2026,686.03,686.03,435.15,49.82,2026-06,0.0,0.0,42
1376,"Construction of 2-Lane with paved shoulder of Shillong Western Bypass starting from NH-06 near Ladumsaw Existing km 60.900 of old NH-40 to NH106 old NH-44E, km 0000 to km 12800 Package-I under SARDP-NE PHASE A in the State of Meghalaya on EPC Mode Greenfield alignment",NHIDCL,618421,Meghalaya,Ministry of Road Transport & Highways,Roads & Highways,03/2023,09/2026,09/2026,620.3,620.3,304.5,73.13,2026-06,0.0,0.0,42
1377,4-Laning of Vairengte - Chhimluang section Package-3 of NH-306 from Existing Chainage km 43000 to Km 59700 Design Chainage km 46000 to km 60850 on Silchar - Vairengte- Sairang road in the State of Mizoram under Bharatmala Pariyojna under NHO-NE. Package-1&2 in Assam state,NHIDCL,618316,Mizoram,Ministry of Road Transport & Highways,Roads & Highways,12/2021,01/2027,12/2026,491.39,491.39,237.85,17.86,2026-06,0.0,-1.0,61
1378,4-Laning of chhimluang-Kolasib from section pkg-4 of NH-306 & NH-6 existing chainage km 59700 to km 86000 design chainage km 61000 to km 77500 on Silchar- vairengte-sairang road in the state of Mizoram under Bharatmala Pariyojna on EPC mode Vairengte - Sairang Pkg-4,NHIDCL,618317,Mizoram,Ministry of Road Transport & Highways,Roads & Highways,12/2021,01/2027,12/2026,561.91,561.91,0.0,17.12,2026-06,0.0,-1.0,61
1379,4-Laning of Kolasib - Sethawn section Package-5 of NH-6 from Existing Chainage km 86000 to km 107850 Design Chainage km 77500 to km 95500 on silchar - vairengte - sairang road under Bharatmala Pariyojna on EPC mode under NHO-NE Vairengte - Sairang Pkg-5,NHIDCL,618318,Mizoram,Ministry of Road Transport & Highways,Roads & Highways,11/2021,07/2027,06/2027,720.4,720.4,247.14,11.86,2026-06,0.0,-1.0,68
1380,"4-Laning of Sethawn - N. Kawnpui section Package-6 of NH-6 from Existing Chainage km 107850 to km 126315 Design Chainage km 95500 to km 111850 on Silchar- Vairengte- Sairang road, Vairengte - Sairang Pkg-6",NHIDCL,618319,Mizoram,Ministry of Road Transport & Highways,Roads & Highways,12/2021,01/2027,12/2026,595.65,595.65,173.14,6.72,2026-06,0.0,-1.0,61
1381,Construction of 4-Laning of N. Kawnpui N. Mualvum Mualkhang via Khamrang Village section Package-7 of NH-6 from Existing Chainage km 127200 to km 142000 Design Chainage km 111850 to km 123400 on Silchar - Vairengte - Sairang road in the State of Mizoram on EPC mode,NHIDCL,618320,Mizoram,Ministry of Road Transport & Highways,Roads & Highways,02/2024,10/2028,-,866.32,866.32,0.0,18.9,2026-06,0.0,,56
1382,Construction of 4-Laning of West Serawlg-Sairang section of NH-6 from Existing Chainage km 142000 to km 158900 Design Chainage km 123400 to km 136260 on Silchar - Vairengte - Sairang road in the State of Mizoram under Bharatmala Pariyojna on EPC mode under NHO-NE Package-8,NHIDCL,618321,Mizoram,Ministry of Road Transport & Highways,Roads & Highways,02/2024,11/2028,-,875.79,875.79,0.0,13.95,2026-06,0.0,,57
1383,Construction of Twin Tube Uni-directional Aizawl Bypass Tunnel of 2.5 km and its approaches of 2.1 km from km 10.600 to km 15.200 on Sarrang - Phaibawk section of NH-6 in the State of Mizoram on EPC Mode under NHO-NE Package-2,NHIDCL,618323,Mizoram,Ministry of Road Transport & Highways,Roads & Highways,01/2024,12/2028,-,1313.28,1313.28,0.0,0.0,2026-06,0.0,,59
1384,Construction of 2-lane Aizawl Bypass from km 15.200 to km 34.500 Package-3 on Sairang - Phaibawk section of NH-6 in the State of Mizoram under Bharatmala Pariyojna on EPC Mode under NHO-NE,NHIDCL,618324,Mizoram,Ministry of Road Transport & Highways,Roads & Highways,02/2023,11/2028,-,720.72,720.72,0.0,15.1,2026-06,0.0,,69
1385,Construction of 2-laning with hard shoulder of Lunglei to Chhumkhum from Design Chainage Km 0.000 to Km 37.420 of NH-302 [Lunglei-Tlabung] Package-A,NHIDCL,618362,Mizoram,Ministry of Road Transport & Highways,Roads & Highways,03/2021,12/2022,11/2026,698.45,698.45,552.89,64.78,2026-06,0.0,47.0,21
1386,Construction of 2-laning with hard shoulder configuration of Chhumkhum to Tlabung from Design Chainage Km 37.420 to Km 74.950 of NH-302 in Mizoram under Bharatmala Pariyojana on EPC mode [Pkg-B],NHIDCL,618363,Mizoram,Ministry of Road Transport & Highways,Roads & Highways,06/2021,01/2023,12/2026,740.58,740.58,494.49,61.34,2026-06,0.0,47.0,19
1387,Widening and Up-gradation to 2- Lane with Paved Shoulder Configuration and geometric improvement from Km. 208. 000 to Km 250.000 Package-5 on Aizawl Tuipang Section of NH-54 in the State of Mizoram Package-5,NHIDCL,618379,Mizoram,Ministry of Road Transport & Highways,Roads & Highways,09/2019,04/2023,06/2026,752.89,752.89,125.64,95.35,2026-06,0.0,38.0,43
1388,Widening and Up-gradation to 2- Lane with Paved Shoulder Configuration and geometric improvement from Km. 125. 000 to Km 166 Package-3 on Aizawl Tuipang Section of NH-54 in the State of Mizoram Package-3,NHIDCL,618380,Mizoram,Ministry of Road Transport & Highways,Roads & Highways,09/2019,04/2023,06/2026,867.09,867.09,159.55,97.51,2026-06,0.0,38.0,43
1389,Widening and up-gradation to 2-lane with paved shoulder configuration and geometric improvements from km 339.00 to km 380.00 Siaha on Aizawl-Tuipang section under JICA ODA Loan assistance Phase-I Package-8,NHIDCL,618383,Mizoram,Ministry of Road Transport & Highways,Roads & Highways,09/2019,09/2023,06/2026,637.06,637.06,101.89,99.82,2026-06,0.0,33.0,48
1390,"2-laning of Zorinpui - Longmasu section of NH-502A from km 0.000 to km 28.244 in the State of Mizoram on EPC mode under NHO-NE, stretch of IMBR",NHIDCL,618452,Mizoram,Ministry of Road Transport & Highways,Roads & Highways,02/2023,12/2026,07/2027,781.85,781.85,48.14,4.71,2026-06,0.0,7.0,46
1391,Up-gradation to 2 lane with paved shoutders of Pawlrang - Rulchawm section- of NH- 102B of Aizawl - Imphal Economic Corridor from Existing Chainage km 72.030 to km 104.129 including 2.459 km re-alignment section from Tuivai River to Rulchawm connecting km 48.150 of NH-6 [Design Chainage km 68.170 to km 98.579] in the State of Mizoram under Bharatmala Pariyojna on EPC mode under NHO-NE Package-3 Ke,NHIDCL,619010,Mizoram,Ministry of Road Transport & Highways,Roads & Highways,12/2021,05/2025,07/2026,500.88,500.88,442.08,99.52,2026-06,0.0,14.0,41
1392,Balance work of widening to two laning/re-alignment and geometric improvement from Km. 11000 to Km. 114618 with rectification of damaged stretches and provision of protection works in vulnerable location of NH-44 in the State of Mizoram.,MoRTH,619321,Mizoram,Ministry of Road Transport & Highways,Roads & Highways,10/2025,05/2028,-,170.96,170.96,0.0,2.0,2026-06,0.0,,31
1440,"Hosur to Dhamrapuri Pkg-1 [Neraluru - Thorapalli Agraharam] (NHAI) (618581) (-) (-) Multi-States (Karnataka, Tamil Nadu) 10/2021 (10/2022) 10/2024 (01/2027) 1757.27 (1828.66) 1459.22 78.7 1441 6L of MH/KN Border Nimbal Village to KN/TS Border Singnodi Village from Km. 162.5 to Km. 203.100 in Raichur of NH-150C Pkg-IV (NHAI) (618631) (-) (-) Multi-States (Karnataka, Telangana) 03/2022 (11/2022) 05/",MoRTH,617886,Nagaland,Ministry of Road Transport & Highways,Roads & Highways,06/2020,06/2026,03/2027,252.2,252.2,0.0,44.46,2026-06,0.0,9.0,72
1458,Widening to Existing single lane /intermediate lane to 2 lane from Km185.00 to Km 220.00 of NH-61 New NH-02 in the state of Nagaland.,MoRTH,618072,Nagaland,Ministry of Road Transport & Highways,Roads & Highways,03/2021,07/2024,03/2026,297.25,297.25,155.15,100.0,2026-06,0.0,20.0,40
1459,"Construction of 2-lane with Paved shoulder of Kohima- Bypass Road Connecting NH- 39New NH-02, NH-150New NH-02, NH-61New NH-29, NH-39New NH-02 from Design Km 32.00 to Design Km 43.454Design Length-11.454 Km in the State of Nagaland under SARDP-NE on EPC Mode Package-IV",NHIDCL,618290,Nagaland,Ministry of Road Transport & Highways,Roads & Highways,07/2020,04/2022,12/2026,202.36,202.36,102.12,46.77,2026-06,0.0,56.0,21
1460,"Construction of 2-lane with Paved shoulder of Kohima-Bypass Road connecting NH- 39 New NH-02, NH150New NH-02, NH7-61 New NH-29 and NH-39 New NH-02 from Design km 21.000 to km 32.268 [Design length11.268 km] in the state of Nagaland Under SARDP-NE on EPC Mode Package- 3",NHIDCL,618291,Nagaland,Ministry of Road Transport & Highways,Roads & Highways,07/2020,06/2025,12/2026,159.85,342.29,123.42,39.54,2026-06,114.132,18.0,59
1461,Construction of 2-Lane with paved shoulder of Kohima-Bypass Road connecting New NH-02 and New NH-29 from Design Km 10.500 to design Km 21.000 [Design Length- 10.500 km] including TUNNEL of 500m at Ch. 11.000 in the state of Nagaland Under SARDP-NE on EPC Mode Package-2,NHIDCL,618292,Nagaland,Ministry of Road Transport & Highways,Roads & Highways,07/2020,10/2022,10/2027,277.44,277.44,198.97,69.76,2026-06,0.0,60.0,27
1462,"Construction of 2-Lane with paved shoulder of Kohima-Bypass Road connecting NH- 39New NH-02, NH-150New NH-02, NH-61New NH-29 and NH-39New NH-02 from design Km 0.00 to Km 10.500 in the State of Nagaland under SARDP-NE on EPC Mode Package-1 -Balance work",NHIDCL,618293,Nagaland,Ministry of Road Transport & Highways,Roads & Highways,07/2020,11/2026,11/2026,232.29,350.88,116.76,27.24,2026-06,51.0526,0.0,76
1463,Balance work of Construction of 2-lane with hard shoulder of Kohima - Jessami road on NH-29 old NH-150 from existing km 98.380 near Chizami vill. to km120.367 Nagaland/Manipur Border [Design km 95.700 to design km 117.200] [Design Length 21.500 km] in the state of Nagaland Under Bharatmala Pariyojna on EPC Mode Package-V under NHO,NHIDCL,618296,Nagaland,Ministry of Road Transport & Highways,Roads & Highways,03/2020,11/2025,07/2026,330.8,330.8,0.0,98.39,2026-06,0.0,8.0,68
1464,Construction of 2-lane with hard shoulder of Kohima - Jessami road on NH-29 Old NH- 150 from existing Km 30.474 Near Kidwema road Chakahabama to existing Km 53.220 Near Kikruma Village Design Km 29.60 to Km 51.50 Design length-21.90 Km in the state of Nagaland Under Bharatmala Pariyojna on EPC Mode under NHO Package-II -Balance work,NHIDCL,618297,Nagaland,Ministry of Road Transport & Highways,Roads & Highways,03/2020,01/2026,12/2026,355.79,355.79,0.0,43.13,2026-06,0.0,11.0,70
1465,4-Laning of Balance work of Dimapur-Kohima Road from design km 152.490 to km 166.700 Existing km 156.000 to km 172.900 Excluding Dimapur & Kohima Bypass under SARDP-NE Package-III,NHIDCL,618328,Nagaland,Ministry of Road Transport & Highways,Roads & Highways,03/2016,09/2025,07/2026,562.98,794.75,535.96,84.32,2026-06,41.1684,10.0,114
1466,"Widening to 2 Lane with Hard shoulder of Akegwo-Avangkhu section of NH-202K for Package-I Design Chainage 0000 Km to 34795 Km, in the State of Nagaland on EPC mode under NH O-NE",NHIDCL,618364,Nagaland,Ministry of Road Transport & Highways,Roads & Highways,12/2022,02/2026,02/2026,430.24,430.24,0.0,87.0,2026-06,0.0,0.0,38
1467,Widening to 2 Lane with Hard shoulder of Akegwo-Avangkhu section of NH-202K for Package-III Design Chainage 69875 Km to 106816 Km in the State of Nagaland on EPC mode under NHO-NE,NHIDCL,618365,Nagaland,Ministry of Road Transport & Highways,Roads & Highways,12/2022,02/2026,02/2026,497.18,497.18,0.0,85.67,2026-06,0.0,0.0,38
1468,Widening to 2 Lane with Hard shoulder of Akegwo-Avangkhu section of NH-202K for Package-II Design Chainage 34795 Km to 69875 Km in the State of Nagaland on EPC mode under NHO-NE,NHIDCL,618366,Nagaland,Ministry of Road Transport & Highways,Roads & Highways,12/2022,02/2026,02/2026,442.54,442.54,0.0,58.5,2026-06,0.0,0.0,38
1469,Construction of 2 laning with Hard shoulder of Peren-Dimapur section on NH 129A from Design Km 146.208 to Km 163.592 Length- 17.384 km in the state of Nagaland on EPC mode under NHO-TSP Package-III,NHIDCL,618413,Nagaland,Ministry of Road Transport & Highways,Roads & Highways,02/2021,06/2025,07/2026,177.77,199.02,0.0,95.62,2026-06,11.9536,13.0,52
1470,Construction of Balance work for 2-lane with hard shoulder of Peren- Dimapur section on NH-129A from Design Km 126.775 to Km 146.208 Length 19.433 Km in the state of Nagaland on EPC mode under NHO-TSP Package-II,NHIDCL,618414,Nagaland,Ministry of Road Transport & Highways,Roads & Highways,01/2021,09/2025,09/2025,258.52,258.52,135.86,96.53,2026-06,0.0,0.0,56
1471,"Construction of 2-lane with hard shoulders of Merangkong-Tamlu-Mon road Wakching Twon portion on EPC basis from existing Chainage Km 59000 to Km 73640 [Design Km. 59000 to Km, 72450] Design length - 13.450 Km under SARDP-NE package-V Balance work",NHIDCL,618422,Nagaland,Ministry of Road Transport & Highways,Roads & Highways,03/2021,09/2025,07/2026,161.73,161.73,101.21,99.75,2026-06,0.0,10.0,54
1472,Construction of 2-Lane with hard shoulders of Merangkong-Tamlu-Mon MTM Road from existing Km 20.456 to Km 41.065 Design Km. 20 to Km. 40.0 Design Length- 20.000 Km in the State of Nagaland under SARDP-NE Phase-A Pkg-2 Balance work,NHIDCL,618423,Nagaland,Ministry of Road Transport & Highways,Roads & Highways,03/2018,08/2025,03/2026,215.79,215.79,173.12,100.0,2026-06,0.0,7.0,89
1473,Construction of 2-Lane with hard shoulders of Merangkong-Tamlu-Mon Road on EPC Basis from existing road Km. 76.640 to Km 98.065 Design chainage Km. 63.800 to Km. 86.835 Design Length-23.035 Km in the state of Nagaland under SARDP-NE PKG-IV Balance work,NHIDCL,619059,Nagaland,Ministry of Road Transport & Highways,Roads & Highways,03/2018,09/2025,12/2026,323.98,323.98,143.39,79.03,2026-06,0.0,15.0,90
1474,New construction of Major Bridge with Approaches from Km 0.000 to 1.200 Madhopur -Badabanta section of NH-20 under NHO in Annual Plan 2022-23 in the State of Odisha,MoRTH,617898,Odisha,Ministry of Road Transport & Highways,Roads & Highways,03/2023,10/2027,10/2027,199.5,199.5,0.32,0.0,2026-06,0.0,0.0,55
1475,Widening and Strengthening to 4LPS/2LPS from km 0.000 to 35.800 Kuakhia - Mangalpur section of NH 20 in the state of Odisha on Annual Plan 2021-22,MoRTH,617899,Odisha,Ministry of Road Transport & Highways,Roads & Highways,03/2022,02/2026,11/2026,636.1,636.1,296.22,56.11,2026-06,0.0,9.0,47
1476,construction or By-pass road on NH-26 for Nabrangpur Town,MoRTH,617902,Odisha,Ministry of Road Transport & Highways,Roads & Highways,03/2023,12/2026,12/2026,168.95,168.95,10.62,35.0,2026-06,0.0,0.0,45
1477,Construction of Bypass road to Balangir town from km 72/400 Desing km 0/0 to km 79/800 Design km 11/670 of NH-26 in the State of Odisha.,MoRTH,617904,Odisha,Ministry of Road Transport & Highways,Roads & Highways,02/2022,10/2025,07/2026,238.78,238.78,6.79,55.0,2026-06,0.0,9.0,44
1478,Construction of 4 lane ROB with approaches in lieu of LC No. RV-172 at km 176.00 of NH-201 present NH-26 at Kesinga including land acquisition in the state of Odisha on EPC mode under Annual Plan 2021-22,MoRTH,617905,Odisha,Ministry of Road Transport & Highways,Roads & Highways,12/2021,05/2025,10/2026,324.09,324.09,88.48,70.09,2026-06,0.0,17.0,41
1479,Widening and Strengthening to 2LPS including LA from km 318.970 to 353.450 Balikuda-Mulkani Section of NH-55 under NHO in Annual Plan 2022-23 in the State of Odisha. Job No. NH-55-OD-2022-23-656,MoRTH,617920,Odisha,Ministry of Road Transport & Highways,Roads & Highways,01/2022,06/2027,06/2027,511.54,511.54,0.0,3.0,2026-06,0.0,0.0,65
1480,Widening and strengthening to 2LPS including LA of Kandarpur-Balikuda from km 277/500 to 318/970 of NH-55 in the State of Odisha under Annual Plan 2021-22.,MoRTH,617921,Odisha,Ministry of Road Transport & Highways,Roads & Highways,03/2022,06/2025,11/2026,499.79,499.79,131.36,60.65,2026-06,0.0,17.0,39
1481,Construction of Jharsuguda Bypass including Land acqusition on NH-49 from km 258.636 to km 283.300 design chainage 258.636 to km 289.876 under NHO in Annual Plan 2022-23 for the state of Odisha Job No.NH-49-OD-2022-23-655,MoRTH,617922,Odisha,Ministry of Road Transport & Highways,Roads & Highways,09/2021,07/2027,07/2027,587.1,587.1,52.51,23.0,2026-06,0.0,0.0,70
1482,Construction of Daspalla Bypass from km 195.250 To 200.635 of NH-57 including land acquisition in the state of Odisha on EPC mode under Annual Plan 2022-23.,MoRTH,617923,Odisha,Ministry of Road Transport & Highways,Roads & Highways,02/2023,05/2027,05/2027,155.97,155.97,50.04,25.0,2026-06,0.0,0.0,51
1483,Construction of Bypass to Khordha town from Km 294/000 to 300/300 on NH-57 including LA in the State of Odisha on EPC mode.,MoRTH,617925,Odisha,Ministry of Road Transport & Highways,Roads & Highways,02/2022,11/2024,07/2026,157.49,157.49,33.67,92.0,2026-06,0.0,20.0,33
1484,Construction of Bypass on NH-59 from Km 336/350 to 349/910 13.56 km near Berhampur town including 4-lane RoB in the state of Odisha.,MoRTH,617930,Odisha,Ministry of Road Transport & Highways,Roads & Highways,03/2021,12/2025,12/2026,196.94,196.94,59.54,70.0,2026-06,0.0,12.0,57
1485,Construction of four lane ROB and its approaches in lieu of existing Level Crossing No. RV-71 at km 435 on NH-217 New NH-353 at Khariar including land acquisition under NHO in Annual Plan 2021-22 for the state of Odisha for F.Y. 2021-22 to F.Y 2033-34,MoRTH,618003,Odisha,Ministry of Road Transport & Highways,Roads & Highways,11/2021,12/2024,07/2026,154.49,154.49,25.17,90.0,2026-06,0.0,19.0,37
1486,"Widening & strengthenlng to 2LPS from km 0,000 to 40.000 Dhaugaon- Podamari section of NH 326 in the State of Odisha under Annual Plan 2021.22.",MoRTH,618012,Odisha,Ministry of Road Transport & Highways,Roads & Highways,03/2022,02/2026,12/2026,186.52,186.52,46.39,60.0,2026-06,0.0,10.0,47
1487,Construction of Dharmagarh Bypass on NH-130C including land acquisition in the state of Odisha on EPC Mode under Annual plan 2022-23.,MoRTH,618079,Odisha,Ministry of Road Transport & Highways,Roads & Highways,03/2023,10/2026,10/2026,172.66,172.66,0.0,15.0,2026-06,0.0,0.0,43
1488,Widening to 2 lane with paved shoulded of Jareikela Jharkhand/Odisha Border - Dhabaleswar section from 0/0 to 36/0 of NH-320D in the State of Odisha under Annual Plan 2021-22.,MoRTH,618122,Odisha,Ministry of Road Transport & Highways,Roads & Highways,03/2022,10/2026,10/2026,172.09,172.09,0.0,32.0,2026-06,0.0,0.0,55
1489,Bhadrak KM 136.500 to Baleshwar KM 199.141,NHAI,618523,Odisha,Ministry of Road Transport & Highways,Roads & Highways,11/2014,09/2021,11/2026,844.67,1394.82,783.79,91.32,2026-06,65.1319,62.0,82
1490,"Construction of 6-lane flyover at Ainthapali junction and a 2-lane ROB LHS on NH-53 Earlier NH-6 in Sambalpur, on EPC mode in Odisha under NHO",NHAI,618591,Odisha,Ministry of Road Transport & Highways,Roads & Highways,03/2024,12/2026,12/2026,374.17,211.74,106.42,50.87,2026-06,-43.4107,0.0,33
1491,"Balance work of 8 nos. of Elephant Underpasses EUPs, 1 no. of Vehicular Underpass VUP, 1 nos. of Light Vehicular Underpass LVUP, 1 nos. of Pedestrian Underpass PUP, 1 nos. of Foot Over Bridge FOB and A2 side approach of Jharpokharia Flyover at Km.215.270 in Baharagora-Singhara section of NH-49",NHAI,618592,Odisha,Ministry of Road Transport & Highways,Roads & Highways,09/2023,05/2026,10/2027,320.64,244.85,54.79,22.85,2026-06,-23.6371,17.0,32
1492,Balance work of Rehabilitation and Upgradation to four laning of Baharagora Singhara section of NH-49 from Km.229.727 to Km.238.990 Length 9.263 Km. including construction of five nos. of Elephant Underpasses EUP and fourteen nos. of Animal Underpasses AUP inside the buffer zone of Similipal Tiger Reserve Area in Bangriposi Ghat section in the State of Odisha on EPC Mode,NHAI,618593,Odisha,Ministry of Road Transport & Highways,Roads & Highways,03/2025,11/2027,11/2027,263.32,163.07,13.82,9.8,2026-06,-38.0715,0.0,32
1493,6L Greenfield Kaliagura Baunsaguar Section of NH-130-CD Road from km 249000 to km 293000 Package OD-5,NHAI,618677,Odisha,Ministry of Road Transport & Highways,Roads & Highways,09/2021,05/2024,11/2026,1539.75,1918.49,998.13,96.8,2026-06,24.5975,30.0,32
1494,6L Greenfield Baunsaguar - Baraja Section of NH-130-CD Road from km 293000 to km 338500 Package OD-6,NHAI,618678,Odisha,Ministry of Road Transport & Highways,Roads & Highways,08/2021,05/2024,07/2026,1265.59,1635.44,969.31,99.4,2026-06,29.2235,26.0,33
1495,6L Greenfield Kandili - Aluru Section of NH-130-CD Road from km 342500 to km 365033 Package-OD-8,NHAI,618680,Odisha,Ministry of Road Transport & Highways,Roads & Highways,12/2021,10/2024,07/2026,1492.74,1912.84,1064.81,99.9,2026-06,28.1429,21.0,34
1496,6L Flyover including RE Wall approaches with Flexible Pavement in the Elephant Corridor of Angul Sambalpur Section of NH-42 New NH-55 Km.202.533,NHAI,618704,Odisha,Ministry of Road Transport & Highways,Roads & Highways,09/2023,01/2027,07/2026,150.86,106.32,106.14,99.99,2026-06,-29.5241,-6.0,40
1497,"4L Godibandha to Ballhar Chhak, Ballhar Chhak to Banarpal & Banarpal to Start of Angul bypass at Km.314.130 to Km.321.035 of NH53, at Km.75.200 to Km.84.000 of NH149 & at Km.84.000 to Km.86.100 of NH55",NHAI,618705,Odisha,Ministry of Road Transport & Highways,Roads & Highways,12/2024,02/2028,02/2028,973.12,973.12,238.15,4.2,2026-06,0.0,0.0,38
1498,Rehabilitation and Up gradation from 4 to 8 laning of Chandikhole Paradip Section of NH-53 Old NH 5A from Km.39.000 to Km.60.00 Package-3,NHAI,618820,Odisha,Ministry of Road Transport & Highways,Roads & Highways,03/2023,12/2025,02/2027,861.84,938.55,390.03,91.8,2026-06,8.9007,14.0,33
1499,Rehabilitation and Up gradation from 4 to 8 laning of Chandikhole Paradip Section of NH-53 Old NH 5A from Km 18.00 to Km 39.00 in the State of Odisha on HAM mode Package-2,NHAI,618821,Odisha,Ministry of Road Transport & Highways,Roads & Highways,03/2023,12/2025,08/2026,920.47,950.4,421.6,91.0,2026-06,3.2516,8.0,33
1500,Rehabilitation and Up gradation from 4 to 8 laning of Chandikhole Paradip Section of NH-53 Old NH 5A from Km.0.00 to Km.18.00Package-1,NHAI,618822,Odisha,Ministry of Road Transport & Highways,Roads & Highways,03/2023,12/2025,08/2026,929.91,869.45,398.91,92.3,2026-06,-6.5017,8.0,33
1501,3L Major Bridge over River Brahmani at Km. 401.250 Duburi - Chandikhole Section of NH-200 New NH -53,NHAI,618908,Odisha,Ministry of Road Transport & Highways,Roads & Highways,04/2022,01/2025,09/2027,153.61,103.68,73.59,38.0,2026-06,-32.5044,32.0,33
1502,6L of Badakumari - Karki Section from Km 179.000 to km 226.500 of NH-130-CD Package OD-3,NHAI,619109,Odisha,Ministry of Road Transport & Highways,Roads & Highways,03/2021,04/2024,07/2026,1101.76,1374.43,713.4,99.7,2026-06,24.7486,27.0,37
1503,Four Laning of Angul to Sambalpur from Km.112.000 to Km.265.000,NHAI,619118,Odisha,Ministry of Road Transport & Highways,Roads & Highways,09/2016,08/2019,07/2026,2510.04,2632.91,2459.45,99.98,2026-06,4.8951,83.0,35
1504,Cuttack-Angul Section of NH-42 New NH-55 from km 0.400 to km 60.200 Pkg-I in the State of Odisha,NHAI,619119,Odisha,Ministry of Road Transport & Highways,Roads & Highways,10/2017,07/2020,09/2026,999.32,1178.31,1128.44,99.0,2026-06,17.9112,74.0,33
1505,4 Laning of Talcher to end of Kamakhyanagar Bypass km 8.844 - km 15.725 of NH- 149 and km 301.875 - km 335.946 of NH-53 Pkg-I,NHAI,619157,Odisha,Ministry of Road Transport & Highways,Roads & Highways,01/2018,08/2021,10/2026,795.18,810.71,713.62,99.0,2026-06,1.953,62.0,43
1506,4 Laning of Duburi Chandikhole from km 388.376 to km 428.074 Pkg-III,NHAI,619158,Odisha,Ministry of Road Transport & Highways,Roads & Highways,01/2018,08/2022,10/2026,789.0,907.61,724.86,86.0,2026-06,15.033,50.0,55
1507,Rehabilitation and Up gradation from 4 to 8 laning of Chandikhole Paradip Section of NH-53 Old NH 5A from Km.60.000 to Km.76.646 Package-4,NHAI,619181,Odisha,Ministry of Road Transport & Highways,Roads & Highways,03/2023,10/2026,10/2027,882.45,1009.92,196.63,33.02,2026-06,14.445,12.0,43
1508,6L of Hatibena - Badakumari Section from Km 146.50 to km 179.00 of NH-130-CD Package OD-2,NHAI,619213,Odisha,Ministry of Road Transport & Highways,Roads & Highways,02/2021,03/2024,07/2026,791.17,1070.63,733.58,99.95,2026-06,35.3224,28.0,37
1509,Cuttack-Angul Section of NH-42 New NH-55 from Km.60.200 to Km. 112.000 Pkg-II in the State of Odisha,NHAI,619215,Odisha,Ministry of Road Transport & Highways,Roads & Highways,10/2017,09/2020,09/2026,991.41,1168.82,1083.76,99.66,2026-06,17.8947,72.0,35
1510,Development to 4-lane with paved shoulder for the road section Talwandi Sabo- Raman road to refinery Road junction with Bathinda Dabwali Road of NH-254 from existing Km 131.600 to Km 155.650 Design Km 131600 to km 155600 in the State of Punjab. Job No NH-254-PB-2022-23-565,MoRTH,618010,Punjab,Ministry of Road Transport & Highways,Roads & Highways,03/2023,11/2026,11/2026,546.67,546.67,0.0,45.0,2026-06,0.0,0.0,44
1511,Work of Widening/upgradation of 2-Lane with paved shoulder of Sri Muktsar Sahib to Malout road from Km 279.400 to Km 307.060 section of NH-354 in the State of Punjab on EPC mode. Job No. NH-354-PB-2021-22-555,MoRTH,618023,Punjab,Ministry of Road Transport & Highways,Roads & Highways,03/2022,04/2025,03/2026,152.58,152.58,0.0,100.0,2026-06,0.0,11.0,37
1512,Up-gradation to two lane with paved shoulder configuration of NH-354 Section Arifkes- Ferozepur-Muktsar-Malaut from Km 201.500 to Km 212.500 & Km 229.690 to Km 269.960 and strengthening of existing pavement from Km 212.500 to Km 229.690 excluding Km 218.500 to 223.690 of NH-354 on EPC Mode in the State of Punjab. Job No. NH-354-PB-2020-21-532,MoRTH,618024,Punjab,Ministry of Road Transport & Highways,Roads & Highways,03/2021,04/2025,09/2026,263.19,263.19,0.0,83.0,2026-06,0.0,17.0,49
1513,Delhi-Amritsar-Katra Expressway Phase-I Pkg-VIII from Junction with Ludhiana- Malerkotla SH-11 near Bhogiwal village to Junction with Ludhiana-Moga road NH-5 near Mullanpur Dakha Km 225770 to km 260860,NHAI,618488,Punjab,Ministry of Road Transport & Highways,Roads & Highways,12/2020,03/2025,12/2026,1895.74,2034.94,1274.51,31.08,2026-06,7.3428,21.0,51
1514,Delhi-Amritsar-Katra Expressway Phase-I Pkg-IX from Junction with Ludhiana-Moga road NH-5 near Mullanpur Dakha to Junction with Jalandhar - Moga road NH-703 near Kang Sahibu village Km 260860 to km 303900,NHAI,618489,Punjab,Ministry of Road Transport & Highways,Roads & Highways,12/2020,07/2024,03/2027,1851.47,2407.14,1934.7,73.35,2026-06,30.0124,32.0,43
1515,Delhi-Amritsar-Katra Expressway Phase-I Pkg-X from Jn. with Jalandhar - Moga road NH-703 to Jn. with Jalandhar-Kapurthala road NH-703A and to Jn. with Kapurthala - Sultanpur Lodhi road NH-703A km 000 to km 24000 to Amritsar connectivity,NHAI,618490,Punjab,Ministry of Road Transport & Highways,Roads & Highways,12/2020,07/2024,07/2026,2177.54,2062.74,1524.23,62.99,2026-06,-5.272,24.0,43
1516,Delhi-Amritsar-Katra Expressway Phase-I Pkg-XI from Junction with Jalandhar - Kapurthala road NH-703A near khojewal village to Junction with Amritsar-Mehta- SriHargobindpur-Tanda road NH-503A near SriHargobindpur Km 319400 to km 362420,NHAI,618491,Punjab,Ministry of Road Transport & Highways,Roads & Highways,03/2021,11/2024,12/2026,2175.35,2206.71,1377.13,43.45,2026-06,1.4416,25.0,44
1517,Delhi-Amritsar-Katra Expressway Phase-I Pkg-XII from Junction with Amritsar-Mehta- SriHargobindpur-Tanda road NH-503A near SriHargobindpur to Junction with Pathankot-Gurdaspur road NH-54 near Gurdaspur Km 362420 to km 397700,NHAI,618492,Punjab,Ministry of Road Transport & Highways,Roads & Highways,03/2021,02/2027,06/2027,1734.18,1538.47,773.53,27.52,2026-06,-11.2854,4.0,71
1518,Delhi-Amritsar-Katra Expressway Phase-I Spur-I from Jn. with Kapurthala - Sultanpur Lodhi Road NH-703A near Isharwal village to Jn. with Kapurthala - Tarn Taran road NH-703AA near Goinwal Sahib [Km 24000 to Km 41000 of Amritsar connectivity],NHAI,618493,Punjab,Ministry of Road Transport & Highways,Roads & Highways,12/2021,04/2026,03/2028,2165.23,1519.6,603.8,33.49,2026-06,-29.8181,23.0,52
1519,Greenfield connectivity from Govindsar village on Delhi Amritsar Katra Expressway to Talwara village on NH-44 Pathankot by-pass,NHAI,618551,Punjab,Ministry of Road Transport & Highways,Roads & Highways,11/2024,07/2027,07/2027,666.81,690.47,215.06,28.5,2026-06,3.5482,0.0,32
1520,Development of 6L Greenfield Jalandhar Bypass starting from Kahlwan NH-03 ending at Kang Sahbu NH-703 via Sarmastpur NH-44 - Madara NH-03 - Khajurla NH-44,NHAI,618552,Punjab,Ministry of Road Transport & Highways,Roads & Highways,03/2021,01/2025,06/2027,1754.84,2167.39,1252.02,54.01,2026-06,23.5093,29.0,46
1521,6L of Jodhpur Romana Bathinda - Mandi Dabwali Punjab Haryana Border section of NH-54 from km. 0.000 to km. 27.400 of NH-54,NHAI,618610,Punjab,Ministry of Road Transport & Highways,Roads & Highways,05/2020,08/2025,07/2026,789.26,1318.91,688.68,99.0,2026-06,67.1072,11.0,63
1522,6L Amritsar-Bathinda Greenfield section from village Tiba on NE-5A to Jn. with Moga Jalandhar road NH-703 near Dharamkot from km 0.000 to km 39.000 of NH-754A Pkg-1,NHAI,618617,Punjab,Ministry of Road Transport & Highways,Roads & Highways,03/2021,11/2024,12/2027,1229.38,1549.32,969.03,71.6,2026-06,26.0245,37.0,44
1523,6L Amritsar-Bathinda Greenfield section from Jn. with Bhagta Bhai Ka-Bhadaur Road near Dyalpura Bhai Ka to Jn. with Mandi Dabwali Bathinda Road on NH-54 near Sangat Kalan from km 93.000 to km 154.866 of NH-754A Pkg-3,NHAI,618618,Punjab,Ministry of Road Transport & Highways,Roads & Highways,03/2021,06/2026,07/2027,2029.17,2677.23,1440.11,72.0,2026-06,31.9372,13.0,63
1524,6L Access Controlled Ludhiana-Bathinda Greenfield highway from Jn. with Amritsar- Bathanda Greenfield Road NH-754A near Rampura Phul to Jn. with Moga-Barnala Road NH-703 near village Tallewal from Km 0.0 to Km 30.3 of NH-754AD Pkg-1,NHAI,618647,Punjab,Ministry of Road Transport & Highways,Roads & Highways,06/2021,09/2025,10/2026,906.51,1020.52,687.75,81.5,2026-06,12.5768,13.0,51
1525,"Development of 6-lane Greenfield Southern Ludhiana Bypass from intersection with NH-44 near Village Rajgarh to intersection with Delhi Katra Expressway NE-5 near Village Ballowal, km 0000 to km 25240",NHAI,618648,Punjab,Ministry of Road Transport & Highways,Roads & Highways,11/2024,03/2028,03/2028,1424.55,1424.55,145.14,3.54,2026-06,0.0,0.0,40
1526,Moga - Bagha Purana - Bajakhana from km. 0.00 to km. 43.32,NHAI,618764,Punjab,Ministry of Road Transport & Highways,Roads & Highways,05/2020,12/2024,12/2026,1032.59,1264.17,787.04,76.0,2026-06,22.4271,24.0,55
1527,4L of Greenfield section from Sirhind to Mohali,NHAI,618776,Punjab,Ministry of Road Transport & Highways,Roads & Highways,03/2022,05/2025,09/2026,1237.65,1301.15,1383.52,96.78,2026-06,5.1307,16.0,38
1528,4/6L Greenfield LudhianaRupnagar highway from Jn. with NE-5 village near to ManewalLudhiana to Jn. with NH-205 near Bheora Village Rupnagar from Km 66.0 to Km 91.0 i/c spur to Kharar from Km 0.0 to Km 19.5 with Ludhiana bypass of NH-205K Pkg-3,NHAI,618785,Punjab,Ministry of Road Transport & Highways,Roads & Highways,07/2021,02/2025,12/2026,1501.02,1815.13,1158.7,79.86,2026-06,20.9264,22.0,43
1529,4L of Phagwara - Hoshiarpur,NHAI,618786,Punjab,Ministry of Road Transport & Highways,Roads & Highways,11/2022,03/2027,07/2027,1196.38,1503.79,535.6,20.03,2026-06,25.695,4.0,52
1530,4L of Fazilka to Abohar section of NH-07 including construction of Greenfield Abohar & Fazilka Bypasses,NHAI,618793,Punjab,Ministry of Road Transport & Highways,Roads & Highways,03/2023,04/2026,07/2027,1409.88,1674.04,881.3,67.0,2026-06,18.7363,15.0,37
1531,Amritsarairport Junction - Ramdas from km. 100.835 to km. 139.813 Pkg - IV,NHAI,618794,Punjab,Ministry of Road Transport & Highways,Roads & Highways,12/2020,09/2023,09/2026,524.88,416.58,394.14,96.0,2026-06,-20.6333,36.0,33
1532,Amritsar Bypass Pkg III from km. 71.496 to km. 105.158,NHAI,618795,Punjab,Ministry of Road Transport & Highways,Roads & Highways,02/2021,08/2024,12/2026,1474.77,1228.42,1222.73,82.3,2026-06,-16.7043,28.0,42
1533,4L of Beas-Mehta-Batala-Dera Baba Nanak from intersection with Jalandhar-Amritsar Highway NH-3 near Beas till start of Batala Bypass near Village Acchhal from Km. 0.000 to Km. 31.300 Pkg-1,NHAI,618809,Punjab,Ministry of Road Transport & Highways,Roads & Highways,08/2021,06/2025,05/2027,809.51,966.99,669.72,67.8,2026-06,19.4537,23.0,46
1534,4L of existing Beas Baba Bakala - Dera Baba Nanak Section from start of Batala Bypass till intersection with Ajnala Gurdaspur Highway NH 354 near Dera Baba Nanak from Km. 31.300 to Km. 69.100 with Additional batala Bypass Pkg-II,NHAI,618810,Punjab,Ministry of Road Transport & Highways,Roads & Highways,10/2021,06/2025,03/2027,1003.38,993.6,792.5,80.7,2026-06,-0.9747,21.0,44
1535,4L of Amritsar-Ghoman - Tanda - Una Section from Km 8.270 to Km 54.000 of NH- 503A Package-I,NHAI,618906,Punjab,Ministry of Road Transport & Highways,Roads & Highways,12/2020,06/2024,03/2027,857.91,1443.47,754.44,68.4,2026-06,68.2542,33.0,42
1536,6L Amritsar-Bathinda Greenfield section from Jn. with Moga Jalandhar road NH-703 near Dharamkot to Jn. with Bhagta Bhai Ka-Bhadaur Road near Dyalpura Bhai Ka from km 39.000 to km 93.000 of NH-754A Pkg-2,NHAI,619099,Punjab,Ministry of Road Transport & Highways,Roads & Highways,03/2021,06/2026,06/2027,1801.37,2172.71,1268.39,64.6,2026-06,20.6143,12.0,63
1537,6L Access Controlled Ludhiana-Bathinda Greenfield highway from Jn. with Moga- Barnala Road NH-703 near village Tallewal to Jn. with Delhi-Katra Expressway NE-5 near Ludhiana village Ballowal from Km 30.300 to Km 75.543 of NH-754AD Pkg-2,NHAI,619105,Punjab,Ministry of Road Transport & Highways,Roads & Highways,07/2021,09/2027,09/2027,1555.13,1564.66,698.87,23.56,2026-06,0.6128,0.0,74
1538,Delhi-Amritsar-Katra Expressway Phase-I Spur-III from Junction with Amritsar- Jalandhar road NH-3 near Bhishambarpura to Junction with Amritsar-Anjala road NH- 354 near Amritsar Airport [Km 71000 to Km 99000 of Amritsar connectivity],NHAI,619200,Punjab,Ministry of Road Transport & Highways,Roads & Highways,03/2021,10/2024,10/2027,1641.75,1951.7,1345.26,33.58,2026-06,18.8792,36.0,43
1539,4/6L Greenfield Ludhiana Rupnagar highway from Jn. with NE-5 village near to ManewalLudhiana to Jn. with NH-205 near Bheora Village Rupnagar from Km. 0.00 to Km. 37.7 including spur to Kharar with Ludhiana bypass of NH-205K Pkg-1,NHAI,619318,Punjab,Ministry of Road Transport & Highways,Roads & Highways,05/2021,12/2024,12/2027,1368.91,1382.48,530.32,15.31,2026-06,0.9913,36.0,43
1540,Beawer Gomti 4LPS from km 58.245 to km 108.600 Pkg-I,MoRTH,617887,Rajasthan,Ministry of Road Transport & Highways,Roads & Highways,12/2020,10/2023,07/2026,379.23,379.23,206.48,100.0,2026-06,0.0,33.0,34
1541,Widening of Pachpadra-Bagundi Section to 4 Lane from Km 73/60 to 95/70 of NH-25 on EPC mode in the state of Rajasthan.,MoRTH,617901,Rajasthan,Ministry of Road Transport & Highways,Roads & Highways,01/2022,12/2024,07/2026,194.88,194.88,55.29,98.58,2026-06,0.0,19.0,35
1542,Construction of 2 lane with paved shoulder for the work of Development of remaining sections of NH-325 Balotra to sanderao via Jalore to 2 lane with paved shoulder configuration by Construction of Byasses for town portions1 Asotra- Brahmdham bypass 2Siwana Bypass 3 Mokalsar Bypass 4 Major realignment at Kathadi 5 Major realignment at Bishangarh 6 Jalore Bypass 7 Ahore Town portion 8 Dujana Bypass ,MoRTH,618011,Rajasthan,Ministry of Road Transport & Highways,Roads & Highways,12/2021,05/2024,10/2026,411.44,411.44,85.69,91.36,2026-06,0.0,29.0,29
1543,Upgradation to Two-lane with paved shoulder of Hanumangarh to Kenchiyan section from Km 0.000existing chainage-Km 23.200 to Km 49.605existing chainage-Km 74.645 of NH-54 in the State of Rajasthan on EPC mode.,MoRTH,618069,Rajasthan,Ministry of Road Transport & Highways,Roads & Highways,03/2022,10/2026,10/2026,334.64,334.64,0.0,70.0,2026-06,0.0,0.0,55
1544,Up-gradation to 2 lane with paved shoulder from Neechli Oden Nathdwara at Design Km 88.800 existing km 55.95 to Bhatewar at Design Km 142.028 existing km 0.00 of NH-162E in the State of Rajasthan on EPC mode.,MoRTH,618092,Rajasthan,Ministry of Road Transport & Highways,Roads & Highways,02/2023,10/2026,10/2026,606.61,606.61,0.0,60.39,2026-06,0.0,0.0,44
1545,Upgradation to 2-Lane with Paved Shoulder from Design Km 36300 to Design Chainage 47918 and from Design Ch 69900 to Design Ch 83940 of NH-248A Natni Ka Bara in the State of Rajasthan on EPC Mode.,MoRTH,618117,Rajasthan,Ministry of Road Transport & Highways,Roads & Highways,02/2024,05/2026,08/2026,154.89,154.89,15.13,23.0,2026-06,0.0,3.0,27
1546,Construction of 2 lane with Paved Shoulder for Northern Bypass Phase-II of Kota city in the State of Rajasthan.,MoRTH,618200,Rajasthan,Ministry of Road Transport & Highways,Roads & Highways,03/2022,04/2025,11/2026,317.74,317.74,6.14,48.9,2026-06,0.0,19.0,37
1547,Balance work of Rehabilitation and Up-gradation to 4-Lane configuration of Ras- Beawar Section Km 00.000 to km 30.050 of NH-158 in the State of Rajasthan under Green National Highway Corridor Project GNHCP.,MoRTH,618235,Rajasthan,Ministry of Road Transport & Highways,Roads & Highways,01/2025,12/2026,12/2026,278.1,278.1,82.5,53.45,2026-06,0.0,0.0,23
1548,Delhi-Vadodara Greenfield Alignment NH-148N Pkg-10 Ch. 292.950 to Ch. 319.400 [End of Interchange on NH-166 near village Mui to Hardeoganj village near Indergarh],NHAI,618457,Rajasthan,Ministry of Road Transport & Highways,Roads & Highways,11/2019,05/2023,08/2026,1272.97,1265.16,1150.12,95.25,2026-06,-0.6135,39.0,42
1549,Delhi-Vadodara Greenfield Alignment NH-148N Pkg-15 Ch. 419.000 to Ch.427.300 [Junction with NH-12 near village Ummedpura to Major bridge over Takli river near Nayagaon Jageer village],NHAI,618458,Rajasthan,Ministry of Road Transport & Highways,Roads & Highways,07/2020,01/2024,07/2026,1854.68,1854.68,1495.49,95.52,2026-06,0.0,30.0,42
1550,Sangariya near Chautala-Rasisar near Bikaner section of NH-754K Phase-I AJ/SR- Package-7,NHAI,618611,Rajasthan,Ministry of Road Transport & Highways,Roads & Highways,02/2019,06/2023,07/2026,520.63,548.42,450.58,100.0,2026-06,5.3378,37.0,52
1551,Deogarh near Dhandhaniya-Rajasthan/Gujarat Border Phase-I AJ/DRGB-Package-6,NHAI,618612,Rajasthan,Ministry of Road Transport & Highways,Roads & Highways,10/2019,08/2023,07/2026,846.59,740.62,704.71,100.0,2026-06,-12.5173,35.0,46
1552,Deogarh near Dhandhaniya-Rajasthan/Gujarat Border Phase-I AJ/DRGB-Package-7,NHAI,618613,Rajasthan,Ministry of Road Transport & Highways,Roads & Highways,10/2019,07/2023,07/2026,662.08,597.77,561.0,99.2,2026-06,-9.7133,36.0,45
1553,6L access controlled Highway from Km 40080 to Km 86513 Mator to Barodameo Section,NHAI,618757,Rajasthan,Ministry of Road Transport & Highways,Roads & Highways,09/2022,03/2026,06/2027,2010.2,1565.88,708.28,37.27,2026-06,-22.1033,15.0,42
1554,6L accesscontrolled highway from km 0000 to km 40080 Paniyala to Mator Section of Paniyala-Barodameo ICR,NHAI,618758,Rajasthan,Ministry of Road Transport & Highways,Roads & Highways,09/2022,09/2026,09/2026,1764.86,1239.24,558.32,41.25,2026-06,-29.7825,0.0,48
1555,Tanot -Ramgarh-Bhadasar-Jaisalmer NH-68 and BhadasarMokal-Sarkaritala up to Pakisthan Border NH-968 Pkg-BM/5,NHAI,618796,Rajasthan,Ministry of Road Transport & Highways,Roads & Highways,02/2018,04/2021,07/2026,828.58,830.37,694.47,100.0,2026-06,0.216,63.0,38
1556,Mayjilar Jaisalmer with Jaisalmer Bypass Link Road Section of NH-11 Part of BM-7 & Sundra Myajilar Ambsingh ki Dhani Road part of Munabao Tanot project NH-70,NHAI,618797,Rajasthan,Ministry of Road Transport & Highways,Roads & Highways,03/2025,12/2027,12/2027,1237.71,927.02,76.97,18.56,2026-06,-25.102,0.0,33
1557,4L of Karwar Km. 281.980 of NH-62 Nagaur road to Dangiyavas of Jodhpur Ring Road Pkg-II,NHAI,618838,Rajasthan,Ministry of Road Transport & Highways,Roads & Highways,11/2021,08/2024,07/2026,736.75,512.77,470.4,100.0,2026-06,-30.4011,23.0,33
1558,Construction of Four lane Elevated Structure at Raniwada Circle in Sanchore City on NH-68,NHAI,618853,Rajasthan,Ministry of Road Transport & Highways,Roads & Highways,01/2024,07/2026,07/2026,353.3,241.34,184.84,86.18,2026-06,-31.6898,0.0,30
1559,Construction of two lane with paved shoulder of Ghatol Bypass from km 133.250 to km 140.950 of NH-56 old NH No. 113 on EPC mode in the State of Rajasthan.,MoRTH,619251,Rajasthan,Ministry of Road Transport & Highways,Roads & Highways,03/2025,09/2027,-,170.49,170.49,0.0,11.0,2026-06,0.0,,30
1560,"Upgradation of 6 laned Jaipur- Kishangarh section of NH-48 from km 274100 to 363885 involving construction of flyovers and Service road in Rajasthan On Engineering, Procurement & Construction EPC Mode",NHAI,619270,Rajasthan,Ministry of Road Transport & Highways,Roads & Highways,03/2026,01/2029,-,910.91,910.91,0.0,0.0,2026-06,0.0,,34
1561,Construction of Elevated Corridor at Kherwara Town on Udaipur Ratanpur Shamlaji Section of NH-48 in Udaipur District in the State of Rajasthan on EPC mode,NHAI,619271,Rajasthan,Ministry of Road Transport & Highways,Roads & Highways,03/2026,01/2029,-,363.89,363.89,0.38,0.0,2026-06,0.0,,34
1562,Construction of two lane with paved shoulder Gangtok Bypass Road from Ranipool to Burtuk Ch 0.00 Km to 23.316 L23.316 Km in the State of Sikkim,MoRTH,618071,Sikkim,Ministry of Road Transport & Highways,Roads & Highways,10/2021,05/2024,12/2026,385.15,342.89,0.0,90.0,2026-06,-10.9723,31.0,31
1563,Construction/Up gradation of Existing road to 2 Lane with Paved Shoulder including Geometric Improvement from Ranipool to Pakyong Balance work from Km 2.000 to 16.167 of NH-717-A on EPC basis under SARDP-NE Phase A in the State of Sikkim,NHIDCL,618426,Sikkim,Ministry of Road Transport & Highways,Roads & Highways,03/2018,07/2024,12/2026,264.84,380.94,0.17,87.03,2026-06,43.8378,29.0,76
1564,Realignment of NH-717A from Design Ch.0.00 Km 77.800 of NH-10 to Design Ch.2.00 Km 3.100 of NH-717A with two lane paved shoulder including Major Bridge of 680 m in the State of Sikkim on EPC Mode-COS work,NHIDCL,618428,Sikkim,Ministry of Road Transport & Highways,Roads & Highways,01/2021,04/2023,05/2026,264.84,380.94,70.7,100.0,2026-06,43.8378,37.0,27
1565,Construction & Upgradation of existing road to 2-lane with paved shoulder from New Rolep Bridge at km 37.600 to Chochenpheri at km 52.00 in the section of Rongli to Chochenpheri of NH 717B Pkg-II C,NHIDCL,618446,Sikkim,Ministry of Road Transport & Highways,Roads & Highways,10/2020,05/2024,09/2026,493.42,478.79,0.03,79.13,2026-06,-2.965,28.0,43
1566,Construction of 2-Laning with Paved Shoulder of New Greenfield Alignment From Helipad near Menla at Km 82000 to Menla at Km 94030 of Rhenock-Menla Spur NH- 717B Package-IIIB on EPC Basis under SARDP-NE Phase 'A' in the State of Sikkim.,NHIDCL,618447,Sikkim,Ministry of Road Transport & Highways,Roads & Highways,01/2021,02/2024,05/2027,410.6,379.3,0.0,82.64,2026-06,-7.623,39.0,37
1567,Construction of 2-Laning with Paved Shoulder of New Greenfield Alignment From Chochenpheri at Km 52000 to Helipad near Menla at Km 82000 of Rhenock-Menla Spur NH-717B Package-IIIA on EPC Basis under SARDP-NE Phase 'A' in the State of Sikkim.,NHIDCL,618448,Sikkim,Ministry of Road Transport & Highways,Roads & Highways,10/2020,12/2023,05/2027,816.79,786.6,32.28,64.31,2026-06,-3.6962,41.0,38
1568,Construction & Upgradation of existing road to 2-lane with paved shoulder from km27.200 End of Rongli bypass to km37.600New Rolep Bridge of Rhenok-Menla spur NH-717B on EPC Mode under SARDP-NE Phase-A in Sikkim Pkg-II B,NHIDCL,618449,Sikkim,Ministry of Road Transport & Highways,Roads & Highways,07/2020,04/2023,09/2026,230.45,244.91,0.0,86.19,2026-06,6.2747,41.0,33
1569,Rehabilitation & Upgradation of existing road to 2-lane with paved shoulder including geometric improvement of section from start of Rabangla km33.600 to km58.840 under SARDP-NE Phase A Pkg- IV,NHIDCL,618450,Sikkim,Ministry of Road Transport & Highways,Roads & Highways,07/2020,05/2022,12/2026,292.8,292.8,1.91,65.15,2026-06,0.0,55.0,22
1570,"Construction of Bypass to Madurai Achambathu Viratipathu in between km 6/850 10/382 of NH 49 Extn New NH 85 including Land Acquisition on Engineering, Procurement & Construction EPC basis Contract under NH O Annual Plan 2021-22 in the state of Tamil Nadu job No.NH-49 Extn New NH 85 - TN-2021-22-997",MoRTH,617962,Tamil Nadu,Ministry of Road Transport & Highways,Roads & Highways,03/2022,08/2026,08/2026,238.97,260.07,126.43,94.0,2026-06,8.8296,0.0,53
1571,Bangalore Chennai Expressway Phase-III Package II Walajahpet to Arakkonam from Km 180.000 to Km 204.500,NHAI,618478,Tamil Nadu,Ministry of Road Transport & Highways,Roads & Highways,01/2021,07/2024,08/2026,1106.65,1106.65,591.91,93.04,2026-06,0.0,25.0,42
1572,Bangalore Chennai Expressway Phase-III Package III Arakkonam to Kancheepuram from Km 204.500 to Km 230.000,NHAI,618479,Tamil Nadu,Ministry of Road Transport & Highways,Roads & Highways,12/2020,07/2024,12/2027,1525.1,1525.1,360.65,53.56,2026-06,0.0,41.0,43
1573,Construction of Trumpet Interchange Connecting Bangalore Chennai Expressway km.261705 to km. 262800 with Maduravoyal to Walajapet Section of NH 48 near Sriperumbudur Toll Plaza at km. 35700,NHAI,618480,Tamil Nadu,Ministry of Road Transport & Highways,Roads & Highways,05/2023,08/2025,10/2026,162.55,162.56,52.47,38.52,2026-06,0.0062,14.0,27
1574,4L Bangalore-Chennai Expressway from Km. 230.000 to Km. 261.705 of Kanchepuram to Sriperumbudur Section Phase-III/Package-IV,NHAI,618481,Tamil Nadu,Ministry of Road Transport & Highways,Roads & Highways,02/2021,07/2024,10/2026,3605.73,3605.73,930.29,89.97,2026-06,0.0,27.0,41
1575,Karaipettai to Walajapet from Km 71.015 to 107.091,NHAI,618521,Tamil Nadu,Ministry of Road Transport & Highways,Roads & Highways,08/2018,02/2021,07/2026,766.51,766.51,613.5,93.55,2026-06,0.0,65.0,30
1576,Balance Works for six laning of Sriperumbudur to karaipettai section of NH-4 New NH- 48 from 37000 Existing Km 37000 to Km 71015 Existing Km 71000 in Tamilnadu on EPC mode underNHDP Phase-V,NHAI,618522,Tamil Nadu,Ministry of Road Transport & Highways,Roads & Highways,06/2024,10/2026,03/2027,411.16,411.16,134.48,36.64,2026-06,0.0,5.0,28
1577,Improving the Alignment of Thoppur Ghat Section from Km 158.500 to Km 165.100 in Dharmapuri - Salem Section of NH-44,NHAI,618561,Tamil Nadu,Ministry of Road Transport & Highways,Roads & Highways,03/2024,03/2028,03/2028,904.99,731.09,209.58,45.13,2026-06,-19.2157,0.0,48
1578,4L of Madurai Ring Road Phase 1 [Vadipatti-Thamrapatti] from km 0.00 - km 29.960,NHAI,618563,Tamil Nadu,Ministry of Road Transport & Highways,Roads & Highways,12/2018,03/2022,07/2026,900.05,900.05,903.4,99.25,2026-06,0.0,52.0,39
1579,4L of left-over works including additional structures from Kerala/Tamil Nadu border to Kanyakumari Section from Km 43.0 to Km 96.174 of NH66,NHAI,618608,Tamil Nadu,Ministry of Road Transport & Highways,Roads & Highways,11/2022,08/2025,11/2026,1564.23,1263.42,961.9,80.68,2026-06,-19.2305,15.0,33
1580,6L of Pondavakkam to Kannigaipair from km 96.040 to km 116.100 of NH 716B Pkg- IV,NHAI,618635,Tamil Nadu,Ministry of Road Transport & Highways,Roads & Highways,02/2021,01/2025,12/2027,1359.81,1359.81,409.22,40.88,2026-06,0.0,35.0,47
1581,4L of Thirumangalam to Vadugapatti section from km 0.000 to km 36.000 of NH-744,NHAI,618744,Tamil Nadu,Ministry of Road Transport & Highways,Roads & Highways,03/2022,02/2025,07/2026,1076.97,791.6,679.49,95.51,2026-06,-26.4975,17.0,35
1582,Melur - Pilayarpatti - Karaikudi from km 99.920 of NH 38 to km 12.9 of NH 383 Ext.,NHAI,618756,Tamil Nadu,Ministry of Road Transport & Highways,Roads & Highways,12/2018,03/2022,07/2026,1103.86,1085.41,956.43,97.32,2026-06,-1.6714,52.0,39
1583,Construction of New Double Tier 4L Elevated Corridor from Chennai Port to Maduravoyal in Chennai District from km -0.342 to Km 20.593 and Package II from Km 4.604 to Km 9.700,NHAI,618800,Tamil Nadu,Ministry of Road Transport & Highways,Roads & Highways,03/2023,05/2026,03/2029,1616.97,1616.97,239.48,18.13,2026-06,0.0,34.0,38
1584,Construction of New Double Tier 4-lane Elevated Corridor from Chennai Port to Maduravoyal in Chennai District from Km -0342 to Km 20223 Package 1 from Km - 0342 to Km 4604,NHAI,618801,Tamil Nadu,Ministry of Road Transport & Highways,Roads & Highways,03/2023,05/2026,03/2029,1388.59,1388.59,268.23,22.8,2026-06,0.0,34.0,38
1585,Poondiyankuppam Km.67.000 to Sattanathapuram Km.123.800,NHAI,618846,Tamil Nadu,Ministry of Road Transport & Highways,Roads & Highways,03/2018,01/2024,09/2026,2565.63,2319.35,1207.03,99.8,2026-06,-9.5992,32.0,70
1586,4L of Madathukulam - Pollachi from km. 74.38 to km. 116.95 of old NH-209 New NH- 83,NHAI,618894,Tamil Nadu,Ministry of Road Transport & Highways,Roads & Highways,01/2019,12/2022,07/2026,1772.13,1772.13,1061.26,95.52,2026-06,0.0,43.0,47
1587,Kamalapuram to Oddanchatram from km. 0.00 to km. 35.822,NHAI,618895,Tamil Nadu,Ministry of Road Transport & Highways,Roads & Highways,01/2019,01/2023,08/2026,1319.42,1319.42,649.69,92.49,2026-06,0.0,43.0,48
1588,Balance Works for Four laning of Vikravandi to Sethiyathope section from Km 0.0 to Km 65.96 of NH-45C in Tamil Nadu under NHDP Phase-IV on EPC mode,NHAI,618898,Tamil Nadu,Ministry of Road Transport & Highways,Roads & Highways,01/2025,06/2027,06/2027,1163.17,834.46,235.05,33.64,2026-06,-28.2598,0.0,29
1589,Kallagam km.38.700 to Meensurutti Km.98.433 of NH-227 in Tamil Nadu,NHAI,618899,Tamil Nadu,Ministry of Road Transport & Highways,Roads & Highways,02/2018,04/2021,07/2026,1499.12,1499.12,1111.8,100.0,2026-06,0.0,63.0,38
1590,Construction of New Double Tier 4L Elevated Corridor from Chennai Port to Maduravoyal in Chennai District from km -0.342 to Km 20.593 and Package IV from Km 14.185 to Km 20.593,NHAI,619045,Tamil Nadu,Ministry of Road Transport & Highways,Roads & Highways,03/2023,05/2026,03/2029,1205.4,1210.21,86.0,8.58,2026-06,0.399,34.0,38
1591,6-laning of Krishnagiri Km.0.000 to Walajahpet Km.148.300 section on NH-46 under NHDP-V,NHAI,619074,Tamil Nadu,Ministry of Road Transport & Highways,Roads & Highways,12/2009,12/2013,07/2026,1673.17,781.74,701.37,99.99,2026-06,-53.2779,151.0,48
1592,Chengapalli km 102.035 to Neelambur Km144.680 and Madukkarai Km 170.880 to Walayar K183.010 Package No. NS-2/BOT/TN-08,NHAI,619086,Tamil Nadu,Ministry of Road Transport & Highways,Roads & Highways,10/2009,03/2013,10/2026,852.0,285.55,6.93,100.0,2026-06,-66.4847,163.0,41
1593,Thorapalli - Agraharam - Jittandahalli Section from km 23.350 to km 60.100 [Hosur to Dhamrapuri Pkg-2],NHAI,619094,Tamil Nadu,Ministry of Road Transport & Highways,Roads & Highways,02/2019,12/2023,12/2026,1243.57,1272.11,827.88,77.57,2026-06,2.295,36.0,58
1594,4L of Padalur - Trichy section from km. 285.00 to km. 325.00 of NH - 45 Pkg VI-C,NHAI,619113,Tamil Nadu,Ministry of Road Transport & Highways,Roads & Highways,12/2005,05/2009,02/2026,555.8,235.8,235.51,100.0,2026-06,-57.5747,201.0,41
1595,Mahabalipuram - Pondicherry Pkg-I [Mamallapuram to Mugaiyur],NHAI,619129,Tamil Nadu,Ministry of Road Transport & Highways,Roads & Highways,02/2019,05/2024,01/2027,1360.54,1477.94,897.36,58.65,2026-06,8.6289,32.0,63
1596,Mahabalipuram - Pondicherry Pkg-II [Mugaiyur to Marakkanam],NHAI,619130,Tamil Nadu,Ministry of Road Transport & Highways,Roads & Highways,02/2019,12/2025,03/2027,1116.13,1463.75,771.85,53.41,2026-06,31.1451,15.0,82
1597,Four Laning of Chettikulam to Natham section of NH-785,NHAI,619131,Tamil Nadu,Ministry of Road Transport & Highways,Roads & Highways,03/2018,11/2020,06/2026,837.61,823.93,641.93,99.75,2026-06,-1.6332,67.0,32
1598,Construction of New Double Tier 4L Elevated Corridor from Chennai Port to Maduravoyal in Chennai District from km -0.342 to Km 20.593 and Package III from Km 9.700 to Km 14.185,NHAI,619139,Tamil Nadu,Ministry of Road Transport & Highways,Roads & Highways,03/2023,05/2026,03/2029,1299.36,1299.36,189.12,17.24,2026-06,0.0,34.0,38
1599,4 Laning of Paramakudi to Ramanathapuram Section of NH-87 Old NH-49,NHAI,619156,Tamil Nadu,Ministry of Road Transport & Highways,Roads & Highways,07/2025,05/2028,06/2028,1853.16,1853.16,159.26,0.0,2026-06,0.0,1.0,34
1600,Access Controlled Highway of 4 Lane with Paved Shoulders from Tiruvallur Design Chainage Km 1756 to TN/AP Broder Design Chainage Km 6151 of NH-716 Chennai- Tirupati Package-1,NHAI,619161,Tamil Nadu,Ministry of Road Transport & Highways,Roads & Highways,03/2024,12/2026,03/2027,1376.1,1247.7,180.68,40.8,2026-06,-9.3307,3.0,33
1601,"Balance works of four lane from km 43.950 Thiruvallur Bypass to km 61.470 Veppampattu Bypass passing through Thannerkulam, Thozur and Sevapet Bypass 17.520 kms of Tirupathi- Tiruttani- Chennai section of NH 205",NHAI,619222,Tamil Nadu,Ministry of Road Transport & Highways,Roads & Highways,03/2022,09/2024,07/2026,467.99,699.68,594.43,97.92,2026-06,49.5075,22.0,30
1602,6-laning of km 9.900 to km 19/948 Aramgarh to Shamshabad Section of Hyderabad- Bangalore section of NH-44 Under NHO EPC basis in the state of Telangana,MoRTH,617913,Telangana,Ministry of Road Transport & Highways,Roads & Highways,01/2018,05/2020,06/2026,283.15,300.7,480.41,92.62,2026-06,6.1981,73.0,28
1603,Widening to two/four lane with paved shoulder from Km.180.600 to Km.223.000 of NH-63 on Nizamabad-Jagadalpur road on EPC mode under NHO in the state of Telangana.,MoRTH,617936,Telangana,Ministry of Road Transport & Highways,Roads & Highways,10/2016,03/2019,-,253.99,183.26,0.0,100.0,2026-06,-27.8476,,29
1604,6-Laning of Pune-Hyderabad Section of NH-65 from Km 493/0 to Km 524/0 from Sangareddy X Roads to Madinaguda in the State of Telangana,MoRTH,617939,Telangana,Ministry of Road Transport & Highways,Roads & Highways,03/2023,07/2026,08/2026,1297.75,1297.75,0.0,44.73,2026-06,0.0,1.0,40
1605,"Rehabilitation and Upgradation of LB-Nagar to Malkapur section to 6-Lane main carriageway with service roads, drains cum footpath, including VUPs and widening of Minor bridge & road safety provisions from Km. 15/00 to Km 40/00 of NH-65 Old NH-9 under NH O for the year 2020-21 in the state of Telangana on EPC Mode.",MoRTH,617940,Telangana,Ministry of Road Transport & Highways,Roads & Highways,03/2021,07/2024,07/2026,545.11,545.11,290.36,82.28,2026-06,0.0,24.0,40
1606,Construction of six lane elevated corridor from km 7.950 Uppal to km 14.200 of NH- 163 to De-Congest the urban limits of Hyderabad-Bhoopalapatnam section on EPC mode in the state of Telangana,MoRTH,617980,Telangana,Ministry of Road Transport & Highways,Roads & Highways,03/2018,07/2020,10/2026,626.76,626.76,19.3,53.01,2026-06,0.0,75.0,28
1607,Widening & Strengthening of Existing 2LPS to 4 lane PS from Km 150000 to Km 159000 and Km 165400 to Km 186000 of NH-163 old NH-202 under NH O for the year 2020-21 on EPC Mode in the state of Telangana.,MoRTH,617983,Telangana,Ministry of Road Transport & Highways,Roads & Highways,03/2021,07/2024,07/2026,317.19,300.56,190.76,90.0,2026-06,-5.2429,24.0,40
1608,Rehabilitation and upgradation of NH-167 from design km 113.900 to 154.479 Mallepally Haliya section to two lane with paved shoulders on EPC mode in the stte of Telangana,MoRTH,617994,Telangana,Ministry of Road Transport & Highways,Roads & Highways,02/2018,11/2019,12/2025,294.13,257.61,244.16,88.22,2026-06,-12.4163,73.0,21
1609,Widening to Two Lane with Paved Shoulders from Km 67.000 to Km 114.425 of Kalwakurthy- Mallapally Section of NH 167 Erstwhile section of SH 18 in the State of Telangana on EPC mode under NH O Annual Plan 2016-17,MoRTH,617995,Telangana,Ministry of Road Transport & Highways,Roads & Highways,01/2017,05/2019,12/2026,300.0,300.0,175.12,99.2,2026-06,0.0,91.0,28
1610,"Construction of 4-lane flyover at Amberpet-X road, Hyderabad on NH-202 in the State of Telangana",MoRTH,618001,Telangana,Ministry of Road Transport & Highways,Roads & Highways,05/2018,06/2023,06/2026,216.53,265.88,172.02,92.1,2026-06,22.7913,36.0,61
1611,Rehabiitation and upgradation from km 121/000 to 154/000 Nakrekal to Mallampally section of NH-365 to 2 lane with paved shoulders in the state of Telangana in the EPC mode,MoRTH,618025,Telangana,Ministry of Road Transport & Highways,Roads & Highways,03/2018,12/2019,09/2026,192.67,192.67,141.82,96.0,2026-06,0.0,81.0,21
1612,Widening to two lane with paved shoulders from Km 0/000 to Km 45/946 of Nizampet- Narayankhed-bidar section of NH-161B in the state of Telangana under Annual Plan 2021-22 on EPC mode under NHO,MoRTH,618091,Telangana,Ministry of Road Transport & Highways,Roads & Highways,03/2022,02/2026,03/2027,512.98,512.98,151.45,46.0,2026-06,0.0,13.0,47
1613,Widening to two lane with paved shoulders from Km 0/000 to Km 79/300 of Kalwakurthy - Kollapur section of NH-167K in the state of Telangana under annual plan 2021-22 on EPC mode under NHO.,MoRTH,618104,Telangana,Ministry of Road Transport & Highways,Roads & Highways,03/2022,07/2025,07/2026,886.69,886.69,620.25,86.74,2026-06,0.0,12.0,40
1614,Widening and strengthening to 4 lane / 2-lane with paved shoulders of Mahabubnagar - Chincholi section from km 60/255 to Km 102/834 of NH-167N in the State of Telangana on EPC mode.,MoRTH,618105,Telangana,Ministry of Road Transport & Highways,Roads & Highways,03/2022,10/2025,11/2026,631.49,631.49,125.34,30.8,2026-06,0.0,13.0,43
1615,Widening and Strengthening to 2/4 lane with paved shoulders of Mahabubnagar Chincholi section from Km 0/0 to Km 60/255 of NH-167N in the state of Telangana under Annual plan 2021-22 on EPC modepackage-I under NHO Job No.167N-TS- 2021-22-75,MoRTH,618106,Telangana,Ministry of Road Transport & Highways,Roads & Highways,01/2022,01/2025,05/2026,703.68,703.68,304.65,90.69,2026-06,0.0,16.0,36
1616,Widening to 2 lane with paved shoulders from 0.00 to 32.970 ofAdilabadto Bela section of NH 353B in the State of Telangana,MoRTH,618130,Telangana,Ministry of Road Transport & Highways,Roads & Highways,10/2022,05/2026,11/2026,490.92,490.92,0.0,77.79,2026-06,0.0,6.0,43
1617,Widening to two/four lane with paved shoulders from Km.34.250 to Km.71.830 of NH- 365A on Kodad-Khammam-Kurvi road.,MoRTH,618140,Telangana,Ministry of Road Transport & Highways,Roads & Highways,10/2022,01/2027,01/2027,445.76,445.76,18.32,9.39,2026-06,0.0,0.0,51
1618,Widening and Improvement of existing carriage way to 2 lane with paved shoulders from Km. 86/160 to 131/730 of Jangaon-Duddeda section of NH-365B in the State of Telangana on EPC Mode,MoRTH,618141,Telangana,Ministry of Road Transport & Highways,Roads & Highways,01/2022,12/2024,12/2026,423.48,423.48,184.83,77.77,2026-06,0.0,24.0,35
1619,Widening to Two lane with paved shoulders from 106/830 to 158/496 of Yellareddy- Rudrur Section of NH-765D in the state of Telangana on EPC mode under NHO under Annual plan 2022-23,MoRTH,618182,Telangana,Ministry of Road Transport & Highways,Roads & Highways,10/2022,07/2026,07/2026,499.88,499.88,197.25,66.68,2026-06,0.0,0.0,45
1620,Widening to 2 lane with paved shoulders from Km 62/920 to km 106/830 of Medak - Yellareddy section in the State of Telangana under Annual Plan 2022-23 on EPC mode under NHO,MoRTH,618183,Telangana,Ministry of Road Transport & Highways,Roads & Highways,10/2022,08/2026,08/2026,399.01,399.01,0.0,69.6,2026-06,0.0,0.0,46
1621,"Rehabilitation and Up-gradation of Valigonda to Thorrur Section to Two Lane with Paved Shoulders from Km 39.180 to Km 108.300 of NH-930P in the State of Telangana on Engineering, Procurement and Construction EPC Basis",MoRTH,618186,Telangana,Ministry of Road Transport & Highways,Roads & Highways,01/2022,12/2024,09/2026,549.28,549.28,325.77,94.68,2026-06,0.0,21.0,35
1622,Widening to two lane with paved shoulders of 'Bodhan Basar Bhainsa ' section from Km 38/900 to 95/300 of NH-161BB in the state of Telangana under Annual Plan 2021- 22 on EPC Mode under NH O.,MoRTH,618190,Telangana,Ministry of Road Transport & Highways,Roads & Highways,03/2022,03/2025,07/2026,644.45,644.45,403.3,98.6,2026-06,0.0,16.0,36
1623,Widening to 2 lane with Paved Shoulders of Siddipet-Elkathurthy section from Km 69/978 to km 133/619 of NH-765DG in the State of Telangana under Annual plan 2021-22 on EPC mode,MoRTH,618196,Telangana,Ministry of Road Transport & Highways,Roads & Highways,01/2022,09/2024,12/2026,578.85,578.85,0.0,85.0,2026-06,0.0,27.0,32
1624,Widening to 2 lane with Paved Shoulders of Medak - Siddipet section from Km 0/0 to km 69/978 of NH-765DG in the State of Telangana under Annual plan 2021-22 on EPC mode,MoRTH,618197,Telangana,Ministry of Road Transport & Highways,Roads & Highways,01/2022,01/2025,12/2026,882.18,882.18,383.75,74.06,2026-06,0.0,23.0,36
1625,Improvement of Geometrics of Kalkallu to Gundla Pochanpalli from Km 454.00 to Km 471.00 of NH-44,NHAI,618558,Telangana,Ministry of Road Transport & Highways,Roads & Highways,03/2022,01/2025,03/2027,955.49,903.17,454.5,36.5,2026-06,-5.4757,26.0,34
1626,6L of existing 4L from Gundlapochampally to Bowenpally from km 471.300 to km 481.331 of NH-44,NHAI,618559,Telangana,Ministry of Road Transport & Highways,Roads & Highways,12/2021,07/2024,12/2026,521.53,528.21,257.31,50.5,2026-06,1.2808,29.0,31
1627,Improvement of Geometrics of Thondupally to Kothur from Km 22.300 to Km 34.14 of NH-44,NHAI,618560,Telangana,Ministry of Road Transport & Highways,Roads & Highways,03/2022,09/2024,09/2026,541.58,527.43,74.01,17.05,2026-06,-2.6127,24.0,30
1628,Khammam-Devarapalle Pkg I [4L Access Controlled Greenfield from Thallampadu village to Somavaram village Design Chainage 0000 to 33604],NHAI,618746,Telangana,Ministry of Road Transport & Highways,Roads & Highways,01/2021,10/2024,10/2026,797.36,1337.18,684.51,96.4,2026-06,67.7009,24.0,45
1629,4L of Karimnagar-Warangal section from km 49.500 to km 117.820 of NH-563,NHAI,618765,Telangana,Ministry of Road Transport & Highways,Roads & Highways,03/2022,07/2025,08/2026,2146.86,2486.51,1268.13,92.4,2026-06,15.8208,13.0,40
1630,4L Access Controlled Greenfield Highway Section Mancherial Warangal from Pangidipalle village at Design Ch. 72.350 Km to Oorugonda village at Design Ch. 112.240 KmPackage-III,NHAI,618811,Telangana,Ministry of Road Transport & Highways,Roads & Highways,03/2023,10/2027,01/2028,1183.71,1170.64,163.15,5.0,2026-06,-1.1042,3.0,55
1631,4L Access Controlled Greenfield Section Mancherial Warangal from Puttapaka village at Design Ch. 35.300 Km to Pangidipalle village at Design Ch. 72.350 KmPackage-II,NHAI,618812,Telangana,Ministry of Road Transport & Highways,Roads & Highways,01/2023,06/2027,12/2027,1129.33,1145.41,209.45,8.05,2026-06,1.4239,6.0,53
1632,4L Access Controlled Greenfield Section Mancherial Warangal from Narva village at Design Ch. 3.834 Km to Puttapaka village at Design Ch. 35.300 Km Package-I,NHAI,618813,Telangana,Ministry of Road Transport & Highways,Roads & Highways,03/2023,12/2026,10/2027,1127.9,1104.27,160.54,10.23,2026-06,-2.095,10.0,45
1633,4L Access Controlled Greenfield Highway section on NH163G Warangal-Khammam from Oorugonda village in Hanamkonda District at Design Ch. 112.240 Km to Venkatpur village in Warangal District at Design Ch. 150.240 KmPackage-I,NHAI,618814,Telangana,Ministry of Road Transport & Highways,Roads & Highways,03/2023,06/2027,05/2028,1142.6,1140.82,147.2,0.0,2026-06,-0.1558,11.0,51
1634,4L Access Controlled Greenfield Highway section on NH-163G Warangal-Khammam from Venkatpur village in Warangal District at Design Ch. 150.240 Km to Thallasenkesa village in Mahabubabed District at Design Ch. 189.650 kmPackage-II,NHAI,618815,Telangana,Ministry of Road Transport & Highways,Roads & Highways,03/2023,04/2026,03/2027,1092.88,1083.11,377.96,74.43,2026-06,-0.894,11.0,37
1635,4L Access Controlled Greenfield Highway section on NH-163G Warangal-Khammam from Thallasenkesa village at Design Ch. 189.650 km to V.Vekatayapalem village in Khammam District at Design Ch. 220.480 KmPackage-III,NHAI,618816,Telangana,Ministry of Road Transport & Highways,Roads & Highways,03/2023,07/2027,07/2027,1105.25,1098.05,168.17,10.06,2026-06,-0.6514,0.0,52
1636,4L Access Controlled Greenfield Highway section on NH-163G Khammam Vijayawada from V. Venkatayapalem village at Design Ch. 220.480 Km to BrahmanapalliK village at Design Ch. 250.400 Km Package-I.,NHAI,618817,Telangana,Ministry of Road Transport & Highways,Roads & Highways,03/2023,03/2027,06/2027,973.45,1021.96,270.95,44.0,2026-06,4.9833,3.0,48
1637,Hyderabad - Maneguda,NHAI,618944,Telangana,Ministry of Road Transport & Highways,Roads & Highways,10/2021,11/2026,05/2027,958.86,1218.49,408.06,21.84,2026-06,27.0769,6.0,61
1638,4L of Kodad Design Km 0.00/Existing Km 185.00 of NH-65 to Khammam Design Km 31.800/Existing Km 29.400 of NH-365A,NHAI,618945,Telangana,Ministry of Road Transport & Highways,Roads & Highways,01/2021,05/2024,07/2026,1149.17,1606.99,871.58,99.98,2026-06,39.8392,26.0,40
1639,Upgradation to Two Lane with Paved Shoulders from Km 0.000 to Km 41.920 Green Field Alignment of Gowrelly to Valigonda Section of NH-930P in the State of Telangana on EPC Mode under Annual Plan 2022-23,MoRTH,619009,Telangana,Ministry of Road Transport & Highways,Roads & Highways,11/2022,04/2028,03/2028,690.33,690.33,0.0,0.0,2026-06,0.0,-1.0,65
1640,Khammam-Devarapalle Pkg II [4L Access Controlled Greenfield from Somavaram village to Chintagudem village Design Chainage 33604 to 63117],NHAI,619128,Telangana,Ministry of Road Transport & Highways,Roads & Highways,01/2021,09/2024,07/2026,615.78,981.64,524.03,98.02,2026-06,59.4141,22.0,44
1641,Thanamcherla-Jamandlapally 2LPS,NHAI,619165,Telangana,Ministry of Road Transport & Highways,Roads & Highways,11/2013,02/2023,07/2026,177.18,18.65,8.3,100.0,2026-06,-89.474,41.0,111
1642,Rehabilitation and upgradation of NH-221 from km 121/0 to 165/0 Rudrampur to Bhadrachalam section to two lane with paved shoulder under NHDPIV in the state of Telangana through EPC mode,MoRTH,619193,Telangana,Ministry of Road Transport & Highways,Roads & Highways,01/2015,02/2017,07/2026,295.47,334.82,375.14,82.76,2026-06,13.3178,113.0,25
1643,Construction of 4 lane Bypass to Nalgonda Town lrorn Km 000 Existing Ch. 181590 to Km 14.00 Existing Ch. 28/685 ol Nakrekal to Nagarjunsagar Section of NH -565 in the State of Telangara on EPC under Annual Plan 2024 -25,MoRTH,619253,Telangana,Ministry of Road Transport & Highways,Roads & Highways,10/2024,10/2027,10/2027,516.17,516.17,0.0,49.34,2026-06,0.0,0.0,36
1644,Rehabilitation and up-gradation of road from km 16.077 to km 43.935 total length 27.858 km of Lalchara-Kanchanpur section via Shivbari on NH-44A to 2 lane with paved shoulder in the state of Tripura on EPC Mode Pkg-2 under BharatMala Pariyojana Manu-Simlung -2,NHIDCL,618307,Tripura,Ministry of Road Transport & Highways,Roads & Highways,02/2022,01/2025,01/2026,456.88,456.88,0.0,54.56,2026-06,0.0,12.0,35
1645,Improvement & widening of existing NH-08 to 4-lane with Paved Shoulder from Champak Nagar to Khayerpur section design Km 242500 to Km 261610 in the state of Tripura on EPC basis under NHO-NE,NHIDCL,618350,Tripura,Ministry of Road Transport & Highways,Roads & Highways,12/2023,09/2026,03/2027,920.66,920.66,0.0,48.3,2026-06,0.0,6.0,33
1646,Improvement and Widening to 2-lane with paved shoulder of road from design Km 72.000 Pati Chhari to design Km 107.654 Harina Total length 35.654 Km on Teliamura to Harina section of NH 208 in the state of Tripura on EPC mode under JICA ODA Loan Phase VI Package-4,NHIDCL,618367,Tripura,Ministry of Road Transport & Highways,Roads & Highways,01/2024,12/2026,06/2027,726.9,726.9,259.36,9.33,2026-06,0.0,6.0,35
1647,Improvement and Widening to 2-lane with paved shoulder of road from design Km 36.000 Rangamati to design Km 72.000 Pati Chhari Total length 36.000 Km on Teliamura to Harina section of NH 208 in the state of Tripura on EPC mode under JICA ODA Loan Phase VI Package-3,NHIDCL,618368,Tripura,Ministry of Road Transport & Highways,Roads & Highways,01/2024,09/2026,05/2027,670.9,670.9,0.0,14.5,2026-06,0.0,8.0,32
1648,Improvement and Widening to 2-lane with paved shoulder of road from existing Km 438.170 Khowai Chowmuhani to existing Km 439.410 South Pulinpur of NH-08 and from design Km 0.000 South Pulinpur to design Km 36.00 near Rangamati of NH 208 on Khowai Teliamura- Harina section Total length 37.24 in the state of Tripura on EPC mode under JICA ODA Loan Phase VI Package-2,NHIDCL,618369,Tripura,Ministry of Road Transport & Highways,Roads & Highways,01/2024,09/2026,03/2027,657.21,657.21,0.0,60.5,2026-06,0.0,6.0,32
1649,Improvement and Widening to 2-lane with paved shoulder of road from Km 101.300 to km 127.319 Total Length 26.019 Km i.e. the Khowai Teliamura-Amarpur-Harina- Sabroom section of NH 208 in the state of Tripura on EPC under JICA ODA Loan Phase VI Package-1,NHIDCL,618370,Tripura,Ministry of Road Transport & Highways,Roads & Highways,01/2024,07/2026,04/2027,431.78,431.78,0.0,63.15,2026-06,0.0,9.0,30
1650,Rehabilitation and up-gradation of road from design km 25.250 to km 36.460 Total lengh 11.210 km of Kailashahar-Kurti Bridge section on NH-208A to 2-lane with paved shoulder on EPC basis under NHO Package-III- Balance Work,NHIDCL,618385,Tripura,Ministry of Road Transport & Highways,Roads & Highways,02/2020,03/2026,03/2026,174.43,174.43,0.0,41.9,2026-06,0.0,0.0,73
1651,Melaghar-Srimantapur section on NH-08 Spur from Km 23 to Km 34.500 11.5 Km and overlay from Km 20.30 to Km 22.00 1.7 Km Total Length 13.2 Km,NHIDCL,618411,Tripura,Ministry of Road Transport & Highways,Roads & Highways,01/2023,11/2024,08/2026,195.95,195.95,92.61,72.48,2026-06,0.0,21.0,22
1652,"Construction of 4-Lane with paved shoulder Agartala bypass Western side, length 25.402 km connecting NH-8 near Amtali to NH-108B near Lembuchhera in the state of Tripura on EPC basis under NHO-NE",NHIDCL,618417,Tripura,Ministry of Road Transport & Highways,Roads & Highways,03/2023,03/2027,03/2027,2026.05,2026.05,487.38,9.2,2026-06,0.0,0.0,48
1653,Rehabilitation and upgradation to four lane road from km 70.500 to km 78.600 of NH- 92 under EPC mode in the State of Uttar Pradesh,MoRTH,617963,Uttar Pradesh,Ministry of Road Transport & Highways,Roads & Highways,01/2022,01/2027,07/2027,296.02,351.78,0.0,33.0,2026-06,18.8366,6.0,60
1654,"Widening to Four Lane rigid pavement configuration from Km 90.00 to Km 100.800 on NH-96 Km 42.0 to Km 53.300 as per new NH-330,design length of 11.300 km under EPC mode in the state of Uttar Pradesh.",MoRTH,617964,Uttar Pradesh,Ministry of Road Transport & Highways,Roads & Highways,12/2022,11/2026,11/2026,309.63,309.63,38.08,31.0,2026-06,0.0,0.0,47
1655,Balance work of Construction of Ring Road for Raebareli City on eastern side of NH- 24B Phase-1 on EPC mode.,MoRTH,618009,Uttar Pradesh,Ministry of Road Transport & Highways,Roads & Highways,12/2019,04/2022,09/2026,319.96,347.8,0.0,95.0,2026-06,8.7011,53.0,28
1656,Construction of Balrampur bypass with 2L flexible pavement configuration from km.223.000 of NH-330 to km.328.300 of NH-730 under EPC mode,MoRTH,618054,Uttar Pradesh,Ministry of Road Transport & Highways,Roads & Highways,12/2022,02/2026,08/2026,515.69,515.69,118.72,54.0,2026-06,0.0,6.0,38
1657,Construction of Pratapgarh Bypass Extension connecting NH-31 to NH-330 on EPC mode in the State of Uttar Pradesh.,MoRTH,618055,Uttar Pradesh,Ministry of Road Transport & Highways,Roads & Highways,10/2022,06/2025,09/2026,225.17,225.17,0.0,75.0,2026-06,0.0,15.0,32
1658,Improvement and Up-gradation to two Lane with Paved Shoulder Configuration from existing km. 420.00 Shohrathgarh to km. 454.00 Uska Bazar of NH-730 in the state of Uttar Pradesh EPC basis,MoRTH,618056,Uttar Pradesh,Ministry of Road Transport & Highways,Roads & Highways,01/2022,09/2025,12/2026,509.65,484.42,115.2,60.0,2026-06,-4.9505,15.0,44
1659,Construction of Shohratgarh Bypass on NH-730 under EPC mode in the State of Uttar Pradesh,MoRTH,618057,Uttar Pradesh,Ministry of Road Transport & Highways,Roads & Highways,10/2022,05/2025,12/2026,189.31,189.31,0.0,52.0,2026-06,0.0,19.0,31
1660,Widening & Strenghteningof section from Bharthana chowk to Kodarkoot km.0.00 to km.40.00 of NH-91-A on EPC mode,MoRTH,618063,Uttar Pradesh,Ministry of Road Transport & Highways,Roads & Highways,03/2020,09/2024,09/2026,262.37,343.77,115.38,94.0,2026-06,31.0249,24.0,54
1661,Construction of Amethi bypass Part-II at km.30.050 of NH-931 under EPC mode in the state of Uttar Pradesh,MoRTH,618066,Uttar Pradesh,Ministry of Road Transport & Highways,Roads & Highways,12/2022,02/2027,02/2027,283.86,283.86,38.69,48.0,2026-06,0.0,0.0,50
1662,"Rehabilitation & Up-gradation from design Km. 0.000 to Km. 69.280 of NH-931 Pratapgarh - Amethi - Gauriganj -Musafirkhana to two lane with paved shoulder on Engineering, Procurement & Construction EpC mode in the State of Uttar Pradesh",MoRTH,618067,Uttar Pradesh,Ministry of Road Transport & Highways,Roads & Highways,05/2023,11/2027,11/2027,1086.3,1086.3,0.0,9.0,2026-06,0.0,0.0,54
1663,Construction of two lane with paved shoulder from existing Km.0.000 to Km.55.610 design km. 0.000 to km. 54.048 of NH-124D,MoRTH,618075,Uttar Pradesh,Ministry of Road Transport & Highways,Roads & Highways,12/2021,02/2026,09/2026,840.93,773.58,204.84,75.0,2026-06,-8.009,7.0,50
1664,Construction of Mariahu Bypass with four lane paved shoulder configuration Km. 53.540 to Km.59.200 of NH-135A on EPC mode in the state of Uttar Pradesh,MoRTH,618081,Uttar Pradesh,Ministry of Road Transport & Highways,Roads & Highways,03/2023,02/2026,09/2026,438.24,362.39,0.0,55.0,2026-06,-17.3079,7.0,35
1665,Widening & Upgradation to four lane configuration from Km.34.900 Bhadohi to km.73.134 Jaunpur of NH-135A on EPC mode,MoRTH,618082,Uttar Pradesh,Ministry of Road Transport & Highways,Roads & Highways,03/2021,05/2024,09/2026,395.62,392.03,0.0,94.0,2026-06,-0.9074,28.0,38
1666,Improvement and upgradation to two lane with paved shoulder configuration from existing km 90.00 to 130.00 Design length 39.15 of NH-227A near Sikriganj to Barhalganj in the State of UP on EPC Mode.,MoRTH,618111,Uttar Pradesh,Ministry of Road Transport & Highways,Roads & Highways,08/2021,06/2025,07/2026,403.36,345.34,0.0,96.0,2026-06,-14.3842,13.0,46
1667,"Improvement and up-gradation of NH-227B 84 Kosi Parikrama Marg Package I, from km 228.920 Jagarnathpur to Km 235.960/0.000 MakhaudaDham to Km 29.000 Sarpur in the State of Uttar Pradesh on EPC basis",MoRTH,618112,Uttar Pradesh,Ministry of Road Transport & Highways,Roads & Highways,03/2022,11/2026,11/2026,912.5,912.5,1.9,7.0,2026-06,0.0,0.0,56
1668,"Improvement and up-gradation of NH-227B 84 Kosi Parikrama Marg Package III, from Km.47.800 Gosaiganj to Km.73.300 Bikapur in the State of Uttar Pradesh on EPC basis.",MoRTH,618113,Uttar Pradesh,Ministry of Road Transport & Highways,Roads & Highways,03/2022,11/2026,11/2026,587.97,587.97,61.19,43.46,2026-06,0.0,0.0,56
1669,"Improvement and up-gradation of NH-227B 84 Kosi Parikrama Marg PackageV, from Design Km.140.960 Patranga to Km.160.200 Bahuvan Madar Majha on EPC mode in the State of Uttar Pradesh",MoRTH,618114,Uttar Pradesh,Ministry of Road Transport & Highways,Roads & Highways,03/2023,08/2028,08/2028,1192.33,1192.33,0.0,4.0,2026-06,0.0,0.0,65
1670,lmprovement and Up-gradation from Km. 73.300 Bikapur to Km.140.960 Patranga of NH-227B 84 Kosi Parikrama Marg to 2LPS along with Parikrama Path,MoRTH,618116,Uttar Pradesh,Ministry of Road Transport & Highways,Roads & Highways,11/2022,01/2028,01/2028,1679.75,1679.75,142.53,40.45,2026-06,0.0,0.0,62
1671,Rehabilitation and upgradation from km 51.600 to km 75.700 of NH-321G Nuhkhas to Etah section to two lane with paved shoulder configuration under EPC mode in the State of Uttar Pradesh,MoRTH,618124,Uttar Pradesh,Ministry of Road Transport & Highways,Roads & Highways,01/2022,08/2025,09/2026,343.54,343.54,84.43,65.0,2026-06,0.0,13.0,43
1672,"Improvement and up-gradation to 2LPS of NH-227B 84-Kosi Parikrama Marg PackageVI, Design Km 160200 Bahuvan Madar Majha to Km 224040 Jagarnathpur under HAM",MoRTH,618162,Uttar Pradesh,Ministry of Road Transport & Highways,Roads & Highways,05/2023,01/2028,01/2028,2008.7,2008.7,0.0,18.0,2026-06,0.0,0.0,56
1673,"Rehabilitation and Up-gradation from km. 0000 to km.40390 of NH-730S MaharajganjNichloulThuthibari to two lane with paved shoulders in the State of U.P. on Engineering, Procurement & Construction EPC Basis.",MoRTH,618163,Uttar Pradesh,Ministry of Road Transport & Highways,Roads & Highways,03/2023,12/2025,12/2026,809.25,603.19,0.0,59.0,2026-06,-25.4631,12.0,33
1674,Construction of four lane highway with paved shoulder from Km.74.700 to Km.112.950 of NH-731A i/c Yamuna Bridge on HAM in the state of Uttar Pradesh.,MoRTH,618164,Uttar Pradesh,Ministry of Road Transport & Highways,Roads & Highways,03/2022,06/2026,07/2026,1141.67,1157.31,0.0,91.0,2026-06,1.3699,1.0,51
1675,Construction of 4-lane highway with paved shoulders from Km 49.155 to Km 74.700 of NH-731A on Hybrid Annuity Mode in the state of Uttar Pradesh,MoRTH,618165,Uttar Pradesh,Ministry of Road Transport & Highways,Roads & Highways,01/2022,01/2026,07/2026,1156.72,1156.72,0.0,100.0,2026-06,0.0,6.0,48
1676,Construction of 4-lane green field highway from Km. 35.000 to Km. 49.155 of NH- 731A with paved shoulders on Hybrid Annuity Mode in the state of Uttar Pradesh,MoRTH,618166,Uttar Pradesh,Ministry of Road Transport & Highways,Roads & Highways,01/2022,10/2025,07/2026,697.66,697.66,0.04,100.0,2026-06,0.0,9.0,45
1677,Widening to four lane with paved shoulder from Design Km.49.200 to Km.89.285 of NH-731B on EPC mode in the state of Uttar Pradesh,MoRTH,618168,Uttar Pradesh,Ministry of Road Transport & Highways,Roads & Highways,03/2022,01/2026,01/2027,917.91,965.3,134.41,56.0,2026-06,5.1628,12.0,46
1678,Construction of Two Lane with paved shoulder highway from Design Ch.0.000 to Ch.49.2OO of NH-731B on EPC Mode,MoRTH,618169,Uttar Pradesh,Ministry of Road Transport & Highways,Roads & Highways,03/2022,11/2025,07/2026,640.18,602.76,265.25,97.68,2026-06,-5.8452,8.0,44
1679,"Rehabilitation and upgradation of Salon - Jais - Jagdishpur Road section of NH-931A, from design Chainage km 0.000 to km 5.740 to four lane divided carriageway and from design Chainage km 5.740 to km 53.500 to two lane with paved Total length km 53.500 along with One time improvement in 04 no's of realigned/bypassed built-up areas in a total length of 9.732 km in the state of Uttar Pradesh on EPC ",MoRTH,618187,Uttar Pradesh,Ministry of Road Transport & Highways,Roads & Highways,05/2023,10/2027,10/2027,947.15,947.15,0.0,8.0,2026-06,0.0,0.0,53
1680,Construction of 6-lane bridge on Ganga on NH-96 and its approaches in Phaphamau Allahabad on EPC mode,MoRTH,618233,Uttar Pradesh,Ministry of Road Transport & Highways,Roads & Highways,07/2018,02/2024,09/2026,1948.25,1465.41,0.0,90.2,2026-06,-24.7833,31.0,67
1681,Rehabilitation and upgradation to 2-lane with paved sholuders configuration of Bewar- naer Karri village section Km0.00 to Km30.00 Pakage-I of NH-92 in state of Uttar Pradesh undergreen national Highway Corridor Project GNHCP with the loan assistance of world Bank on EPC mode.,MoRTH,618240,Uttar Pradesh,Ministry of Road Transport & Highways,Roads & Highways,04/2020,03/2024,07/2026,236.47,236.47,0.0,100.0,2026-06,0.0,28.0,47
1682,Construction of Basti Ring Road Phase-I with 4L configuration for Basti City in the state of Uttar Pradesh on HAM mode,MoRTH,618243,Uttar Pradesh,Ministry of Road Transport & Highways,Roads & Highways,12/2022,06/2027,06/2027,1138.72,1138.72,0.07,35.0,2026-06,0.0,0.0,54
1683,Construction of Raebareli Ring Road Phase-2 with four Lane configuration for Raebareli City in the state of Uttar Pradesh on Hybrid Annuity Model HAM basis,MoRTH,618244,Uttar Pradesh,Ministry of Road Transport & Highways,Roads & Highways,03/2022,05/2027,05/2027,1273.72,1273.72,0.0,54.0,2026-06,0.0,0.0,62
1684,Construction of 4 lane Mirzapur bypass including bridge over river Ganga from km 0.000 to km 15.000 of NH 135A in the State of Uttar Pradesh on HAM Mode.,MoRTH,618247,Uttar Pradesh,Ministry of Road Transport & Highways,Roads & Highways,03/2024,01/2029,01/2029,1708.62,1708.62,0.0,5.5,2026-06,0.0,0.0,58
1685,Widening to 4 lane from km. 139.00 to km 179.20 of NH-135A Pkg-III Jaunpur Akbarpur section and Akbarpur bypass on Hybrid Annuity Mode in the state of Uttar Pradesh.,MoRTH,618248,Uttar Pradesh,Ministry of Road Transport & Highways,Roads & Highways,05/2023,01/2028,01/2028,1653.15,1653.15,0.0,21.06,2026-06,0.0,0.0,56
1686,Widening to 4 lane from km. 108.50 to km 139.00 of NH-135A Pkg-II Jaunpur Akbarpur section on Hybrid Annuity Mode in the state of Uttar Pradesh,MoRTH,618249,Uttar Pradesh,Ministry of Road Transport & Highways,Roads & Highways,03/2023,03/2027,03/2027,1511.57,1511.57,0.0,36.02,2026-06,0.0,0.0,48
1687,"Improvement and Up-gradation to two Lane with Paved Shoulder/Four Lane configuration from existing Km 130.000 to Km 191.000 design km 131.500 to Km 188.735, Design length 57.235 Km of NH-227A near Barhalganj to Mehrauna Ghat in the state of Uttar Pradesh on Hybrid Annuity Model HAM basis",MoRTH,618252,Uttar Pradesh,Ministry of Road Transport & Highways,Roads & Highways,01/2022,05/2027,05/2027,974.19,1344.61,0.99,58.0,2026-06,38.0234,0.0,64
1688,"Construction of Salempur bypass to 4LPS from km 64.000 of NH-727A Km 171.00 of Sonauli Balia Marg, old SH-01, near Mahadahan Chauraha to km 61.500 of NH-727B Km 178.500 of Sonauli Balia Marg, old SH-01, near near Ahirauli Village under Hybrid Annuity Mode HAM in the State of Uttar Pradesh",MoRTH,618260,Uttar Pradesh,Ministry of Road Transport & Highways,Roads & Highways,03/2022,11/2027,11/2027,1348.06,1348.06,0.0,35.0,2026-06,0.0,0.0,68
1689,Construction of Deoria Bypass from existing Km. 27.140 to existing Km. 46.780 Design Km. 49.109 on NH727A Design length 21.969 Km. to four lane with paved shoulder configuration under Hybrid Annuity Mode HAM in the State of Uttar Pradesh,MoRTH,618262,Uttar Pradesh,Ministry of Road Transport & Highways,Roads & Highways,03/2023,07/2027,07/2027,1734.7,1734.7,0.0,10.0,2026-06,0.0,0.0,52
1690,"Rehabilitation and Up-gradation to 2LPS from Km. 0.000 to Km. 7.800 and Km. 35.400 to Km. 52.345 Design length 24.745 Km., except Bihar portion of NH-727B Tamkuhiraj to Bihar Border and Bihar Border to Majhauli on EPC mode in the State of Uttar Pradesh",MoRTH,618263,Uttar Pradesh,Ministry of Road Transport & Highways,Roads & Highways,03/2023,07/2026,08/2026,701.02,701.02,0.0,81.18,2026-06,0.0,1.0,40
1691,"Widening and Strengthening to two Lane with Paved Shoulder/Four Lane with paved shoulder configuration from km. 61.500 of NH-727B near Nawalpur km 178.500 of Sonauli Balia Marg, Old SH-01 i.e. end point of Salempur Bypass to km. 106.495 of NH-727B near Sikanderpur under EPC mode",MoRTH,618264,Uttar Pradesh,Ministry of Road Transport & Highways,Roads & Highways,05/2023,05/2028,05/2028,2061.86,2061.86,0.0,37.0,2026-06,0.0,0.0,60
1692,Rehabilitation and upgradation to 2-lane with paved sholuders configuration of Miranpur Katra to radhaita section of NH-730CKm.114.000 to Km 137.250pakage-III in state of Uttar Pradesh undergreen national Highway Corridor ProjectGNHCP with the loan assistance of world Bank on EPC mode.,MoRTH,618265,Uttar Pradesh,Ministry of Road Transport & Highways,Roads & Highways,04/2020,07/2024,08/2026,172.5,169.56,0.0,91.0,2026-06,-1.7043,25.0,51
1693,Rehabilitation and upgradation to 2-lane with paved sholuders configuration of Bewar- Allahaganj- section of NH-730C Km.0.000 to Km 52.770 pakage-I in state of Uttar Pradesh undergreen national Highway Corridor Project GNHCP with the loan assistance of world Bank on EPC mode.,MoRTH,618266,Uttar Pradesh,Ministry of Road Transport & Highways,Roads & Highways,04/2020,11/2024,08/2026,325.24,340.16,0.0,99.0,2026-06,4.5874,21.0,55
1694,Widening/Upgradation to four lane configuration of Shahjahanpur-Bisalpur section from km 0.00 to km 47.026 of NH-731K on Hybrid Annuity Mode in the state of Uttar Pradesh.,MoRTH,618267,Uttar Pradesh,Ministry of Road Transport & Highways,Roads & Highways,03/2023,05/2028,05/2028,1590.2,1590.2,0.0,0.0,2026-06,0.0,0.0,62
1695,6L Elevated Kanpur - Lucknow Exeressway Pkg-1 from Km. 10980 to Km. 28500,NHAI,618499,Uttar Pradesh,Ministry of Road Transport & Highways,Roads & Highways,12/2021,07/2025,07/2026,1972.94,1943.27,770.81,100.0,2026-06,-1.5038,12.0,43
1696,Construction of 4L Connector from Delhi Meerut Expressway Km 50.000 of Pkg IV to Km 8.520 of NH-235 Pkg-5,NHAI,618500,Uttar Pradesh,Ministry of Road Transport & Highways,Roads & Highways,09/2021,03/2024,07/2026,1081.39,1116.19,442.98,78.0,2026-06,3.2181,28.0,30
1697,Varanasi Ring Road Pkg-II connecting Sandaha Village km 11.70 / NH-29 with Revasa Village km 818.80 / NH-2,NHAI,618529,Uttar Pradesh,Ministry of Road Transport & Highways,Roads & Highways,12/2017,02/2022,10/2026,1991.71,1832.66,1750.54,96.15,2026-06,-7.9856,56.0,50
1698,Construction of Ring Road around Kanpur from Ch.68.650 to Ch.93.209 Jarkala to Pakari Package-IV in State of Uttar Pradesh.,NHAI,618536,Uttar Pradesh,Ministry of Road Transport & Highways,Roads & Highways,02/2023,06/2027,06/2027,1603.53,1192.16,249.74,37.65,2026-06,-25.654,0.0,52
1699,Construction of Ring Road around Kanpur from Km.000 to Km. 23.325 Chachendi Sachendi I to Maharajpur Package-I,NHAI,618537,Uttar Pradesh,Ministry of Road Transport & Highways,Roads & Highways,01/2023,06/2026,02/2027,1753.75,1311.7,453.73,61.21,2026-06,-25.206,8.0,41
1700,Construction of Ring Road around kanpur from Ch.51.200 to Ch. 68.650 Badarka to Harbanch-Uchti Pkg-III,NHAI,618538,Uttar Pradesh,Ministry of Road Transport & Highways,Roads & Highways,09/2023,07/2027,07/2027,1792.68,1126.75,261.94,32.78,2026-06,-37.1472,0.0,46
1701,Construction of Ring Road Kanpur from Ch. 32.090 to Ch.51.200 Transganaga to Sathara Package-II B,NHAI,618539,Uttar Pradesh,Ministry of Road Transport & Highways,Roads & Highways,08/2024,09/2027,09/2027,1089.41,1106.92,48.77,17.25,2026-06,1.6073,0.0,37
1702,Construction of Ring Road around Kanpur from Ch.23.325 to Ch.32.090 Chaudhariya to Transganga Package-IIA,NHAI,618540,Uttar Pradesh,Ministry of Road Transport & Highways,Roads & Highways,08/2024,10/2027,04/2028,1089.41,977.45,249.69,49.1,2026-06,-10.2771,6.0,38
1703,Construction of left out portion of Agra Inner Ring Road connecting village Deori to NH-44 village Bad from Km. 0.000 to Km. 7.772,NHAI,618554,Uttar Pradesh,Ministry of Road Transport & Highways,Roads & Highways,07/2022,09/2024,08/2026,879.26,787.58,629.11,93.8,2026-06,-10.4269,23.0,26
1704,4L Green Field Northern East side Gorakhpur Bypass 26.616 Kms starting from NH- 29E Chainage 83.308 and end at NH-28 Chainage 285.100,NHAI,618566,Uttar Pradesh,Ministry of Road Transport & Highways,Roads & Highways,02/2023,01/2026,01/2027,1973.98,1244.44,1010.31,72.0,2026-06,-36.9578,12.0,35
1705,4/6L of Northern Ayodhya Bypass starting Km. 112.540 and ending Km. 139.928 north of existing NH-27 part-1 and part-2 south of NH-27 from km 0.000 to km 5.000.,NHAI,618567,Uttar Pradesh,Ministry of Road Transport & Highways,Roads & Highways,08/2024,01/2028,01/2028,2289.34,1834.25,268.81,33.12,2026-06,-19.8787,0.0,41
1706,4/6L Southern Ayodhya Bypass from Km 5.000 to Km 37.172 starting near Km. 112.540 and ending at Km. 153.281 of NH-27,NHAI,618568,Uttar Pradesh,Ministry of Road Transport & Highways,Roads & Highways,08/2024,09/2027,09/2027,2541.13,1983.05,312.39,39.03,2026-06,-21.9619,0.0,37
1707,4 -Laning of MP/UP Border to Kabarai section of NH-34&35 from km 197.000 to km 242.991 Length 45.991 Km Sagar-Kabrai Package-5 under Bharat Mala Pariyojana EC in MP & UP on HAM,NHAI,618669,Uttar Pradesh,Ministry of Road Transport & Highways,Roads & Highways,10/2022,02/2027,01/2027,1632.93,1425.43,529.81,60.02,2026-06,-12.7072,-1.0,52
1708,"4 lanning of Aligarh Palwal section from km 0.00 to km 46.39 package -1 from khereshwar junction-kurana of NH33D , including khair & jattari bypass in the state of UP on HAM mode",NHAI,618690,Uttar Pradesh,Ministry of Road Transport & Highways,Roads & Highways,03/2024,03/2027,03/2027,1663.38,1685.69,553.34,19.5,2026-06,1.3412,0.0,36
1709,Aligarh-Kanpur Pkg I [Aligarh-Bhadwas],NHAI,618692,Uttar Pradesh,Ministry of Road Transport & Highways,Roads & Highways,03/2018,06/2022,08/2026,1226.64,2069.6,1359.14,100.0,2026-06,68.7211,50.0,51
1710,DL/UP Border - EPE Crossing Pkg-02,NHAI,618710,Uttar Pradesh,Ministry of Road Transport & Highways,Roads & Highways,09/2020,11/2023,07/2026,2002.79,1889.78,1739.68,100.0,2026-06,-5.6426,32.0,38
1711,6L access Controlled Greenfield Highway from Gogwan Jalalpur Shamli to Ranipur Barsi Saharanpur of Shamli -Ambala section Package-I Design Ch. Form km 00.600 to km 45.500,NHAI,618722,Uttar Pradesh,Ministry of Road Transport & Highways,Roads & Highways,06/2022,05/2025,03/2027,1843.59,1247.55,759.25,67.4,2026-06,-32.3304,22.0,35
1712,4L Spur of Meerut-Garh-Mukteshwar section connecting NH-119 and NH-58 bypassing Meerut Town of NH 709 A,NHAI,618761,Uttar Pradesh,Ministry of Road Transport & Highways,Roads & Highways,10/2021,02/2025,07/2026,991.89,977.73,861.63,96.98,2026-06,-1.4276,17.0,40
1713,Four laning of Agra-Aligarh Section from Km. 0.000 Junction of NH-34 Aligarh Km 144.60 to Km. 28.000 near Asroi village in Hathras of NH-509 Package-I,NHAI,618768,Uttar Pradesh,Ministry of Road Transport & Highways,Roads & Highways,06/2024,03/2028,11/2028,1309.08,1309.08,305.43,1.99,2026-06,0.0,8.0,45
1714,4L of Bareilly-Pilibhit-Sitarganj from Km. 0.000 to Km. 32.500 of NH-30 Pkg-1,NHAI,618782,Uttar Pradesh,Ministry of Road Transport & Highways,Roads & Highways,02/2023,03/2026,03/2027,1394.14,1394.14,606.2,63.4,2026-06,0.0,12.0,37
1715,4L of Sonauli - Gorakhpur,NHAI,618798,Uttar Pradesh,Ministry of Road Transport & Highways,Roads & Highways,12/2021,03/2025,09/2026,2555.5,2275.43,1326.61,89.0,2026-06,-10.9595,18.0,39
1716,"2L PS Greenfield bypass lalganj ajhara, mohanganj and Raniganj on Raebareli - Jaunpur Section Design km 0.00 to Km 53177 of NH-31",NHAI,618842,Uttar Pradesh,Ministry of Road Transport & Highways,Roads & Highways,12/2024,06/2028,-,1280.68,1280.68,186.29,0.0,2026-06,0.0,,42
1717,Construction of two lane with paved shoulders bypass to Mungrabadshapur town starting from near Kodahu at Km 47/225 of NH-319D and ending near Nauwadandi at Km 219/720 of NH-31 under NHO in the state of Uttar Pradesh on EPC mode,NHAI,618843,Uttar Pradesh,Ministry of Road Transport & Highways,Roads & Highways,02/2025,03/2027,09/2027,197.6,165.28,53.53,17.22,2026-06,-16.3563,6.0,25
1718,Construction of Underpass beneath airport runway on NH-31 old NH-56 for proposed expansion of runway of Babatpur Airport Varanasi,NHAI,618848,Uttar Pradesh,Ministry of Road Transport & Highways,Roads & Highways,02/2025,09/2027,09/2027,649.44,649.44,0.09,6.7,2026-06,0.0,0.0,31
1719,"Improvement and Up-Gradation of Existing Road to 4L PS from Km 123.650 to 175.080, from Start of Shahabad Bypass to End of Hardoi bypass of NH 731 Pkg-2B",NHAI,618856,Uttar Pradesh,Ministry of Road Transport & Highways,Roads & Highways,09/2022,11/2025,03/2027,1101.79,1212.26,486.98,68.8,2026-06,10.0264,16.0,38
1720,"Improvement and Up-Gradation of Existing Road to 4L PS from Km 88.750 to 123.650, from Start of Shahjahanpur Bypass to start of Shahabad bypass of NH 731Pkg.-2A",NHAI,618858,Uttar Pradesh,Ministry of Road Transport & Highways,Roads & Highways,09/2022,01/2026,03/2027,955.34,955.34,348.38,70.56,2026-06,0.0,14.0,40
1721,"Improvement and Up-Gradation of Existing Road to 4L PS from Km 229.070 to 260.800, End of Hardoi District to Lucknow Ring road of NH 731 Pkg-4",NHAI,618859,Uttar Pradesh,Ministry of Road Transport & Highways,Roads & Highways,09/2021,10/2024,07/2026,575.66,553.61,390.09,99.33,2026-06,-3.8304,21.0,37
1722,"Four Lane Highway from Chandan Nagar Existing Km. 59.025 of NH 530B/Design Km. 179.5000 to Bareilly BypassStartExisting Km. 59.025 of NH 530B/Design Km. 218.000 Section of NH 530B, in the State of Uttar Pradesh on HAM Mode under NH0",NHAI,618866,Uttar Pradesh,Ministry of Road Transport & Highways,Roads & Highways,12/2024,11/2027,11/2027,2077.0,1112.44,438.93,30.3,2026-06,-46.4401,0.0,35
1723,4L Kasganj-Badaun Section from Km. 123.100 to Km. 179.500 Pkg-III of NH530B,NHAI,618867,Uttar Pradesh,Ministry of Road Transport & Highways,Roads & Highways,03/2023,05/2027,12/2027,2009.11,1936.61,549.05,37.03,2026-06,-3.6086,7.0,50
1724,4L from Devinagar Bypass End Existing Km. 208.000 of NH 530B/Design Km. 66.000 to Kasganj Bypass End Existing Km.150.100 of NH 530B/ Design Km. 123.100 of NH 530B,NHAI,618868,Uttar Pradesh,Ministry of Road Transport & Highways,Roads & Highways,03/2023,06/2026,12/2026,2289.52,2223.71,1027.0,70.02,2026-06,-2.8744,6.0,39
1725,"Construction of 4/6 lane Highway of Southern Bareilly Bypass, starting at Ch. 237000 of NH 530 near Jhumka chauraha, Dhantiya village and ending at Ch. 267000 of NH 30 near Invertis University including Trumpet Interchange",NHAI,618869,Uttar Pradesh,Ministry of Road Transport & Highways,Roads & Highways,12/2024,06/2028,06/2028,1122.02,1869.59,603.36,15.48,2026-06,66.6272,0.0,42
1726,Construction of Four Lane Highway form Ghazipur- Ballia-UP/Bihar State Border Greenfield section of NH-31 Package I [from Hridaipur km 0.000 to Shahapur km 42.500] on EPC Mode in the state of Uttar Pradesh.,NHAI,618883,Uttar Pradesh,Ministry of Road Transport & Highways,Roads & Highways,10/2022,07/2025,08/2026,1706.47,1579.59,1440.46,100.0,2026-06,-7.4352,13.0,33
1727,Construction of Four Lane Highway from Ghazipur- Ballia-UP/Bihar State Border Greenfield section of NH-31 Package II [from Shahapur km 42.500 to Pindari km 78.150] on EPC Mode in the state of Uttar Pradesh.,NHAI,618884,Uttar Pradesh,Ministry of Road Transport & Highways,Roads & Highways,10/2022,10/2025,07/2026,1493.65,1311.44,757.69,96.29,2026-06,-12.199,9.0,36
1728,Construction of Four Lane Highway from Ghazipur- Ballia-UP/Bihar State Border Greenfield section of NH-31 Package IV [from Buxur Spur of length km 17.270 on EPC Mode in the state of Uttar Pradesh.,NHAI,618885,Uttar Pradesh,Ministry of Road Transport & Highways,Roads & Highways,10/2022,06/2025,07/2026,617.88,549.02,282.0,91.1,2026-06,-11.1446,13.0,32
1729,Varanasi Gorakhpur Section Packege IV from km. 149.540 to km. 215.160 Mau- Gorakhpur,NHAI,618893,Uttar Pradesh,Ministry of Road Transport & Highways,Roads & Highways,04/2015,10/2019,08/2026,2966.63,3475.65,3453.91,97.35,2026-06,17.1582,82.0,54
1730,4L Greenfield Western Side spur of Rampur-Rudrapur Section from Km 0.000 to Km 13.700 connecting NH-24 to NH-87 bypassing rampur town,NHAI,618911,Uttar Pradesh,Ministry of Road Transport & Highways,Roads & Highways,12/2021,11/2024,02/2027,646.27,637.83,369.67,63.79,2026-06,-1.306,27.0,35
1731,4L Behsuma at Km 39.250 Ex. Km 39240 To Bijnor at Km 78.810 Ex. Km 86590 Design Length 39.560 Km of NH-119 Pkg-II,NHAI,618923,Uttar Pradesh,Ministry of Road Transport & Highways,Roads & Highways,03/2023,05/2026,12/2026,2158.2,2553.12,1195.23,70.12,2026-06,18.2986,7.0,38
1732,2L PS of Najibabad Kotdwar section from 112.575 to Km. 138.635 of NH 119,NHAI,618924,Uttar Pradesh,Ministry of Road Transport & Highways,Roads & Highways,10/2021,09/2025,10/2026,188.87,99.2,50.34,55.9,2026-06,-47.4771,13.0,47
1733,Bijnor-Kotawali,NHAI,618925,Uttar Pradesh,Ministry of Road Transport & Highways,Roads & Highways,02/2021,05/2023,07/2026,300.58,334.48,296.47,99.02,2026-06,11.2782,38.0,27
1734,4L of Moradabad-Thakurdwara-Kashipur Section from Km. 0.000 to Km. 38.77 of NH- 734 Pkg-II,NHAI,618927,Uttar Pradesh,Ministry of Road Transport & Highways,Roads & Highways,10/2022,03/2026,06/2027,2006.82,1890.05,969.49,52.68,2026-06,-5.8187,15.0,41
1735,4L of Moradabad western side spur connecting NH-734 & NH-24 from Km. 0.000 to Km. 33.200 Pkg-I,NHAI,618929,Uttar Pradesh,Ministry of Road Transport & Highways,Roads & Highways,11/2022,09/2025,12/2026,1841.92,1843.54,1120.76,81.48,2026-06,0.088,15.0,34
1736,4 Lane Inner Ring Road around Allahabad City Pkg-2 Prayagraj Southern Bypass 43.200 - 50.860,NHAI,618960,Uttar Pradesh,Ministry of Road Transport & Highways,Roads & Highways,08/2023,06/2026,06/2027,1377.51,1007.62,447.26,44.64,2026-06,-26.8521,12.0,34
1737,4 Lane Inner Ring Road around Allahabad City Pkg-1 Prayagraj Southern Bypass 34.400 43.200,NHAI,618961,Uttar Pradesh,Ministry of Road Transport & Highways,Roads & Highways,02/2025,12/2027,12/2027,775.94,498.97,42.97,18.5,2026-06,-35.6948,0.0,34
1738,6L access control Greenfield highway of Vill-Khyawari to Vill-Latifpur at Saharanpur Bypass from Km. 82.000 to Km. 119.790 Pkg-4,NHAI,618968,Uttar Pradesh,Ministry of Road Transport & Highways,Roads & Highways,03/2021,09/2024,07/2026,1428.19,1439.35,1394.44,99.24,2026-06,0.7814,22.0,42
1739,6L access control Greenfield highway of Vill-Lohadda to Vill-Karaunda Mahajan from Km. 27.000 to Km. 56.500 Pkg-2,NHAI,618970,Uttar Pradesh,Ministry of Road Transport & Highways,Roads & Highways,03/2021,09/2024,07/2026,1335.45,1335.38,1253.61,98.06,2026-06,-0.0052,22.0,42
1740,4L of Najibabad Bypass from Km. 105.423 to Km. 118.373 excluding 2.45 Km. of NH- 74 Bypass of NH-119,NHAI,619162,Uttar Pradesh,Ministry of Road Transport & Highways,Roads & Highways,01/2022,06/2024,07/2026,578.02,566.9,440.68,100.0,2026-06,-1.9238,25.0,29
1741,6L access controlled Greenfield highway of Junction of EPE Vill.-Mavikalan to Vill.- Lohadda from Km. 0.000 to Km. 27.000 Pkg-1,NHAI,619168,Uttar Pradesh,Ministry of Road Transport & Highways,Roads & Highways,03/2021,09/2024,07/2026,1602.48,1497.94,1419.77,99.29,2026-06,-6.5236,22.0,42
1742,"Construction of Four Lane Gola Flyover at Km 99.850 of NH 730 Major Junction with State Highways -93 of Engineering, Procurement and Construction EPC mode in the State of Uttar Pradesh.",MoRTH,619194,Uttar Pradesh,Ministry of Road Transport & Highways,Roads & Highways,03/2025,10/2027,10/2027,168.05,168.05,0.0,2.0,2026-06,0.0,0.0,31
1743,6L access-controlled highway from Ganeshpur tonear Mohand of Ganeshpur Dehradun section from Km.0 to Km.8.3 of NH-72A Package-1,NHAI,619308,Uttar Pradesh,Ministry of Road Transport & Highways,Roads & Highways,11/2020,10/2023,07/2026,836.24,835.74,811.84,98.92,2026-06,-0.0598,33.0,35
1744,Landslide treatment work on NH 58 from Kodiyala Km. 266.130 to Devprayag Km. 296.925 10 location under EPC mode in the State of Uttarakhand on EPC Mode,MoRTH,617888,Uttarakhand,Ministry of Road Transport & Highways,Roads & Highways,01/2023,02/2025,07/2026,192.54,192.54,0.0,99.0,2026-06,0.0,17.0,25
1745,Treatment of landslide zone from location no. 01 to 28 km 62.860 to 152.750 on NH- 12509 in the State of Uttarakhand under EPC mode in NHO Annual Plan 2022-23,MoRTH,617889,Uttarakhand,Ministry of Road Transport & Highways,Roads & Highways,11/2022,06/2024,07/2026,192.22,192.22,0.0,98.5,2026-06,0.0,25.0,19
1746,Construction of Champawat Bypass with two lane with paved shoulder configuration starting from existing chainage 121.700 to existing chainage 129.450 Design Length 9.847 of NH-125 in District-Champawat in the state of Uttrakhand on EPC mode.,MoRTH,617890,Uttarakhand,Ministry of Road Transport & Highways,Roads & Highways,02/2025,12/2027,-,220.89,220.89,0.0,8.0,2026-06,0.0,,34
1747,Construction of 2 lane with paved shoulder of Kund Bypass from Design Km 35.130 to Km 47.700 existing Km 33.130 to Km 41.260 of NH-109 in the State of Uttarakhand,MoRTH,617929,Uttarakhand,Ministry of Road Transport & Highways,Roads & Highways,02/2018,05/2020,12/2026,247.41,247.41,114.6,73.5,2026-06,0.0,79.0,27
1748,Construction of Rudraprayag tunnel of length 900.30 MTR including approaches and one major bridge on river Alaknanda connecting NH-107/old-109 to NH-07old-58 on EPC mode in the state of Uttarakhand.,MoRTH,617967,Uttarakhand,Ministry of Road Transport & Highways,Roads & Highways,02/2021,07/2025,07/2026,251.88,251.88,0.0,99.0,2026-06,0.0,12.0,53
1749,Construction & Widening Including Augustmuni Bypass Ch-16.545 to Ch - 19.890 to 2L/PS from Km 16.545-Km 33.130 & 45.980 -57.975 Augustmuni to Kund & Guptkashi to Sitapur on NH 109 in UK,MoRTH,617968,Uttarakhand,Ministry of Road Transport & Highways,Roads & Highways,03/2017,02/2020,03/2024,418.89,418.89,0.0,95.0,2026-06,0.0,49.0,35
1750,Rehabilitation and upgradation of 2 lane with paved shoulder from existing km. 195.175 to km. 220.000 Design Chainage km71.300 to Km. 95.947 Excluding existing chainage Km 200.300 to Km 202.400 Design chainage Km 76.400 to Km 78.400 on Dharasu to Yamunotri Road of NH- 134 Old NH-94,MoRTH,617974,Uttarakhand,Ministry of Road Transport & Highways,Roads & Highways,05/2025,04/2028,-,344.73,344.73,0.0,53.74,2026-06,0.0,,35
1751,Widening to 2 Lane from Existing Chainage Km 74.700 Km 100.660 Design Chainage Km 53.365 to Km 78.785 on NH- 507 in the State of Uttarakhand.,MoRTH,618039,Uttarakhand,Ministry of Road Transport & Highways,Roads & Highways,01/2024,04/2028,-,346.82,346.82,0.0,31.75,2026-06,0.0,,51
1752,Rehabilitation and Upgradation to Two lanes with Paved Shoulders configuration and Strengthening from Km 175.00 to Km 196.00 Gumkhal to Satpuli of NH-119 New NH- 534 in the State of Uttarakhand under NHO Annual Plan 2021-22 under EPC mode,MoRTH,618040,Uttarakhand,Ministry of Road Transport & Highways,Roads & Highways,03/2022,01/2027,-,452.81,452.81,0.0,42.0,2026-06,0.0,,58
1753,Rehabilitation and upgrading to two lanes with paved shoulders and Strengthening of Kotdwar-Pauri-Srinagar road section from Km 232.00 to 274.470 on NH-119 New 534 Paidul to Srinagar in the State of Uttarakhand on EPC Mode under NHO Annual Plan 2021-22.,MoRTH,618041,Uttarakhand,Ministry of Road Transport & Highways,Roads & Highways,02/2022,12/2027,-,299.31,299.31,0.0,2.0,2026-06,0.0,,70
1754,Rehabilitation and up-gradation to 2-lane configuration of Bageshwar to Kangarchina road from km 129.600 to Km 161.600 Existing Chainage 136.00 to Km 169.00 of NH- 309Ain the State of Uttarakhand Package-IV under NHO Annual Plan 2021-22,MoRTH,618119,Uttarakhand,Ministry of Road Transport & Highways,Roads & Highways,03/2022,02/2027,-,472.23,472.23,0.0,65.0,2026-06,0.0,,59
1755,Widening to 2-lane with Hard Shoulder configuration of Mana Ch. 0.00 to Mana Pass Ch. 50.987 road on NH-07 under Bharatmala Pariyojna in the state of Uttarakhand under Annual Plan 2022-23 length 50.987,MoRTH,618207,Uttarakhand,Ministry of Road Transport & Highways,Roads & Highways,10/2022,10/2027,10/2028,573.96,573.96,0.0,21.03,2026-06,0.0,12.0,60
1756,Construction & up gradation of existing road to 2-Lane with paved shoulder from existing chainage km 468000 to km 489350 Design Chainage km 465150 to km 471500 of NH-07 Old NH-58 including Joshimath bypass on EPC mode in the state of Uttarakhand Length 6.35 km,MoRTH,618209,Uttarakhand,Ministry of Road Transport & Highways,Roads & Highways,03/2022,09/2025,08/2027,258.85,258.85,0.0,37.23,2026-06,0.0,23.0,42
1757,Rehabilitation and upgradation of Askot-Lipulekh on EPC Basis for Phase-I Existing Km 72.00 to 107.620 Design Chainage Km 21330 to Km 56935 under Project Hirak of BRO in the state of Uttarakhand under Bharatmala Pariyojna Phase-I on EPC Mode Length-35.605 Km CA No EPC/MORT&H/HRK/01/2021-22,MoRTH,618210,Uttarakhand,Ministry of Road Transport & Highways,Roads & Highways,09/2020,12/2023,07/2026,603.92,603.92,0.0,81.17,2026-06,0.0,31.0,39
1758,Improvement/construction of 2-lane with paved shoulder of Askote Llipulekh road from Tawaghat village to Budhi village design km. 56935 to km 95748 and from end of Tunnel portal to Kali Mandir design km 113828 to km. 133078 [total design length 58.063 km] under project Hirak of BRO in the state of Uttarakhand under Bharatmala Pariyojna on EPC Mode,MoRTH,618211,Uttarakhand,Ministry of Road Transport & Highways,Roads & Highways,05/2022,11/2026,11/2026,649.6,649.6,0.0,30.76,2026-06,0.0,0.0,54
1759,"STABILIZATION OF LAND SLIDE AND SLOPE PROTECTION AT KM 11.00 TO KM 11.08, 29,730 KM TO 30,060 KM, 30,400 KM TO 31,060 KM, 34,750 KM TO 35,300 KM, 38,950 KM TO 39,030 KM & 39,460 KM TO 39,540 KM TWO LOC CLUBBED, KM 40,400 TO KM 40,650, KM 43,500 KM 43,680, 52,460 RISHIKESH - DHARASU ROAD NH-94 ON EPC MODE IN THE STATE OF UTTARAKHAND. NOSE OF LAND SLIDE - 12 NOS",MoRTH,618212,Uttarakhand,Ministry of Road Transport & Highways,Roads & Highways,01/2024,04/2027,-,197.26,197.26,0.0,22.0,2026-06,0.0,,39
1760,Rehabilitation and Upgradation of road Rishikesh Dharasu Old NH-94 with 2-lane with paved shoulder from km 76.000 to km 110.000 Design Chainage from km 74.733 to km 107.347 32.614 km including construction of Kamand re-alignment from existing Chainage Km 105.200 to Km 108.600 design chainage Km 103.436 to Km 105.949 - total length 2513 mtrs and land slide treatment work between design chainage Km ,MoRTH,618213,Uttarakhand,Ministry of Road Transport & Highways,Roads & Highways,03/2018,01/2021,07/2026,273.76,273.76,0.0,96.46,2026-06,0.0,66.0,34
1761,Rehabilitation and upgradation to 2 lane / 2 lane with paved shoulder configuration for design chainage km 107.347 to km 129.208 & km 133.878 to km 138.570 existing chainage km 110.000 to km 133.020 & km 137.330 to km 142.028 and land slide treatment at existing km 138.500 Design chainage km 134.970 of NH -94 on EPC mode under improvement to NH connectivity to Chardham in the state of Uttarakhand.,MoRTH,618214,Uttarakhand,Ministry of Road Transport & Highways,Roads & Highways,03/2018,07/2021,06/2024,346.5,346.5,0.0,100.0,2026-06,0.0,35.0,40
1762,Rehabilitation & upgradation of existing road to 2-lane with hard shoulder from Joshimath km 0.00 to Saraithota km 29.725 road on NH-107B under Bharatmala Pariyojna on EPC mode in the state of Uttarakhand,MoRTH,618218,Uttarakhand,Ministry of Road Transport & Highways,Roads & Highways,10/2022,05/2025,03/2027,338.38,338.38,0.0,80.0,2026-06,0.0,22.0,31
1763,Upgradation to 2-lane with Hard shoulder configuration of Suraithota Ch. 29.725 km to Malari Ch. 60.550 km road on NH- 107B under in the state of Uttarakhand.,MoRTH,618219,Uttarakhand,Ministry of Road Transport & Highways,Roads & Highways,10/2022,05/2026,12/2026,292.76,292.76,0.0,76.67,2026-06,0.0,7.0,43
1764,"Construction, Operation & Maintenance of 2-L Bi-directional Silkyara Bend- Barkot Tunnel with escape passage including approaches Tunnel-4.531 & Approach road- 0.328 on Dharasu-Yamunotri section b/w Chainage 25.400km and 51.00km falling along NH-134 Old NH-94 on EPC mode",NHIDCL,618390,Uttarakhand,Ministry of Road Transport & Highways,Roads & Highways,03/2018,07/2022,03/2027,1383.78,1383.78,830.46,73.5,2026-06,0.0,56.0,52
1765,"Construction for Mitigation Measures of 5 Nos. Landslides, 05 No. Sinking Zones and 01 No. Bridge from Ch. 450.00 to Ch. 468.00 18 Km. Length on NH-07 Package-III",NHIDCL,618391,Uttarakhand,Ministry of Road Transport & Highways,Roads & Highways,12/2023,12/2025,02/2027,250.33,250.33,0.0,87.57,2026-06,0.0,14.0,24
1766,"Construction for Mitigation Measures of 5 Nos. Landslides, 5 Nos. Sinking Zones in between Ch. 433.00 to 450.00 BANERPANI VILLAGE on NH-07 on EPC mode in the state of Uttarakhand Package-2",NHIDCL,618392,Uttarakhand,Ministry of Road Transport & Highways,Roads & Highways,12/2023,06/2026,01/2027,259.64,259.64,0.0,64.23,2026-06,0.0,7.0,30
1767,"Construction for Mitigation Measures of 10 Nos. Landslides, 01 No. Sinking Zones and 1 No. of Minor Bridge in between at Ch. Km 368.00 to Km 433.00 on NH-07 on EPC Mode in Uttarakhand Package-1",NHIDCL,618393,Uttarakhand,Ministry of Road Transport & Highways,Roads & Highways,12/2023,12/2025,02/2024,216.68,216.68,113.17,98.61,2026-06,0.0,-22.0,24
1768,4L of Haridwar Nagina section Design Ch. LME from km 13.829 to km 17.110 & km 26.077 to km 27.508 and Design Ch. RME from km 13.839 to km 17.120 & km 26.078 to km 27.509 of EUP mitigation measures on NH74,NHAI,618875,Uttarakhand,Ministry of Road Transport & Highways,Roads & Highways,11/2021,02/2024,12/2026,183.92,142.11,115.42,70.42,2026-06,-22.7327,34.0,27
1769,Construction of 4-lane connectivity to Banbasa ICP at India Nepal border from NH-09 old NH-125 Sitarganj-Tanakpur at Km 40.00 near Jagbuda bridge under Bharatmala Priyojana of NH-109D on EPC mode in the State of Uttarakhand,NHAI,619142,Uttarakhand,Ministry of Road Transport & Highways,Roads & Highways,06/2022,09/2024,04/2027,216.97,237.01,213.92,75.24,2026-06,9.2363,31.0,27
1770,Upgradation and 4L of Haridwar Bypass from Km 0.000 Km 188.100 of NH-58 to Km. 15.100 Km 5.100 of NH 74 PKg-1,NHAI,619155,Uttarakhand,Ministry of Road Transport & Highways,Roads & Highways,11/2021,10/2024,11/2026,1602.89,1423.89,770.27,79.75,2026-06,-11.1673,25.0,35
1771,4L Medinipur to Ballupur from Km. 458.65 to Km. 487.65 of NH-07Pkg-2,NHAI,619292,Uttarakhand,Ministry of Road Transport & Highways,Roads & Highways,03/2022,02/2025,07/2026,1092.9,1072.5,736.71,93.9,2026-06,-1.8666,17.0,35
1772,Construction of 4 Lane Access Controlled Bypass for Dehradun on NH307 from Design Chainage km 0050 Jhajra on NH-07 to Design Chainage km 12220 Asharori on EPC Mode in the State of Uttarakhand under NHO,NHAI,619293,Uttarakhand,Ministry of Road Transport & Highways,Roads & Highways,12/2023,04/2027,04/2027,715.97,337.11,179.03,58.09,2026-06,-52.9156,0.0,40
1773,Road Safety Improvement of existing four lane section of Dehradun-Lal Tappar-Nepali Farm Section of NH-7 and Nepali Farm-Motichur NH-34 on EPC Mode in Uttarakhand under NHO.,NHAI,619294,Uttarakhand,Ministry of Road Transport & Highways,Roads & Highways,05/2025,08/2028,08/2028,720.67,388.19,2.7,5.02,2026-06,-46.1348,0.0,39
1774,Four/Six laning of Bhaniyawala-Jollygrant-Rishikesh spur section of NH-07 from Km. 0.000 to Km 19.780,NHAI,619295,Uttarakhand,Ministry of Road Transport & Highways,Roads & Highways,02/2023,11/2027,11/2027,742.43,664.92,12.47,0.0,2026-06,-10.44,0.0,57
1775,Construction of additional major Bridge with 4- lane configuration of length 1.48 km on NH-60 NH-14 over River Kangshabati from Km. 117.770 to Km 119.250 and additional major Bridge with 4- lane configuration of length 0.900 km on NH-60 NH- 14 over River Shilabati from Km. 173.220 to Km 174.120 in the district of Paschim Medinipur of West Bengal under Annual Plan for FY 2023-24 on EPC mode. Job No,MoRTH,617893,West Bengal,Ministry of Road Transport & Highways,Roads & Highways,11/2023,05/2028,05/2028,304.83,304.83,0.04,0.0,2026-06,0.0,0.0,54
1776,"Construction or 4 lane Raniganj Bypass of length 5.261 km on NH-60 new NH-14 from km 273.00 of NH to km 478.18 of NH-2 New NH 16 in paschim Bardhaman, West Bengal in EPC Mode- reg. Job No. 014-WB-2022-23/514",MoRTH,617894,West Bengal,Ministry of Road Transport & Highways,Roads & Highways,03/2023,03/2026,05/2027,410.83,410.83,174.31,67.28,2026-06,0.0,14.0,36
1777,Construction of ROB and its approaches in lieu of LC No. 10/B/T at Km 307.050 of NH-60.,MoRTH,617931,West Bengal,Ministry of Road Transport & Highways,Roads & Highways,03/2016,08/2025,03/2027,155.87,138.57,0.0,16.84,2026-06,-11.099,19.0,113
1778,Construction of new road at the missing link portion of NH-81 along approved alignment between Harishchandrapur and Eastern approach of Kalindri Bridge from Km 46.550 to Km 59.697 in the district of Malda. Job No-081-WB-2015-16/400,MoRTH,617960,West Bengal,Ministry of Road Transport & Highways,Roads & Highways,08/2016,11/2018,10/2026,271.17,291.2,216.61,85.08,2026-06,7.3865,95.0,27
1779,Development to 4/6-lanning of NH-31 New NH-10 with both side service roads from km 569.258 to km 581.030 end of AH-02 project on NH- 31 near Shivmandir to Sevoke Army Cantonment in districts of Darjeeling and Jalpaiguri in the state of West Bengal on EPC Mode Job No. 010/WB/2021-22/490,MoRTH,618227,West Bengal,Ministry of Road Transport & Highways,Roads & Highways,03/2022,09/2025,03/2027,995.04,1059.2,578.55,73.5,2026-06,6.448,18.0,42
1780,Construction & upgradation of existing road to 2-lane with paved shoulder including geometric improvement of Kafer- Lava More section from km 40.00 to km 61.100 of NH717-A on EPC under SARDP-NE A in state of West Bengal Pkg-VA,NHIDCL,618427,West Bengal,Ministry of Road Transport & Highways,Roads & Highways,06/2020,04/2023,07/2026,311.02,273.78,6.12,95.98,2026-06,-11.9735,39.0,34
1781,Construction & upgradation of existing road to 2-lane with paved shoulder including geometric improvement of sect. from Pedong bypass to Reshi Border km 79.700 to km 96.254 of NH-717A under SARDP-NE-A on EPC as part of Alternate connectivity to Gangtok Lava More-Reshi Border Pkg-VB,NHIDCL,618429,West Bengal,Ministry of Road Transport & Highways,Roads & Highways,06/2020,04/2022,08/2026,345.38,395.59,418.73,97.2,2026-06,14.5376,52.0,22
1782,Construction of alternative highway to Gangtok in Sikkim via Bagrakot -Chuikhim- Nimbong -Kafer-Bakhim-Algarah-Rhenock in the State of West Bengal and from Rhenok-Rorathang-Pakyong along with spur from Aritar-Rolep-Menla in the State of Sikkim from Km 0.00 to Km 13.00 of Bagrakot -Kafer section of NH 717A on EPC Mode under Phase-A of SARDP-NE in the State of West Bengal PKG- IVA,NHIDCL,618430,West Bengal,Ministry of Road Transport & Highways,Roads & Highways,03/2018,04/2022,08/2026,402.94,402.94,0.39,99.23,2026-06,0.0,52.0,49
1783,Construction of alternative highway to Gangtok in Sikkim via Bagrakot -Chuikhim- Nimbong -Kafer-Bakhim-Algarah-Rhenock in the State of West Bengal and from Rhenok-Rorathang-Pakyong along with spur from Aritar-Rolep-Menla in the State of Sikkim from Km 13.00 to Km 25.60 of Bagrakot -Kafer section of NH 717A on EPC Mode under Phase-A of SARDP-NE in the State of West Bengal PKG- IVB,NHIDCL,618431,West Bengal,Ministry of Road Transport & Highways,Roads & Highways,03/2018,04/2023,07/2026,295.97,295.97,0.0,97.73,2026-06,0.0,39.0,61
1784,Binnaguri Bypass-Descoped portion of Ghoshpukur-Dhupguri Section of NH-31Dpkg-1,NHAI,618572,West Bengal,Ministry of Road Transport & Highways,Roads & Highways,03/2025,11/2027,11/2027,309.99,306.02,2.17,2.58,2026-06,-1.2807,0.0,32
1785,Balance Works of 4L of NH-31D from Km. 113.200 to Km. 154.854 Package-II A Ghoshpukur-Salsalabari Section,NHAI,618574,West Bengal,Ministry of Road Transport & Highways,Roads & Highways,11/2023,06/2027,06/2027,1818.46,962.31,457.52,58.15,2026-06,-47.081,0.0,43
1786,6L Elevated Kona Expressway from Km. 0.145 to Km. 7.337 of NH-117,NHAI,618808,West Bengal,Ministry of Road Transport & Highways,Roads & Highways,03/2023,12/2026,12/2027,1212.56,1203.11,428.26,39.98,2026-06,-0.7793,12.0,45
1787,4 laning of Barasat - Barajaguli Section of NH-12 from Km. 31.000 to Km. 48.679 in the district of North 24 - Parganas,NHAI,618823,West Bengal,Ministry of Road Transport & Highways,Roads & Highways,02/2024,02/2026,10/2027,352.01,346.39,87.41,41.67,2026-06,-1.5965,20.0,24
1788,"Development to 4-laning of the de-scoped stretches from Km 115.342 to Km 191.700 of NH-34 in Nadia District 3.962 & Murshidabad District 5.538 pertaining to Krishnagar to Berhampore section of NH-34 New NH-12 , in the state of West Bengal under NHO.",NHAI,618824,West Bengal,Ministry of Road Transport & Highways,Roads & Highways,03/2024,01/2026,06/2027,201.1,197.74,56.97,54.02,2026-06,-1.6708,17.0,22
1789,Bridge over Ganga River at d/s of Farraka Barrage including Approaches connecting Farakka-Raiganj,NHAI,618825,West Bengal,Ministry of Road Transport & Highways,Roads & Highways,08/2018,12/2021,09/2026,622.04,646.1,623.69,96.71,2026-06,3.8679,57.0,40
1790,4L of Purulia Bypass section from Km 84.030 to Km 94.345 of NH-32,NHAI,618910,West Bengal,Ministry of Road Transport & Highways,Roads & Highways,01/2021,08/2023,09/2026,557.55,562.57,488.7,94.12,2026-06,0.9004,37.0,31
1791,"Construction of Dubrajpur Bypass with 4-lane configuration of length 5.676 km on NH- 60 new NH-14 from design chainage 0.00 existing km 316.135 on NH-60 to design chainage 5.676 existing km 320.980 on NH-60 in the district of Birbhum, West Bengal under Annual Plan 2022-23 in EPC Mode- reg. Job. No. 014-WB-2022- 23/518 .",MoRTH,619004,West Bengal,Ministry of Road Transport & Highways,Roads & Highways,03/2023,12/2027,12/2027,560.79,560.79,0.03,5.5,2026-06,0.0,0.0,57
1792,"Slope protection and landslide mitigation at 4 vulnerable locations km 1.950 to Km 2.100, km 11.100 to 11.450, km 22.435 to km 22.485 and km 22.610 to km 22.680 within Sevoke-Rangpo section of NH-10 old NH-31A in Darjeeling & Kalimpong district in the State of West Bengal on EPC mode",NHIDCL,619187,West Bengal,Ministry of Road Transport & Highways,Roads & Highways,02/2024,06/2027,06/2027,152.27,152.27,0.0,32.21,2026-06,0.0,0.0,40
1,448972.5 Department of Telecommunications Telecommunication 1793 SETTING UP OF PHYSICAL INFRASTRUCTURE FOR THE NATIONAL INSTITUTE OF COMMUNICATION FINANCE [NICF] AT GHITORNI,National Communication Academy - Finance [Erstwhile NICF],709859,Delhi,Ministry of Road Transport & Highways,Roads & Highways,10/2014,02/2020,06/2026,248.2,248.2,237.43,98.0,2026-06,0.0,76.0,64
1794,Provision of 4G based Mobile Services in Uncovered Villages and National Highways of Meghalaya,Department of Telecommunications,701598,Meghalaya,Department of Telecommunications,Telecommunication,09/2019,03/2022,06/2026,971.96,180.46,167.23,99.84,2026-06,-81.4334,51.0,30
1795,"Mobile connectivity in Left Wing Extremism [LWE] affected areas-Phase 1 Upgradation (Department of Telecommunications [DoT]) (617413) (-) (-) Multi-States (Andhra Pradesh, Bihar, Chhattisgarh, Jharkhand, Madhya Pradesh, Maharashtra, Odisha, Telangana, Uttar Pradesh, West Bengal) 04/2022 (05/2024) 05/2025 (12/2026) 1884.6 (1884.6) 376.8 98.28 1796 Mobile connectivity in Left Wing Extremism [LWE] af",Department of Telecommunications,108841,PAN India,Department of Telecommunications,Telecommunication,08/2023,06/2028,-,3742.0,3742.0,435.31,0.0,2026-06,0.0,,58
1801,Saturation 4G mobile coverage of Uncovered Villages through USOF,Department of Telecommunications [DoT],400013,PAN India,Department of Telecommunications,Telecommunication,07/2022,06/2024,03/2027,26316.0,15392.8,8553.1,85.0,2026-06,-41.5078,33.0,23
1802,4G Services by BSNL,Department of Telecommunications [DoT],701593,PAN India,Department of Telecommunications,Telecommunication,11/2020,03/2024,03/2026,28466.0,19592.0,9142.63,98.4,2026-06,-31.174,24.0,40
1803,BharatNet,Department of Telecommunications [DoT],706775,PAN India,Department of Telecommunications,Telecommunication,07/2017,08/2023,03/2027,61109.0,188000.0,48809.69,99.98,2026-06,207.647,43.0,73
1804,MPLS-IP BASED ACCESS AND AGGREGATION NETWORK [MAAN] IN BSNL ALONG WITH TEST AND MEASURING EQUIPMENT,BSNL,709856,PAN India,Department of Telecommunications,Telecommunication,05/2023,08/2024,06/2026,645.13,645.13,407.15,92.1,2026-06,0.0,22.0,15
1805,"Planning, Engineering, Supply, Installation, Testing, Commissioning, Integration & Annual Maintenance of 4G mobile network at 1 Lakh sites on PAN India basis including Mumbai & Delhi LSA on turnkey basis under Phase IX.2 Project.",BSNL,709857,PAN India,Department of Telecommunications,Telecommunication,05/2023,06/2025,09/2026,24544.55,24544.5,9143.48,98.41,2026-06,-0.0002,15.0,25
1806,Amended BharatNet Program - UP (East),Department of Telecommunications,222253,Uttar Pradesh,Department of Telecommunications,Telecommunication,08/2023,02/2028,-,5008.0,5008.0,502.0,0.0,2026-06,0.0,,54
1807,Amended BharatNet Program - UP (West),Department of Telecommunications,708687,Uttar Pradesh,Department of Telecommunications,Telecommunication,08/2023,02/2028,-,1917.0,1917.0,183.16,0.0,2026-06,0.0,,54
1808,Interception and Diversion and STP works in Bhagalpur under Hybrid annuity based PPP mode-Namami Gange Programme,National Mission for Clean Ganga,616600,Bihar,"Department of Water Resources, River Development & GR",Waste & Water,10/2017,02/2025,12/2026,413.29,413.29,126.67,97.0,2026-06,0.0,22.0,88
1809,Sewage Treatment Plant 100MLD and Sewerage Network 288 km in Digha-Patna under Hybrid annuity based PPP mode-Namami Gange Programme,National Mission for Clean Ganga,616611,Bihar,"Department of Water Resources, River Development & GR",Waste & Water,08/2017,12/2025,09/2026,824.0,824.0,403.34,59.0,2026-06,0.0,9.0,100
1810,Sewage Treatment Plant 50MLD and Sewerage Network 150 km in Kankarbagh Patna under Hybrid annuity based PPP mode Namami Gange Programme,NMCG1,616612,Bihar,"Department of Water Resources, River Development & GR",Waste & Water,08/2017,12/2025,-,578.89,578.89,171.79,55.0,2026-06,0.0,,100
1811,"Sewer Network, SPS and STP at Begusarai",National Mission for Clean Ganga,616615,Bihar,"Department of Water Resources, River Development & GR",Waste & Water,03/2010,04/2025,12/2026,230.06,230.06,261.82,97.0,2026-06,0.0,20.0,181
1812,"Sewer Networks, SPS and STP at Hajipur",National Mission for Clean Ganga,616616,Bihar,"Department of Water Resources, River Development & GR",Waste & Water,03/2010,06/2025,12/2026,305.19,305.19,346.46,95.0,2026-06,0.0,18.0,183
1813,Interception & Diversion with Rehabilitation of sewerage scheme at Agra under Hybrid annuity based PPP model-Namami Gange Programme,National Mission for Clean Ganga,616594,Uttar Pradesh,"Department of Water Resources, River Development & GR",Waste & Water,05/2020,04/2025,12/2026,842.25,842.25,208.64,84.0,2026-06,0.0,20.0,59
1814,Pollution Abatement Works for River Kali Meerut under Meerut Municipality Interception & Diversion with STP,National Mission for Clean Ganga,616605,Uttar Pradesh,"Department of Water Resources, River Development & GR",Waste & Water,05/2020,12/2024,03/2027,690.71,690.71,34.79,56.0,2026-06,0.0,27.0,55
1815,Pollution Abatement works for River Ganga at Hooghly Chinsurah- Municipal Town Interception & Diversion with STP,National Mission for Clean Ganga,616604,West Bengal,"Department of Water Resources, River Development & GR",Waste & Water,05/2018,03/2025,08/2026,154.73,154.73,102.04,94.0,2026-06,0.0,17.0,82
1816,Sardar Gouthu Latchanna Thotapalli Barrage Project,Water Resources-AP,400100,Andhra Pradesh,"Department of Water Resources, River Development & GR",Waste & Water,04/2005,12/2019,06/2026,353.05,1023.24,879.15,95.88,2026-06,189.8286,78.0,176
1817,Gundlakamma project,Water Resources-AP,400101,Andhra Pradesh,"Department of Water Resources, River Development & GR",Waste & Water,04/2005,12/2019,03/2027,397.41,697.39,624.78,98.3,2026-06,75.4838,87.0,176
1818,Polavaram Irrigation Project,Water Resources-AP,701415,Andhra Pradesh,"Department of Water Resources, River Development & GR",Waste & Water,01/2009,04/2022,03/2026,10151.04,55548.9,27726.15,86.14,2026-06,447.2237,47.0,159
1819,Borolia Irrigation Project,"Department of Water Resources, River Development & GR",701370,Assam,"Department of Water Resources, River Development & GR",Waste & Water,04/1996,12/2022,03/2026,256.16,256.16,44.7,55.44,2026-06,0.0,39.0,320
1820,Kelo Irrigation Project,Water Resources-CT,400111,Chhattisgarh,"Department of Water Resources, River Development & GR",Waste & Water,04/2008,12/2019,06/2026,459.97,727.04,620.15,73.0,2026-06,58.0625,78.0,140
1821,Kudali Irrigation Project,"Department of Water Resources, River Development & GR",701399,Chhattisgarh,"Department of Water Resources, River Development & GR",Waste & Water,04/2009,12/2025,03/2026,382.29,382.29,249.06,86.31,2026-06,0.0,3.0,200
1822,Sardar Sarovar Project,"Narmada and Water Resources, Water Supply and Kalpsar Department-GJ",701372,Gujarat,"Department of Water Resources, River Development & GR",Waste & Water,04/1996,12/2019,03/2026,20718.17,33412.5,31943.15,93.7,2026-06,61.2715,75.0,284
1823,"Subernarekha Multipurpose Project, Jharkhand",Department of Water Resources-JH,701376,Jharkhand,"Department of Water Resources, River Development & GR",Waste & Water,04/2011,12/2019,03/2026,3807.77,9579.58,6040.27,70.0,2026-06,151.5798,75.0,104
1824,Upper Tunga Irrigation Project,Water Resources-KA,701377,Karnataka,"Department of Water Resources, River Development & GR",Waste & Water,04/2014,12/2019,03/2026,770.16,1606.07,1515.6,99.32,2026-06,108.5372,75.0,68
1825,Bargi Diversion Project Phase - IV [km. 154 to km 197],Water Resources-MP,400115,Madhya Pradesh,"Department of Water Resources, River Development & GR",Waste & Water,04/2008,12/2019,03/2026,751.03,893.35,814.02,75.0,2026-06,18.95,75.0,140
1826,Bargi Diversion Project Phase - III [km. 104 to km 154],Water Resources-MP,400116,Madhya Pradesh,"Department of Water Resources, River Development & GR",Waste & Water,04/2007,12/2019,12/2026,1229.15,1399.7,2240.05,81.52,2026-06,13.8754,84.0,152
1827,Bodwad Parisar Sinchan Yojna,Department of Water Resources-MH,617422,Maharashtra,"Department of Water Resources, River Development & GR",Waste & Water,05/2002,07/2027,-,1923.81,1923.81,1949.56,49.52,2026-06,0.0,,302
1828,Waghur Project,Department of water resources-MH - II,701383,Maharashtra,"Department of Water Resources, River Development & GR",Waste & Water,04/1996,12/2019,03/2026,1058.99,1758.51,1634.36,89.57,2026-06,66.0554,75.0,284
1829,Gosikhurd Project,Department of water resources-MH - II,701386,Maharashtra,"Department of Water Resources, River Development & GR",Waste & Water,04/2008,12/2019,06/2028,7196.47,12770.1,14385.73,72.65,2026-06,77.4495,102.0,140
1830,Aruna Medium Irrigation Project,Department of water resources-MH - II,701391,Maharashtra,"Department of Water Resources, River Development & GR",Waste & Water,04/2009,12/2019,12/2025,210.45,1472.14,1734.71,100.0,2026-06,599.5201,72.0,128
1831,Lower Pedhi Project,Department of water resources-MH - II,701396,Maharashtra,"Department of Water Resources, River Development & GR",Waste & Water,04/2008,12/2019,06/2026,255.97,1480.7,3066.05,65.0,2026-06,478.4662,78.0,140
1832,Nardave Medium Irrigation Project,Department of water resources-MH - II,701398,Maharashtra,"Department of Water Resources, River Development & GR",Waste & Water,04/2009,12/2019,06/2026,211.46,781.85,879.16,74.0,2026-06,269.739,78.0,128
1833,Thoubal Multipurpose Project,Water Resources Department-MN,701400,Manipur,"Department of Water Resources, River Development & GR",Waste & Water,04/1997,12/2019,12/2026,1449.44,1822.24,1848.17,99.0,2026-06,25.7203,84.0,272
1834,"North Koel Reservoir Project (Department of Water Resources, River Development & GR) (701412) (-) (-) Multi-States (Bihar, Jharkhand) 08/2017 (01/2021) 03/2021 (03/2026) 1622.27 (2430.76) 172.97 44 1835 Ken-Betwa Linking Development Project (Department of Water Resources, River Development,) (701530) (-) (-) Multi-States (Madhya Pradesh, Uttar Pradesh) NA (03/2022) 03/2029 (-) 21030 (21030) 8530.8",Water Resources-OR,603945,Odisha,"Department of Water Resources, River Development & GR",Waste & Water,04/1997,12/2019,06/2026,567.03,2990.05,2776.23,62.85,2026-06,427.3178,78.0,272
1837,"Subernarekha Project, Odisha","Department of Water Resources, River Development & GR",701402,Odisha,"Department of Water Resources, River Development & GR",Waste & Water,12/1995,12/2019,03/2026,3055.88,7023.19,8289.65,95.5,2026-06,129.8255,75.0,288
1838,Kanupur Irrigation Project,Irrigation and CAD-TG,701404,Odisha,"Department of Water Resources, River Development & GR",Waste & Water,04/2003,12/2019,06/2026,989.43,2301.28,2804.16,79.5,2026-06,132.5864,78.0,200
1839,Relining of Rajasthan feeder and Sirhind Feeder canal,Department of Water Resources-PB,701410,Punjab,"Department of Water Resources, River Development & GR",Waste & Water,02/2016,06/2021,06/2026,1441.26,2462.16,2342.05,95.0,2026-06,70.8339,60.0,64
1840,Shahpur Kandi Dam Project,Department of Water Resources-PB,701411,Punjab,"Department of Water Resources, River Development & GR",Waste & Water,02/2010,06/2022,06/2026,2285.81,2715.7,2201.94,88.0,2026-06,18.8069,48.0,148
1841,Sri Ram Sagar Project Stage - II,Irrigation and CAD-TG,400102,Telangana,"Department of Water Resources, River Development & GR",Waste & Water,04/1996,12/2019,12/2025,736.13,949.87,971.47,97.0,2026-06,29.0356,72.0,284
1842,Indiramma Flood Flow Canal Project,Irrigation and CAD-TG,400103,Telangana,"Department of Water Resources, River Development & GR",Waste & Water,04/1996,12/2019,12/2026,1331.3,5940.09,4491.08,92.0,2026-06,346.1872,84.0,284
1843,J. Chokka Rao Devadula Lift Irrigation Scheme,Irrigation and CAD-TG,701405,Telangana,"Department of Water Resources, River Development & GR",Waste & Water,04/2006,12/2019,12/2025,8200.71,14730.0,4841.09,87.7,2026-06,79.6186,72.0,164
1844,Rajiv Bhima Lift Irrigation Scheme,Irrigation and CAD-TG,701406,Telangana,"Department of Water Resources, River Development & GR",Waste & Water,04/2007,12/2019,03/2026,1402.0,2509.66,1839.76,100.0,2026-06,79.0057,75.0,152
1845,Morna [Gureghar] Irrigation Project,"Department of Water Resources, River Development & GR",701395,Uttar Pradesh,"Department of Water Resources, River Development & GR",Waste & Water,04/2007,12/2025,-,219.9,219.9,115.2,31.5,2026-06,0.0,,224
1846,Madhya Ganga canal Phase-II,Irrigation & Water Resources-UP,701408,Uttar Pradesh,"Department of Water Resources, River Development & GR",Waste & Water,04/2008,12/2019,12/2025,1060.67,4417.21,4575.74,82.39,2026-06,316.4547,72.0,140
1847,Jamrani Dam Multipurpose Project,Irrigation-UK,613787,Uttarakhand,"Department of Water Resources, River Development & GR",Waste & Water,10/2023,06/2029,-,2584.1,2584.1,1307.15,26.22,2026-06,0.0,,68
